date,code,open,high,low,close,preclose,volume,amount,adjustflag,turn,tradestatus,pctChg,isST
2015-02-17,sz.300421,5.2307148000,6.2759032500,5.2307148000,6.2759032500,4.3573381500,17100,224537.0000,2,0.061071,1,44.030660,0
2015-02-25,sz.300421,6.9058798500,6.9058798500,6.9058798500,6.9058798500,6.2759032500,7700,111419.0000,2,0.027500,1,10.038000,0
2015-02-26,sz.300421,7.5978996000,7.5978996000,7.5978996000,7.5978996000,6.9058798500,3800,60496.0000,2,0.013571,1,10.020700,0
2015-02-27,sz.300421,8.3567350500,8.3567350500,8.3567350500,8.3567350500,7.5978996000,9300,162843.0000,2,0.033214,1,9.987400,0
2015-03-02,sz.300421,9.1919313000,9.1919313000,9.1919313000,9.1919313000,8.3567350500,34800,670248.0000,2,0.124286,1,9.994300,0
2015-03-03,sz.300421,10.1130334500,10.1130334500,10.1130334500,10.1130334500,9.1919313000,174849,3705050.0000,2,0.624461,1,10.020800,0
2015-03-04,sz.300421,10.1130334500,11.1248140500,10.0271275500,11.1248140500,10.1130334500,14972372,339309552.0000,2,53.472757,1,10.004700,0
2015-03-05,sz.300421,11.1248140500,12.2368182000,10.8241434000,12.2368182000,11.1248140500,15897670,394141248.0000,2,56.777393,1,9.995700,0
2015-03-06,sz.300421,11.9266024500,11.9313750000,11.0245905000,11.0579983500,12.2368182000,12561307,299182672.0000,2,44.861811,1,-9.633400,0
2015-03-09,sz.300421,10.9720924500,10.9720924500,10.2609825000,10.4852923500,11.0579983500,6921622,152756679.0000,2,24.720079,1,-5.179100,0
2015-03-10,sz.300421,10.4948374500,10.7716453500,10.4041590000,10.6809669000,10.4852923500,4831525,107075761.0000,2,17.255446,1,1.866200,0
2015-03-11,sz.300421,10.5568806000,11.1916297500,10.4709747000,10.9100493000,10.6809669000,6255903,142875357.0000,2,22.342511,1,2.144800,0
2015-03-12,sz.300421,11.0293630500,11.0579983500,10.4041590000,10.6046061000,10.9100493000,4937069,110411242.0000,2,17.632389,1,-2.799700,0
2015-03-13,sz.300421,10.5139276500,10.7048296500,10.4566570500,10.5998335500,10.6046061000,2858734,63358652.0000,2,10.209764,1,-0.045000,0
2015-03-16,sz.300421,10.6952845500,10.9673199000,10.6809669000,10.9243669500,10.5998335500,4610533,104962859.0000,2,16.466189,1,3.061700,0
2015-03-17,sz.300421,10.9768650000,11.2918533000,10.9339120500,11.1916297500,10.9243669500,5657435,131728858.0000,2,20.205125,1,2.446500,0
2015-03-18,sz.300421,11.0961787500,11.4398023500,11.0341356000,11.3873043000,11.1916297500,5475234,129374193.0000,2,19.554407,1,1.748400,0
2015-03-19,sz.300421,11.3968494000,11.5734337500,11.2202650500,11.5447984500,11.3873043000,5494230,131548492.0000,2,19.622250,1,1.383100,0
2015-03-20,sz.300421,11.5495710000,11.8502416500,11.5113906000,11.6832024000,11.5447984500,5204351,127240409.0000,2,18.586968,1,1.198800,0
2015-03-23,sz.300421,11.7929710500,11.9791005000,11.6354769000,11.9266024500,11.6832024000,4942517,122016690.0000,2,17.651846,1,2.083300,0
2015-03-24,sz.300421,11.7166102500,11.7643357500,11.0579983500,11.4875278500,11.9266024500,6690715,161219707.0000,2,23.895411,1,-3.681500,0
2015-03-25,sz.300421,11.4445749000,11.5972965000,11.2107199500,11.5161631500,11.4875278500,4773380,114357031.0000,2,17.047786,1,0.249300,0
2015-03-26,sz.300421,11.4350298000,11.7404730000,11.2870807500,11.6211592500,11.5161631500,5305279,128606257.0000,2,18.947425,1,0.911700,0
2015-03-27,sz.300421,11.5447984500,11.5686612000,11.3252611500,11.4827553000,11.6211592500,3439847,82557667.0000,2,12.285168,1,-1.191000,0
2015-03-30,sz.300421,11.3777592000,11.5972965000,11.3682141000,11.5400259000,11.4827553000,3037754,72880723.0000,2,10.849121,1,0.498800,0
2015-03-31,sz.300421,11.4636651000,11.7022926000,11.4588925500,11.4970729500,11.5400259000,2791865,67692826.0000,2,9.970946,1,-0.372200,0
2015-04-01,sz.300421,11.4302572500,12.1175044500,11.4302572500,11.9218299000,11.4970729500,5903762,145432909.0000,2,21.084864,1,3.694500,0
2015-04-02,sz.300421,11.8311514500,12.0984142500,11.7834259500,12.0506887500,11.9218299000,5327196,133069325.0000,2,19.025700,1,1.080900,0
2015-04-03,sz.300421,11.9122848000,12.9765634500,11.9027397000,12.5470339500,12.0506887500,7137703,186027131.0000,2,25.491796,1,4.118800,0
2015-04-07,sz.300421,12.5470339500,12.9861085500,12.4324927500,12.8858850000,12.5470339500,5205563,138201475.0000,2,18.591296,1,2.700600,0
2015-04-08,sz.300421,12.9145203000,12.9717909000,11.9313750000,12.3513594000,12.8858850000,5668670,147854324.0000,2,20.245250,1,-4.148200,0
2015-04-09,sz.300421,12.2988613500,12.6949830000,11.7881985000,12.6233947500,12.3513594000,4835239,123874587.0000,2,17.268711,1,2.202500,0
2015-04-10,sz.300421,12.4086300000,13.0672419000,12.3370417500,12.7713438000,12.6233947500,4276380,114836223.0000,2,15.272786,1,1.172000,0
2015-04-13,sz.300421,12.7808889000,13.6494930000,12.6949830000,13.3774576500,12.7713438000,5585210,153667780.0000,2,19.947179,1,4.745900,0
2015-04-14,sz.300421,13.3440498000,14.0456146500,13.2008733000,13.4013204000,13.3774576500,5892856,168749862.0000,2,21.045914,1,0.178400,0
2015-04-15,sz.300421,13.4204106000,13.4490459000,12.5518065000,12.5804418000,13.4013204000,4253320,114709216.0000,2,15.190429,1,-6.125400,0
2015-04-16,sz.300421,12.5804418000,12.9049752000,12.2511358500,12.7427085000,12.5804418000,2638757,70300940.0000,2,9.424132,1,1.289800,0
2015-04-17,sz.300421,12.8667948000,13.0195164000,12.6472575000,12.6902104500,12.7427085000,2673709,71664865.0000,2,9.548961,1,-0.412000,0
2015-04-20,sz.300421,12.6902104500,12.6902104500,12.0793240500,12.0936417000,12.6902104500,3098577,80483961.0000,2,11.066346,1,-4.701000,0
2015-04-21,sz.300421,12.0984142500,12.6281673000,12.0984142500,12.6233947500,12.0936417000,2376966,61866961.0000,2,8.489164,1,4.380400,0
2015-04-22,sz.300421,12.7379359500,13.2104184000,12.7331634000,12.9574732500,12.6233947500,3002083,81985590.0000,2,10.721725,1,2.646500,0
2015-04-23,sz.300421,12.9527007000,13.2104184000,12.6949830000,13.0004262000,12.9574732500,3103496,84438746.0000,2,11.083914,1,0.331500,0
2015-04-24,sz.300421,12.7856614500,13.2915517500,12.4849908000,13.1913282000,13.0004262000,5271333,141657591.0000,2,18.826189,1,1.468400,0
2015-04-27,sz.300421,13.4108655000,14.5085520000,13.4108655000,14.5085520000,13.1913282000,8966323,262353606.0000,2,32.022582,1,9.985500,0
2015-04-28,sz.300421,15.0335325000,15.0383050500,13.5540420000,13.8117597000,14.5085520000,8279231,246419470.0000,2,29.568682,1,-4.802600,0
2015-04-29,sz.300421,13.3488223500,14.1649284000,13.1817831000,13.9119832500,13.8117597000,4742086,136592434.0000,2,16.936021,1,0.725600,0
2015-04-30,sz.300421,13.9119832500,14.4131010000,13.5922224000,13.5922224000,13.9119832500,4384499,129055686.0000,2,15.658925,1,-2.298500,0
2015-05-04,sz.300421,13.6447204500,14.0647048500,13.3631400000,14.0122068000,13.5922224000,3172771,91545834.0000,2,11.331325,1,3.089900,0
2015-05-05,sz.300421,14.1028852500,14.2556068500,13.3631400000,14.0265244500,14.0122068000,3776616,110526947.0000,2,13.487914,1,0.102200,0
2015-05-06,sz.300421,14.1172029000,14.4846892500,13.7258538000,13.8403950000,14.0265244500,4362568,129371925.0000,2,15.580600,1,-1.327000,0
2015-05-07,sz.300421,13.7258538000,13.7401714500,13.0958772000,13.1197399500,13.8403950000,3220785,90682230.0000,2,11.502804,1,-5.206900,0
2015-05-08,sz.300421,13.3726851000,13.8260773500,13.3058694000,13.8165322500,13.1197399500,2983256,84643297.0000,2,10.654486,1,5.311000,0
2015-05-11,sz.300421,13.8403950000,14.9237638500,13.8403950000,14.7996775500,13.8165322500,5545427,168459248.0000,2,19.805096,1,7.115700,0
2015-05-12,sz.300421,14.8187677500,15.6062385000,14.6803638000,15.3628384500,14.7996775500,6308581,199936460.0000,2,22.530646,1,3.805200,0
2015-05-13,sz.300421,14.9523991500,15.4391992500,14.3224225500,15.1480737000,15.3628384500,4213876,132492085.0000,2,15.049557,1,-1.397900,0
2015-05-14,sz.300421,15.0812580000,16.6609720500,15.0812580000,16.6609720500,15.1480737000,7068891,240647944.0000,2,25.246039,1,9.987400,0
2015-05-15,sz.300421,16.7421054000,18.2884116000,15.8066856000,17.5200310500,16.6609720500,7745841,273832976.0000,2,27.663718,1,5.156100,0
2015-05-18,sz.300421,17.6202546000,19.2715569000,17.6202546000,19.2715569000,17.5200310500,5265031,208934332.0000,2,18.803682,1,9.997300,0
2015-05-19,sz.300421,20.5219650000,21.1805769000,18.8038470000,19.7917648500,19.2715569000,7514156,310423344.0000,2,26.836271,1,2.699400,0
2015-05-20,sz.300421,19.4433687000,21.2378475000,19.3765530000,19.4720040000,19.7917648500,5464866,231919311.0000,2,19.517379,1,-1.615600,0
2015-05-21,sz.300421,19.2333765000,20.0399374500,18.1356900000,19.8060825000,19.4720040000,4648385,189756778.0000,2,16.601375,1,1.715700,0
2015-05-22,sz.300421,19.9826668500,20.4742395000,18.9947490000,20.1878865000,19.8060825000,5163298,215570641.0000,2,18.440350,1,1.927700,0
2015-05-25,sz.300421,19.2333765000,22.2066751500,19.0902000000,22.2066751500,20.1878865000,5180177,229275259.0000,2,18.500632,1,10.000000,0
2015-05-26,sz.300421,22.2066751500,22.2066751500,22.2066751500,22.2066751500,22.2066751500,0,0.0000,2,,0,0.000000,0
2015-05-27,sz.300421,22.2066751500,22.2066751500,22.2066751500,22.2066751500,22.2066751500,0,0.0000,2,,0,0.000000,0
2015-05-28,sz.300421,22.2066638200,22.2066638200,22.2066638200,22.2066638200,22.2066638200,0,0.0000,2,,0,0.000000,0
2015-05-29,sz.300421,22.2066638200,22.2066638200,22.2066638200,22.2066638200,22.2066638200,0,0.0000,2,,0,0.000000,0
2015-06-01,sz.300421,22.2066638200,22.2066638200,22.2066638200,22.2066638200,22.2066638200,0,0.0000,2,,0,0.000000,0
2015-06-02,sz.300421,22.2066638200,22.2066638200,22.2066638200,22.2066638200,22.2066638200,0,0.0000,2,,0,0.000000,0
2015-06-03,sz.300421,22.2066638200,22.2066638200,22.2066638200,22.2066638200,22.2066638200,0,0.0000,2,,0,0.000000,0
2015-06-04,sz.300421,22.2066638200,22.2066638200,22.2066638200,22.2066638200,22.2066638200,0,0.0000,2,,0,0.000000,0
2015-06-05,sz.300421,22.2066638200,22.2066638200,22.2066638200,22.2066638200,22.2066638200,0,0.0000,2,,0,0.000000,0
2015-06-08,sz.300421,22.2066638200,22.2066638200,22.2066638200,22.2066638200,22.2066638200,0,0.0000,2,,0,0.000000,0
2015-06-09,sz.300421,22.2066638200,22.2066638200,22.2066638200,22.2066638200,22.2066638200,0,0.0000,2,,0,0.000000,0
2015-06-10,sz.300421,22.2066638200,22.2066638200,22.2066638200,22.2066638200,22.2066638200,0,0.0000,2,,0,0.000000,0
2015-06-11,sz.300421,22.2066638200,22.2066638200,22.2066638200,22.2066638200,22.2066638200,0,0.0000,2,,0,0.000000,0
2015-06-12,sz.300421,22.2066638200,22.2066638200,22.2066638200,22.2066638200,22.2066638200,0,0.0000,2,,0,0.000000,0
2015-06-15,sz.300421,22.2066638200,22.2066638200,22.2066638200,22.2066638200,22.2066638200,0,0.0000,2,,0,0.000000,0
2015-06-16,sz.300421,22.2066638200,22.2066638200,22.2066638200,22.2066638200,22.2066638200,0,0.0000,2,,0,0.000000,0
2015-06-17,sz.300421,22.2066638200,22.2066638200,22.2066638200,22.2066638200,22.2066638200,0,0.0000,2,,0,0.000000,0
2015-06-18,sz.300421,22.2066638200,22.2066638200,22.2066638200,22.2066638200,22.2066638200,0,0.0000,2,,0,0.000000,0
2015-06-19,sz.300421,22.2066638200,22.2066638200,22.2066638200,22.2066638200,22.2066638200,0,0.0000,2,,0,0.000000,0
2015-06-23,sz.300421,22.2066638200,22.2066638200,22.2066638200,22.2066638200,22.2066638200,0,0.0000,2,,0,0.000000,0
2015-06-24,sz.300421,22.2066638200,22.2066638200,22.2066638200,22.2066638200,22.2066638200,0,0.0000,2,,0,0.000000,0
2015-06-25,sz.300421,22.2066638200,22.2066638200,22.2066638200,22.2066638200,22.2066638200,0,0.0000,2,,0,0.000000,0
2015-06-26,sz.300421,22.2066638200,22.2066638200,22.2066638200,22.2066638200,22.2066638200,0,0.0000,2,,0,0.000000,0
2015-06-29,sz.300421,22.2066638200,22.2066638200,22.2066638200,22.2066638200,22.2066638200,0,0.0000,2,,0,0.000000,0
2015-06-30,sz.300421,22.2066638200,22.2066638200,22.2066638200,22.2066638200,22.2066638200,0,0.0000,2,,0,0.000000,0
2015-07-01,sz.300421,22.2066638200,22.2066638200,22.2066638200,22.2066638200,22.2066638200,0,0.0000,2,,0,0.000000,0
2015-07-02,sz.300421,22.2066638200,22.2066638200,22.2066638200,22.2066638200,22.2066638200,0,0.0000,2,,0,0.000000,0
2015-07-03,sz.300421,22.2066638200,22.2066638200,22.2066638200,22.2066638200,22.2066638200,0,0.0000,2,,0,0.000000,0
2015-07-06,sz.300421,22.2066638200,22.2066638200,22.2066638200,22.2066638200,22.2066638200,0,0.0000,2,,0,0.000000,0
2015-07-07,sz.300421,22.2066638200,22.2066638200,22.2066638200,22.2066638200,22.2066638200,0,0.0000,2,,0,0.000000,0
2015-07-08,sz.300421,22.2066638200,22.2066638200,22.2066638200,22.2066638200,22.2066638200,0,0.0000,2,,0,0.000000,0
2015-07-09,sz.300421,22.2066638200,22.2066638200,22.2066638200,22.2066638200,22.2066638200,0,0.0000,2,,0,0.000000,0
2015-07-10,sz.300421,22.2066638200,22.2066638200,22.2066638200,22.2066638200,22.2066638200,0,0.0000,2,,0,0.000000,0
2015-07-13,sz.300421,22.2066638200,22.2066638200,22.2066638200,22.2066638200,22.2066638200,0,0.0000,2,,0,0.000000,0
2015-07-14,sz.300421,19.9864769600,19.9864769600,19.9864769600,19.9864769600,22.2066638200,235400,9811472.0000,2,0.840714,1,-9.997800,0
2015-07-15,sz.300421,17.9868702200,17.9868702200,17.9868702200,17.9868702200,19.9864769600,10300,386353.0000,2,0.036786,1,-10.004800,0
2015-07-16,sz.300421,16.1886627200,17.6512048200,16.1886627200,16.1886627200,17.9868702200,8787212,298140592.0000,2,31.382900,1,-9.997300,0
2015-07-17,sz.300421,15.5844650000,16.7736795600,14.6254210000,15.8625877600,16.1886627200,8701450,281970192.0000,2,31.076607,1,-2.014200,0
2015-07-20,sz.300421,15.3494992200,15.7762738000,14.5055405000,14.6733732000,15.8625877600,6033418,191581903.0000,2,21.547921,1,-7.497000,0
2015-07-21,sz.300421,14.3856600000,15.4885606000,13.9540902000,15.1912569600,14.6733732000,4507043,139177399.0000,2,16.096582,1,3.529400,0
2015-07-22,sz.300421,14.8651820000,15.3303183400,14.3137317000,15.0330147000,15.1912569600,3814433,118538027.0000,2,13.622975,1,-1.041700,0
2015-07-23,sz.300421,14.9323150800,16.5387137800,14.8651820000,16.5387137800,15.0330147000,6441049,215546727.0000,2,23.003746,1,10.016000,0
2015-07-24,sz.300421,16.4667854800,17.0182357800,15.5029462600,15.7522977000,16.5387137800,6338920,218320772.0000,2,22.639000,1,-4.755000,0
2015-07-27,sz.300421,15.0761716800,15.8146355600,14.1794655400,14.1794655400,15.7522977000,4138540,130014323.0000,2,14.780500,1,-9.984800,0
2015-07-28,sz.300421,12.8032374000,14.0020424000,12.7600804200,12.9710701000,14.1794655400,4480540,121743743.0000,2,16.001929,1,-8.522200,0
2015-07-29,sz.300421,13.3642781400,14.1315133400,12.7073330000,14.0931515800,12.9710701000,3664424,101617214.0000,2,13.087229,1,8.650600,0
2015-07-30,sz.300421,13.8485953600,15.0090386000,13.2779641800,13.7910527200,14.0931515800,4406603,131342596.0000,2,15.737868,1,-2.143600,0
2015-07-31,sz.300421,13.3307116000,14.6062401200,13.1868550000,14.1890559800,13.7910527200,3726660,109449922.0000,2,13.309500,1,2.886000,0
2015-08-03,sz.300421,14.2897556000,14.7692776000,13.4505921000,14.5534927000,14.1890559800,3557742,104913528.0000,2,12.706221,1,2.568400,0
2015-08-04,sz.300421,14.7692776000,15.2487996000,14.3856600000,15.1864617400,14.5534927000,4708489,146418511.0000,2,16.816032,1,4.349300,0
2015-08-05,sz.300421,14.9275198600,15.3447040000,14.6206257800,14.8172298000,15.1864617400,4507134,140863594.0000,2,16.096907,1,-2.431300,0
2015-08-06,sz.300421,14.5295166000,14.5295166000,14.0020424000,14.0835611400,14.8172298000,2411779,71779891.0000,2,8.613496,1,-4.951500,0
2015-08-07,sz.300421,13.9972471800,14.7069397400,13.9972471800,14.6637827600,14.0835611400,2053564,62142375.0000,2,7.334157,1,4.119800,0
2015-08-10,sz.300421,14.8076393600,15.3207279000,14.8028441400,15.2104378400,14.6637827600,2851725,89633524.0000,2,10.184732,1,3.727900,0
2015-08-11,sz.300421,15.0905573400,16.0304204600,15.0905573400,15.8194307800,15.2104378400,4234948,138805761.0000,2,15.124814,1,4.003800,0
2015-08-12,sz.300421,15.4885606000,16.2701814600,15.4406084000,15.6659837400,15.8194307800,3160862,104852602.0000,2,11.288793,1,-0.970000,0
2015-08-13,sz.300421,15.5556936800,15.9584921600,15.2487996000,15.8386116600,15.6659837400,2882711,94141587.0000,2,10.295396,1,1.101900,0
2015-08-14,sz.300421,16.0879631000,16.1023487600,15.6228267600,15.6611885200,15.8386116600,2573689,84634600.0000,2,9.191746,1,-1.120200,0
2015-08-17,sz.300421,15.6324172000,15.9920587000,15.4406084000,15.7043455000,15.6611885200,2034667,67045868.0000,2,7.266668,1,0.275600,0
2015-08-18,sz.300421,15.7043455000,15.8194307800,14.1363085600,14.1363085600,15.7043455000,2494538,78224191.0000,2,8.909064,1,-9.984700,0
2015-08-19,sz.300421,13.4266160000,14.4815644000,12.8991418000,14.2322129600,14.1363085600,2206318,63100254.0000,2,7.879707,1,0.678400,0
2015-08-20,sz.300421,14.2178273000,14.6781684200,13.9349093200,13.9876567400,14.2322129600,2035018,61055209.0000,2,7.267921,1,-1.718300,0
2015-08-21,sz.300421,14.3377078000,14.6637827600,13.6615817800,13.7143292000,13.9876567400,2527109,74769008.0000,2,9.025389,1,-1.954100,0
2015-08-24,sz.300421,12.4627767800,12.9470940000,12.3428962800,12.3428962800,13.7143292000,1522489,39404255.0000,2,5.437461,1,-10.000000,0
2015-08-25,sz.300421,11.1153199600,11.9353025800,11.1105247400,11.1105247400,12.3428962800,2748991,64442338.0000,2,9.817825,1,-9.984500,0
2015-08-26,sz.300421,11.2687670000,11.8154220800,10.3864465200,10.8803541800,11.1105247400,2763047,64575773.0000,2,9.868025,1,-2.071600,0
2015-08-27,sz.300421,11.0385964400,11.5085280000,10.6357979600,11.4509853600,10.8803541800,2222603,51853611.0000,2,7.937868,1,5.244600,0
2015-08-28,sz.300421,11.7243129000,12.4435959000,11.3694666200,12.2757632000,11.4509853600,2358555,58086292.0000,2,8.423411,1,7.202700,0
2015-08-31,sz.300421,12.0360022000,12.1606779200,11.2687670000,11.2879478800,12.2757632000,1350109,33065449.0000,2,4.821818,1,-8.046900,0
2015-09-01,sz.300421,11.1728626000,11.1776578200,10.1610711800,10.2138186000,11.2879478800,1720317,37679920.0000,2,6.143989,1,-9.515700,0
2015-09-02,sz.300421,9.7342966000,10.7796545600,9.5904400000,9.7342966000,10.2138186000,1580310,33290042.0000,2,5.643964,1,-4.694800,0
2015-09-07,sz.300421,10.0172145800,10.4919413600,9.7007300600,9.9980337000,9.7342966000,1426759,30062535.0000,2,5.095568,1,2.709400,0
2015-09-08,sz.300421,10.0651667800,10.7364975800,9.8877436400,10.7269071400,9.9980337000,1691247,36735283.0000,2,6.040168,1,7.290200,0
2015-09-09,sz.300421,10.7892450000,11.4461901400,10.6981358200,11.3838522800,10.7269071400,2440062,56707992.0000,2,8.714507,1,6.124300,0
2015-09-10,sz.300421,11.1249104000,11.3646714000,11.0338012200,11.1824530400,11.3838522800,1373301,32060066.0000,2,4.904646,1,-1.769200,0
2015-09-11,sz.300421,11.1824530400,11.4126236000,11.0865486400,11.3886475000,11.1824530400,1259590,29645702.0000,2,4.498536,1,1.843900,0
2015-09-14,sz.300421,11.4030331600,11.4605758000,10.2521803600,10.2521803600,11.3886475000,1464357,32915896.0000,2,5.229846,1,-9.979000,0
2015-09-15,sz.300421,10.0699620000,10.3336991000,9.2595698200,9.3362933400,10.2521803600,1144310,23217441.0000,2,4.086821,1,-8.933600,0
2015-09-16,sz.300421,9.4993308200,10.2713612400,9.4993308200,10.2713612400,9.3362933400,1702607,35150278.0000,2,6.080739,1,10.015400,0
2015-09-17,sz.300421,10.2953373400,10.7604736800,9.9692623800,9.9932384800,10.2713612400,1676794,36220866.0000,2,5.988550,1,-2.707700,0
2015-09-18,sz.300421,10.2521803600,10.4535796000,9.9309006200,10.3816513000,9.9932384800,927066,19674958.0000,2,3.310950,1,3.886800,0
2015-09-21,sz.300421,10.2138186000,10.8419924200,10.1083237600,10.8371972000,10.3816513000,1433415,31757472.0000,2,5.119339,1,4.388000,0
2015-09-22,sz.300421,10.9283063800,11.2783574400,10.8419924200,11.2016339200,10.8371972000,2344235,54382216.0000,2,8.372268,1,3.362800,0
2015-09-23,sz.300421,10.9378968200,11.2687670000,10.9378968200,11.0769582000,11.2016339200,1647718,38123897.0000,2,5.884707,1,-1.113000,0
2015-09-24,sz.300421,11.1105247400,11.4557805800,11.0433916600,11.2495861200,11.0769582000,1301011,30593599.0000,2,4.646468,1,1.558400,0
2015-09-25,sz.300421,11.0529821000,11.2256100200,10.3193134400,10.5207126800,11.2495861200,1192523,26819415.0000,2,4.259011,1,-6.479100,0
2015-09-28,sz.300421,10.6885453800,11.0194155600,10.4296035000,10.9714633600,10.5207126800,1113746,25081506.0000,2,3.977664,1,4.284400,0
2015-09-29,sz.300421,10.7652689000,11.0002346800,10.6981358200,10.8851494000,10.9714633600,1085133,24555625.0000,2,3.875475,1,-0.786700,0
2015-09-30,sz.300421,10.9810538000,11.5133232200,10.9331016000,11.3071287600,10.8851494000,1790925,42082851.0000,2,6.396161,1,3.876600,0
2015-10-08,sz.300421,11.6523846000,11.9017360400,11.5085280000,11.7051320200,11.3071287600,1915386,46816335.0000,2,6.840664,1,3.519900,0
2015-10-09,sz.300421,11.7386985600,11.8777599400,11.6044324000,11.8441934000,11.7051320200,1294282,31841398.0000,2,4.622436,1,1.188000,0
2015-10-12,sz.300421,11.9353025800,12.5059337600,11.8441934000,12.4340054600,11.8441934000,2007444,51468493.0000,2,7.169443,1,4.979800,0
2015-10-13,sz.300421,12.2853536400,12.6881521200,12.2661727600,12.6881521200,12.4340054600,1557027,40692942.0000,2,5.560811,1,2.044000,0
2015-10-14,sz.300421,12.6114286000,12.8799609200,12.4675720000,12.5490907400,12.6881521200,1613506,42384053.0000,2,5.762521,1,-1.096000,0
2015-10-15,sz.300421,12.5538859600,13.2443976400,12.3381010600,13.0669745000,12.5490907400,2155002,58450334.0000,2,7.696436,1,4.126900,0
2015-10-16,sz.300421,13.2827594000,13.4218207800,12.8559848200,13.3546877000,13.0669745000,2857714,78291487.0000,2,10.206121,1,2.201800,0
2015-10-19,sz.300421,13.3546877000,13.6615817800,12.9518892200,13.1868550000,13.3546877000,1406475,39091862.0000,2,5.023125,1,-1.256700,0
2015-10-20,sz.300421,13.0957458200,14.1315133400,13.0957458200,14.0691754800,13.1868550000,2233961,64277089.0000,2,7.978432,1,6.690900,0
2015-10-21,sz.300421,13.9732710800,14.1458990000,12.6881521200,12.9470940000,14.0691754800,2706051,76168141.0000,2,9.664468,1,-7.975500,0
2015-10-22,sz.300421,12.9950462000,13.5512917200,12.7600804200,13.4889538600,12.9470940000,1817063,50154858.0000,2,6.489511,1,4.185200,0
2015-10-23,sz.300421,13.4170255600,13.8102336000,13.2348072000,13.7526909600,13.4889538600,1843658,51981070.0000,2,6.584493,1,1.955200,0
2015-10-26,sz.300421,14.4815644000,14.4815644000,13.6232200200,13.8342097000,13.7526909600,1580481,45859156.0000,2,5.644575,1,0.592700,0
2015-10-27,sz.300421,13.6471961200,14.1890559800,13.0429984000,14.0883563600,13.8342097000,1767109,50267843.0000,2,6.311104,1,1.837100,0
2015-10-28,sz.300421,13.8821619000,14.6158305600,13.7143292000,14.2657795000,14.0883563600,2333103,69463935.0000,2,8.332511,1,1.259400,0
2015-10-29,sz.300421,14.5726735800,14.6110353400,14.2082368600,14.4671787400,14.2657795000,1536208,46208063.0000,2,5.486457,1,1.411800,0
2015-10-30,sz.300421,14.4144313200,14.6158305600,14.0595850400,14.4671787400,14.4671787400,1097624,32883125.0000,2,3.920086,1,0.000000,0
2015-11-02,sz.300421,14.1938512000,15.1049430000,13.9061380000,14.5678783600,14.4671787400,1417494,43612194.0000,2,5.062479,1,0.696100,0
2015-11-03,sz.300421,14.5726735800,15.1337143200,14.1794655400,15.1337143200,14.5678783600,2209161,68086919.0000,2,7.889861,1,3.884100,0
2015-11-04,sz.300421,15.4406084000,15.6228267600,15.0090386000,15.5796697800,15.1337143200,2279918,73229926.0000,2,8.142564,1,2.946800,0
2015-11-05,sz.300421,15.5940554400,15.8529973200,15.2967518000,15.4597892800,15.5796697800,1793350,58138112.0000,2,6.404821,1,-0.769500,0
2015-11-06,sz.300421,15.3830657600,16.4476046000,15.3830657600,16.4236285000,15.4597892800,2788074,92909647.0000,2,9.957407,1,6.234500,0
2015-11-09,sz.300421,16.3037480000,17.4737816800,15.9249256200,17.1860684800,16.4236285000,3133291,110084842.0000,2,11.190325,1,4.642300,0
2015-11-10,sz.300421,16.9750788000,17.2627920000,16.6681847200,17.0661879800,17.1860684800,2179253,77140275.0000,2,7.783046,1,-0.697500,0
2015-11-11,sz.300421,17.0230310000,18.7732863000,16.9367170400,18.7732863000,17.0661879800,3150366,119061419.0000,2,11.251307,1,10.002800,0
2015-11-12,sz.300421,19.1329278000,20.5954699000,18.5479109600,20.4755894000,18.7732863000,4551186,184096465.0000,2,16.254236,1,9.067700,0
2015-11-13,sz.300421,20.3796850000,20.3796850000,18.4280304600,18.4280304600,20.4755894000,3663208,146232546.0000,2,13.082886,1,-10.000000,0
2015-11-16,sz.300421,17.6607952600,19.1712895600,17.3155394200,18.8356241600,18.4280304600,2827463,109207411.0000,2,10.098082,1,2.211800,0
2015-11-17,sz.300421,18.8691907000,20.6194460000,18.2745834200,18.9890712000,18.8356241600,3835917,155975098.0000,2,13.699704,1,0.814700,0
2015-11-18,sz.300421,19.1808800000,19.4637979800,17.8717849400,17.9964606600,18.9890712000,2216407,85755717.0000,2,7.915739,1,-5.227300,0
2015-11-19,sz.300421,18.4615970000,18.9411190000,17.8478088400,18.7013580000,17.9964606600,2484414,95162054.0000,2,8.872907,1,3.916900,0
2015-11-20,sz.300421,18.8931668000,20.2837806000,18.4184400200,19.9577056400,18.7013580000,4185200,167696135.0000,2,14.947143,1,6.717900,0
2015-11-23,sz.300421,19.6987637600,20.3317328000,18.8212385000,19.1377230200,19.9577056400,3270314,133419217.0000,2,11.679693,1,-4.108600,0
2015-11-24,sz.300421,19.1521086800,20.0440196000,18.4663922200,19.9001630000,19.1377230200,3161126,127194950.0000,2,11.289736,1,3.984000,0
2015-11-25,sz.300421,19.8522108000,19.8953677800,19.3966649000,19.6268354600,19.9001630000,2216074,90770448.0000,2,7.914550,1,-1.373500,0
2015-11-26,sz.300421,19.6604020000,20.1639001000,18.8691907000,18.8691907000,19.6268354600,2528335,103121207.0000,2,9.029768,1,-3.860300,0
2015-11-27,sz.300421,18.8643954800,18.9219381200,17.0086453400,17.2196350200,18.8691907000,2426081,91633982.0000,2,8.664575,1,-8.742100,0
2015-11-30,sz.300421,17.2196350200,18.3417165000,16.5818707600,18.1499077000,17.2196350200,2440895,88995406.0000,2,8.717482,1,5.402400,0
2015-12-01,sz.300421,18.0779794000,18.8548050400,17.8478088400,18.1978599000,18.1499077000,1951886,74582194.0000,2,6.971021,1,0.264200,0
2015-12-02,sz.300421,17.9820750000,19.1569039000,16.6106420800,18.1978599000,18.1978599000,1438436,53270249.0000,2,5.137271,1,0.000000,0
2015-12-03,sz.300421,18.2697882000,19.5740880400,18.1499077000,19.4637979800,18.1978599000,2942682,117128805.0000,2,10.509579,1,6.956500,0
2015-12-04,sz.300421,19.2719891800,19.3487127000,18.5766822800,19.0609995000,19.4637979800,2108875,83832050.0000,2,7.531696,1,-2.069500,0
2015-12-07,sz.300421,19.0609995000,19.9912721800,18.9411190000,19.0609995000,19.0609995000,2330652,93414554.0000,2,8.323757,1,0.000000,0
2015-12-08,sz.300421,19.0849756000,19.0849756000,18.1738838000,18.4999587600,19.0609995000,1706294,66058953.0000,2,6.093907,1,-2.943400,0
2015-12-09,sz.300421,18.5431157400,18.5431157400,17.7614948800,17.8717849400,18.4999587600,1165319,44115612.0000,2,4.161854,1,-3.395500,0
2015-12-10,sz.300421,17.7327235600,18.1163411600,17.6560000400,17.7087474600,17.8717849400,877960,32776718.0000,2,3.135571,1,-0.912300,0
2015-12-11,sz.300421,17.6464096000,17.8813753800,17.5313243200,17.7183379000,17.7087474600,686175,25417757.0000,2,2.450625,1,0.054200,0
2015-12-14,sz.300421,17.5313243200,18.4568017800,17.4450103600,18.2745834200,17.7183379000,849552,31723344.0000,2,3.034114,1,3.139400,0
2015-12-15,sz.300421,18.3225356200,18.4328256800,17.9341228000,18.0779794000,18.2745834200,892612,33867888.0000,2,3.187900,1,-1.075800,0
2015-12-16,sz.300421,18.3177404000,18.7493102000,17.9868702200,18.4520065600,18.0779794000,1162098,44814466.0000,2,4.150350,1,2.069000,0
2015-12-17,sz.300421,18.6534058000,19.2192417600,18.5383205200,19.1425182400,18.4520065600,2075651,82101372.0000,2,7.413039,1,3.742200,0
2015-12-18,sz.300421,19.1473134600,19.1569039000,18.6054536000,18.7061532200,19.1425182400,1367045,53636510.0000,2,4.882304,1,-2.279600,0
2015-12-21,sz.300421,18.6917675600,19.8905725600,18.4759826600,19.6604020000,18.7061532200,2832623,113999825.0000,2,10.116511,1,5.101300,0
2015-12-22,sz.300421,19.7467159600,19.7467159600,19.1808800000,19.4973645200,19.6604020000,1682537,68081922.0000,2,6.009061,1,-0.829300,0
2015-12-23,sz.300421,19.5644976000,19.8618012400,19.1808800000,19.2719891800,19.4973645200,1675974,68090208.0000,2,5.985621,1,-1.155900,0
2015-12-24,sz.300421,18.8452146000,19.8857773400,18.8452146000,19.8282347000,19.2719891800,1759393,71428166.0000,2,6.283546,1,2.886300,0
2015-12-25,sz.300421,19.7371255200,20.1639001000,19.4206410000,19.5884737000,19.8282347000,1925126,79603193.0000,2,6.875450,1,-1.209200,0
2015-12-28,sz.300421,19.7467159600,19.7467159600,18.6438153600,18.6582010200,19.5884737000,1710451,68304287.0000,2,6.108754,1,-4.749100,0
2015-12-29,sz.300421,18.6006583800,18.8739859200,18.2506073200,18.8691907000,18.6582010200,787466,30508370.0000,2,2.812379,1,1.130800,0
2015-12-30,sz.300421,18.8691907000,19.0370234000,18.7684910800,18.9171429000,18.8691907000,680346,26877020.0000,2,2.429807,1,0.254100,0
2015-12-31,sz.300421,18.9459142200,19.0130473000,18.2362216600,18.2410168800,18.9171429000,793050,30697014.0000,2,2.832321,1,-3.574100,0
2016-01-04,sz.300421,18.4136448000,18.4136448000,16.4188332800,16.4188332800,18.2410168800,834800,30076102.0000,2,2.981429,1,-9.989500,0
2016-01-05,sz.300421,15.3015470200,16.7497034600,14.8699772200,15.7091407200,16.4188332800,1299703,42776967.0000,2,4.641796,1,-4.322400,0
2016-01-06,sz.300421,15.7283216000,16.2414101400,15.5269223600,16.2030483800,15.7091407200,1249889,41449711.0000,2,4.463889,1,3.144100,0
2016-01-07,sz.300421,15.9345160600,15.9345160600,14.5822640200,14.5918544600,16.2030483800,323000,10121440.0000,2,1.153571,1,-9.943800,0
2016-01-08,sz.300421,15.2823661400,15.2919565800,13.7622814000,14.4144313200,14.5918544600,1281982,39260702.0000,2,4.578507,1,-1.215900,0
2016-01-11,sz.300421,14.1363085600,14.1363085600,12.9710701000,12.9710701000,14.4144313200,1416153,39844917.0000,2,5.057689,1,-10.013300,0
2016-01-12,sz.300421,12.9470940000,13.3307116000,12.7840565200,13.1341075800,12.9710701000,941789,25783687.0000,2,3.363532,1,1.256900,0
2016-01-13,sz.300421,13.2731689600,13.4745682000,12.7121282200,12.7121282200,13.1341075800,823613,22601883.0000,2,2.941475,1,-3.212800,0
2016-01-14,sz.300421,12.3189201800,13.5129299600,12.2326062200,13.4074351200,12.7121282200,1194256,32083866.0000,2,4.265200,1,5.469600,0
2016-01-15,sz.300421,13.4266160000,13.5896534800,12.4771624400,12.5826572800,13.4074351200,1186114,32664862.0000,2,4.236121,1,-6.151600,0
2016-01-18,sz.300421,12.1079305000,13.2539880800,12.1079305000,13.0573840600,12.5826572800,1048586,28143982.0000,2,3.744950,1,3.772900,0
2016-01-19,sz.300421,13.0573840600,13.7143292000,12.9566844400,13.6663770000,13.0573840600,1204341,33505292.0000,2,4.301218,1,4.664000,0
2016-01-20,sz.300421,13.6567865600,14.0020424000,13.4314112200,14.0020424000,13.6663770000,1487761,42694581.0000,2,5.313432,1,2.456100,0
2016-01-21,sz.300421,13.7191244200,14.6254210000,13.5752678200,13.9972471800,14.0020424000,1488414,43542875.0000,2,5.315764,1,-0.034200,0
2016-01-22,sz.300421,13.9924519600,14.1411037800,13.5129299600,13.8102336000,13.9972471800,1282053,37119262.0000,2,4.578761,1,-1.336100,0
2016-01-25,sz.300421,13.8821619000,14.1219229000,13.7862575000,13.8821619000,13.8102336000,878223,25527310.0000,2,3.136511,1,0.520800,0
2016-01-26,sz.300421,13.6471961200,13.6567865600,12.4963433200,12.7121282200,13.8821619000,1220440,33103115.0000,2,4.358714,1,-8.428300,0
2016-01-27,sz.300421,12.7073330000,13.0957458200,11.9880500000,12.8799609200,12.7121282200,1053242,27567707.0000,2,3.761579,1,1.320300,0
2016-01-28,sz.300421,12.6162238200,12.7648756400,12.0120261000,12.0120261000,12.8799609200,730065,19014129.0000,2,2.607375,1,-6.738600,0
2016-01-29,sz.300421,12.1798588000,12.9518892200,11.7818555400,12.7984421800,12.0120261000,1004961,26037059.0000,2,3.589146,1,6.546900,0
2016-02-01,sz.300421,12.8751657000,13.2396024200,12.6066333800,13.1341075800,12.7984421800,1060396,28385059.0000,2,3.787129,1,2.622700,0
2016-02-02,sz.300421,13.1341075800,13.7287148600,12.9470940000,13.5273156200,13.1341075800,1595526,44755579.0000,2,5.698307,1,2.993800,0
2016-02-03,sz.300421,13.4266160000,14.1219229000,13.0429984000,13.6328104600,13.5273156200,1221204,34287617.0000,2,4.361443,1,0.779900,0
2016-02-04,sz.300421,13.9061380000,13.9061380000,13.5608821600,13.6663770000,13.6328104600,1389147,39811139.0000,2,4.961239,1,0.246200,0
2016-02-05,sz.300421,13.6663770000,13.7526909600,13.2108311000,13.2827594000,13.6663770000,962103,27007656.0000,2,3.436082,1,-2.807000,0
2016-02-15,sz.300421,12.7408995400,13.2252167600,12.4723672200,13.0957458200,13.2827594000,627021,16843835.0000,2,2.239361,1,-1.407900,0
2016-02-16,sz.300421,13.1149267000,13.6663770000,13.1149267000,13.6184248000,13.0957458200,1260770,35392448.0000,2,4.502750,1,3.991200,0
2016-02-17,sz.300421,13.5225204000,13.8342097000,13.5129299600,13.8294144800,13.6184248000,1308833,37258589.0000,2,4.674404,1,1.549300,0
2016-02-18,sz.300421,13.8390049200,14.1315133400,13.6663770000,13.7910527200,13.8294144800,1376511,39960582.0000,2,4.916111,1,-0.277400,0
2016-02-19,sz.300421,13.6759674400,14.2322129600,13.6759674400,14.0979468000,13.7910527200,1451442,42447301.0000,2,5.183721,1,2.225300,0
2016-02-22,sz.300421,14.2657795000,14.3808647800,13.9828615200,14.2274177400,14.0979468000,1596924,47073676.0000,2,5.703300,1,0.918400,0
2016-02-23,sz.300421,14.1123324600,14.1171276800,13.6807626600,13.8150288200,14.2274177400,1552327,44924346.0000,2,3.696017,1,-2.898600,0
2016-02-24,sz.300421,13.5896534800,13.8342097000,13.0525888400,13.6663770000,13.8150288200,979334,27707538.0000,2,2.331748,1,-1.076000,0
2016-02-25,sz.300421,13.4697729800,13.6663770000,12.2997393000,12.2997393000,13.6663770000,1163085,30981224.0000,2,2.769250,1,-10.000000,0
2016-02-26,sz.300421,12.2997393000,12.6114286000,12.0503878600,12.2565823200,12.2997393000,812791,20976395.0000,2,1.935217,1,-0.350900,0
2016-02-29,sz.300421,12.2278110000,12.2278110000,11.0290060000,11.0817534200,12.2565823200,792061,18632423.0000,2,1.885860,1,-9.585300,0
2016-03-01,sz.300421,11.1153199600,11.5085280000,10.9954394600,11.3934427200,11.0817534200,837200,19689600.0000,2,1.993333,1,2.812600,0
2016-03-02,sz.300421,11.4605758000,11.9544834600,11.3215144200,11.8777599400,11.3934427200,776119,18834728.0000,2,1.847902,1,4.250800,0
2016-03-03,sz.300421,11.9161217000,12.2757632000,11.8441934000,12.0695687400,11.8777599400,959603,24196540.0000,2,2.284769,1,1.614900,0
2016-03-04,sz.300421,12.0839544000,12.0839544000,11.3502857400,11.5852515200,12.0695687400,621328,15253408.0000,2,1.479352,1,-4.012700,0
2016-03-07,sz.300421,11.7818555400,12.4675720000,11.7818555400,12.0312069800,11.5852515200,531385,13361449.0000,2,1.265202,1,3.849300,0
2016-03-08,sz.300421,12.1319066000,12.3668723800,11.2735622200,12.3237154000,12.0312069800,799342,19920360.0000,2,1.903195,1,2.431300,0
2016-03-09,sz.300421,11.9928452200,12.2661727600,11.7962412000,11.9209169200,12.3237154000,448806,11254820.0000,2,1.068586,1,-3.268500,0
2016-03-10,sz.300421,11.9305073600,12.1702683600,11.8489886200,11.9017360400,11.9209169200,456611,11435519.0000,2,1.087169,1,-0.160900,0
2016-03-11,sz.300421,11.8537838400,12.2661727600,11.7530842200,12.2565823200,11.9017360400,718907,18157292.0000,2,1.711683,1,2.981500,0
2016-03-14,sz.300421,12.2853536400,13.1772645600,12.2853536400,13.0717697200,12.2565823200,1280811,34319143.0000,2,3.049550,1,6.651000,0
2016-03-15,sz.300421,12.6929473400,12.9375035600,12.4723672200,12.8032374000,13.0717697200,1322149,35115447.0000,2,3.147974,1,-2.054300,0
2016-03-16,sz.300421,12.9422987800,13.1868550000,12.4915481000,12.6689712400,12.8032374000,914903,24546290.0000,2,2.178340,1,-1.048700,0
2016-03-17,sz.300421,12.7504899800,13.2731689600,12.6593808000,13.1293123600,12.6689712400,1940271,52582905.0000,2,4.619693,1,3.633600,0
2016-03-18,sz.300421,13.2204215400,13.6615817800,13.1293123600,13.6232200200,13.1293123600,2003457,56208734.0000,2,4.770136,1,3.761900,0
2016-03-21,sz.300421,13.8581858000,14.7117349600,13.8102336000,14.2849603800,13.6232200200,3106860,92277518.0000,2,7.397286,1,4.857400,0
2016-03-22,sz.300421,14.0020424000,14.0451993800,13.7622814000,13.9588854200,14.2849603800,2557293,73998047.0000,2,6.088793,1,-2.282600,0
2016-03-23,sz.300421,13.8006431600,14.4240217600,13.7191244200,14.4192265400,13.9588854200,1949018,57955269.0000,2,4.640519,1,3.297800,0
2016-03-24,sz.300421,14.8412059000,15.6803694000,14.6254210000,15.0090386000,14.4192265400,5510558,174334026.0000,2,13.120376,1,4.090500,0
2016-03-25,sz.300421,15.0953525600,15.4358131800,15.0090386000,15.2008474000,15.0090386000,4140581,131484996.0000,2,9.858526,1,1.278000,0
2016-03-28,sz.300421,15.3399087800,15.6563933000,14.8172298000,14.8939533200,15.2008474000,5100377,162519799.0000,2,12.143755,1,-2.018900,0
2016-03-29,sz.300421,14.9706768400,14.9706768400,13.6232200200,14.1842607600,14.8939533200,3504587,103622895.0000,2,8.344255,1,-4.765000,0
2016-03-30,sz.300421,14.3760695600,15.6036458800,14.1890559800,15.6036458800,14.1842607600,7506458,243050668.0000,2,17.872519,1,10.006800,0
2016-03-31,sz.300421,15.9680826000,16.6825703800,15.8290212200,16.1598914000,15.6036458800,7945921,270552384.0000,2,18.918860,1,3.564800,0
2016-04-01,sz.300421,16.1119392000,17.7231331200,15.6180315400,16.7976556600,16.1598914000,5403817,183360232.0000,2,12.866231,1,3.946600,0
2016-04-05,sz.300421,16.5866659800,17.0949593000,16.4236285000,16.8312222000,16.7976556600,4242880,148481349.0000,2,10.102095,1,0.199800,0
2016-04-06,sz.300421,16.4523998200,16.5818707600,15.8098403400,16.0591917800,16.8312222000,5344045,179788618.0000,2,12.723917,1,-4.586900,0
2016-04-07,sz.300421,15.8529973200,16.7688843400,15.8529973200,16.1263248600,16.0591917800,4330009,147276473.0000,2,10.309545,1,0.418000,0
2016-04-08,sz.300421,15.9584921600,15.9824682600,15.4070418600,15.5556936800,16.1263248600,3102355,101598235.0000,2,7.386560,1,-3.538500,0
2016-04-11,sz.300421,15.8242260000,16.1023487600,15.5556936800,15.8769734200,15.5556936800,2799137,92776296.0000,2,6.664612,1,2.065400,0
2016-04-12,sz.300421,15.9920587000,16.2989527800,15.5413080200,15.6707789600,15.8769734200,2659365,88391415.0000,2,6.331821,1,-1.298700,0
2016-04-13,sz.300421,15.9584921600,16.0591917800,15.6563933000,15.6947550600,15.6707789600,3121871,103169371.0000,2,7.433026,1,0.153000,0
2016-04-14,sz.300421,15.7043455000,16.0448061200,15.7043455000,15.9680826000,15.6947550600,2124407,70521813.0000,2,5.058112,1,1.741500,0
2016-04-15,sz.300421,16.0112395800,17.5505052000,15.9968539200,17.1237306200,15.9680826000,5349596,186638963.0000,2,12.737133,1,7.237200,0
2016-04-18,sz.300421,16.8599935200,16.9223313800,16.3037480000,16.3517002000,17.1237306200,2751899,94603487.0000,2,6.552140,1,-4.508500,0
2016-04-19,sz.300421,16.3708810800,16.9511027000,16.3708810800,16.4428093800,16.3517002000,2716605,93960018.0000,2,6.468107,1,0.557200,0
2016-04-20,sz.300421,16.4859663600,16.6394134000,14.8028441400,15.1049430000,16.4428093800,4276066,138049702.0000,2,10.181110,1,-8.136500,0
2016-04-21,sz.300421,15.1001477800,15.1289191000,14.6254210000,14.7021445200,15.1049430000,2419197,75184484.0000,2,5.759993,1,-2.666700,0
2016-04-22,sz.300421,14.2322129600,15.1049430000,14.2322129600,14.9658816200,14.7021445200,1780470,55262209.0000,2,4.239214,1,1.793900,0
2016-04-25,sz.300421,14.9610864000,14.9610864000,14.6733732000,14.8460011200,14.9658816200,1109175,34241394.0000,2,2.640893,1,-0.801000,0
2016-04-26,sz.300421,14.6254210000,14.9227246400,14.4815644000,14.8603867800,14.8460011200,1800880,55341423.0000,2,4.287810,1,0.096900,0
2016-04-27,sz.300421,14.8651820000,14.8651820000,14.3520934600,14.3904552200,14.8603867800,1840769,56235214.0000,2,4.382783,1,-3.162300,0
2016-04-28,sz.300421,14.6254210000,14.6254210000,13.5225204000,14.0068376200,14.3904552200,3001669,87508615.0000,2,7.146831,1,-2.665800,0
2016-04-29,sz.300421,13.8006431600,14.1458990000,13.7862575000,14.0020424000,14.0068376200,1301353,38045008.0000,2,3.098460,1,-0.034200,0
2016-05-03,sz.300421,14.1363085600,14.4959500600,13.7958479400,14.4671787400,14.0020424000,2375943,70862594.0000,2,5.657007,1,3.321900,0
2016-05-04,sz.300421,14.4719739600,14.7884584800,14.4575883000,14.6446018800,14.4671787400,2083489,63774625.0000,2,4.960688,1,1.226400,0
2016-05-05,sz.300421,14.7165301800,15.0665812400,14.4911548400,15.0474003600,14.6446018800,2027242,62987349.0000,2,4.826767,1,2.750500,0
2016-05-06,sz.300421,15.1289191000,15.3351135600,14.6254210000,14.9850625000,15.0474003600,3004170,93973631.0000,2,7.152786,1,-0.414300,0
2016-05-09,sz.300421,14.5055405000,14.9562911800,13.9061380000,13.9253188800,14.9850625000,1689262,50526921.0000,2,4.022052,1,-7.072000,0
2016-05-10,sz.300421,13.9301141000,14.1458990000,13.8102336000,13.9924519600,13.9253188800,931792,27151669.0000,2,2.218552,1,0.482100,0
2016-05-11,sz.300421,14.1938512000,14.1938512000,13.8294144800,13.8342097000,13.9924519600,1008370,29486278.0000,2,2.400881,1,-1.130900,0
2016-05-12,sz.300421,13.8342097000,13.8342097000,13.2348072000,13.4457968800,13.8342097000,1140330,32036815.0000,2,2.715071,1,-2.807600,0
2016-05-13,sz.300421,13.2348072000,13.6232200200,13.1916502200,13.5608821600,13.4457968800,833655,23433001.0000,2,1.984893,1,0.855900,0
2016-05-16,sz.300421,13.4505921000,13.8102336000,13.4266160000,13.6855578800,13.5608821600,1589385,45183069.0000,2,3.784250,1,0.919400,0
2016-05-17,sz.300421,13.7766670600,13.9540902000,13.6424009000,13.8485953600,13.6855578800,1348611,38686276.0000,2,3.210979,1,1.191300,0
2016-05-18,sz.300421,13.8102336000,13.8102336000,13.0429984000,13.4026399000,13.8485953600,1798898,49921733.0000,2,4.283090,1,-3.220200,0
2016-05-19,sz.300421,13.6088343600,13.8102336000,13.3882542400,13.4314112200,13.4026399000,2586160,73536597.0000,2,6.157524,1,0.214700,0
2016-05-20,sz.300421,13.4026399000,13.6136295800,13.2012406600,13.5608821600,13.4314112200,1393671,39099222.0000,2,3.318264,1,0.963900,0
2016-05-23,sz.300421,13.6136295800,13.8198240400,13.3355068200,13.7383053000,13.5608821600,1687552,48232301.0000,2,4.017981,1,1.308300,0
2016-05-24,sz.300421,13.7622814000,13.7622814000,13.2827594000,13.3546877000,13.7383053000,1550601,43532036.0000,2,3.691907,1,-2.792300,0
2016-05-25,sz.300421,13.3834590200,13.5704726000,13.2827594000,13.3307116000,13.3546877000,1927493,54192512.0000,2,4.589269,1,-0.179500,0
2016-05-26,sz.300421,13.2587833000,13.3642781400,12.6593808000,13.0909506000,13.3307116000,2199656,59082456.0000,2,5.237276,1,-1.798600,0
2016-05-27,sz.300421,13.0812475000,13.2609750000,13.0229575000,13.2124000000,13.0909625000,1479739,40140098.0000,2,3.523188,1,0.927600,0
2016-05-30,sz.300421,13.2901200000,14.2276175000,13.2852625000,13.9798850000,13.2124000000,4700361,134735597.0000,2,11.191336,1,5.808800,0
2016-05-31,sz.300421,13.6301450000,14.5093525000,13.6301450000,14.4510625000,13.9798850000,5484943,160550792.0000,2,13.059388,1,3.370400,0
2016-06-01,sz.300421,14.4267750000,14.5239250000,14.2324750000,14.3539125000,14.4510625000,3657260,108235343.0000,2,8.707762,1,-0.672300,0
2016-06-02,sz.300421,14.3684850000,14.5919300000,14.2810500000,14.4899225000,14.3539125000,3341526,99428696.0000,2,7.956014,1,0.947500,0
2016-06-03,sz.300421,14.6210750000,14.6210750000,14.4073450000,14.4802075000,14.4899225000,2970145,88716004.0000,2,7.071774,1,-0.067000,0
2016-06-06,sz.300421,14.4802075000,14.5627850000,14.1256100000,14.2179025000,14.4802075000,2666103,78311509.0000,2,6.347864,1,-1.811500,0
2016-06-07,sz.300421,14.2179025000,14.4947800000,14.1256100000,14.4947800000,14.2179025000,2669874,78674036.0000,2,6.356843,1,1.947400,0
2016-06-08,sz.300421,14.6210750000,15.4954250000,14.5627850000,14.8639500000,14.4947800000,5759626,179238677.0000,2,13.713395,1,2.546900,0
2016-06-13,sz.300421,14.5239250000,14.5239250000,13.3775550000,13.3775550000,14.8639500000,4283725,122990164.0000,2,10.199345,1,-10.000000,0
2016-06-14,sz.300421,13.1249650000,13.2561175000,12.9112350000,13.1249650000,13.3775550000,2158900,58352675.0000,2,5.140238,1,-1.888200,0
2016-06-15,sz.300421,12.9112350000,13.8050150000,12.9112350000,13.6884350000,13.1249650000,2577589,72029263.0000,2,6.137117,1,4.293100,0
2016-06-16,sz.300421,13.6932925000,13.9653125000,13.6010000000,13.6932925000,13.6884350000,1893422,53835782.0000,2,4.508148,1,0.035500,0
2016-06-17,sz.300421,13.6738625000,14.0770350000,13.6738625000,13.8438750000,13.6932925000,1732894,49421120.0000,2,4.125938,1,1.099700,0
2016-06-20,sz.300421,13.8438750000,14.3927725000,13.6107150000,14.3684850000,13.8438750000,3230118,93719105.0000,2,7.690757,1,3.789500,0
2016-06-21,sz.300421,14.4559200000,14.7570850000,14.0916075000,14.2616200000,14.3684850000,3091304,91719012.0000,2,7.360248,1,-0.743700,0
2016-06-22,sz.300421,14.0916075000,14.6793650000,14.0624625000,14.6405050000,14.2616200000,2488180,73764091.0000,2,5.924238,1,2.656700,0
2016-06-23,sz.300421,14.6599350000,14.8493775000,14.2956225000,14.5482125000,14.6405050000,2813687,84350256.0000,2,6.699255,1,-0.630400,0
2016-06-24,sz.300421,14.5482125000,14.6745075000,13.7370100000,14.2810500000,14.5482125000,3062739,90441991.0000,2,7.292236,1,-1.836400,0
2016-06-27,sz.300421,14.1256100000,14.7910875000,14.1256100000,14.7570850000,14.2810500000,2852987,85676918.0000,2,6.792826,1,3.333300,0
2016-06-28,sz.300421,14.8153750000,15.2768375000,14.6162175000,15.0582500000,14.7570850000,3670167,113289296.0000,2,8.738493,1,2.040800,0
2016-06-29,sz.300421,15.1796875000,15.3011250000,14.9125250000,15.1116825000,15.0582500000,2572285,79847203.0000,2,6.124488,1,0.354800,0
2016-06-30,sz.300421,15.1554000000,15.3885600000,14.9368125000,15.1699725000,15.1116825000,2309432,72154504.0000,2,5.498648,1,0.385700,0
2016-07-01,sz.300421,15.1068250000,15.7042975000,15.1068250000,15.3739875000,15.1699725000,3125241,99522215.0000,2,7.441050,1,1.344900,0
2016-07-04,sz.300421,15.2962675000,15.7383000000,15.1068250000,15.5925750000,15.3739875000,2991019,95646927.0000,2,7.121474,1,1.421800,0
2016-07-05,sz.300421,15.7334425000,15.8160200000,15.4371350000,15.7237275000,15.5925750000,2764070,88942501.0000,2,6.581119,1,0.841100,0
2016-07-06,sz.300421,15.5925750000,16.3697750000,15.5197125000,16.0394650000,15.7237275000,3421594,112677156.0000,2,8.146652,1,2.008000,0
2016-07-07,sz.300421,16.1269000000,16.7632325000,16.0297500000,16.2240500000,16.0394650000,4998786,168649503.0000,2,11.901871,1,1.150800,0
2016-07-08,sz.300421,16.0054625000,16.3406300000,15.6994400000,15.8354500000,16.2240500000,4129036,135536951.0000,2,9.831038,1,-2.395200,0
2016-07-11,sz.300421,15.9228850000,16.0054625000,15.3982750000,15.4322775000,15.8354500000,3093580,100086349.0000,2,7.365667,1,-2.546000,0
2016-07-12,sz.300421,15.3739875000,15.5440000000,14.9611000000,15.5051400000,15.4322775000,2931331,92361162.0000,2,6.979360,1,0.472100,0
2016-07-13,sz.300421,15.5051400000,15.6994400000,15.4079900000,15.6751525000,15.5051400000,2554925,82003770.0000,2,6.083155,1,1.096500,0
2016-07-14,sz.300421,15.7868750000,16.1269000000,15.7334425000,15.9520300000,15.6751525000,3860139,126925196.0000,2,9.190807,1,1.766300,0
2016-07-15,sz.300421,15.7868750000,16.0151775000,15.6945825000,15.8548800000,15.9520300000,1964642,63852736.0000,2,4.677719,1,-0.609000,0
2016-07-18,sz.300421,15.8743100000,15.8743100000,15.4614225000,15.6751525000,15.8548800000,1693019,54462293.0000,2,4.030998,1,-1.133600,0
2016-07-19,sz.300421,15.5682875000,15.7723025000,15.4419925000,15.6800100000,15.6751525000,1767891,56863201.0000,2,4.209264,1,0.031000,0
2016-07-20,sz.300421,15.6022900000,16.2240500000,15.6022900000,16.0783250000,15.6800100000,4139644,136397553.0000,2,9.856295,1,2.540300,0
2016-07-21,sz.300421,16.0297500000,16.1900475000,15.9374575000,16.0880400000,16.0783250000,2819551,93123075.0000,2,6.713217,1,0.060400,0
2016-07-22,sz.300421,16.0297500000,16.1511875000,15.9617450000,16.0977550000,16.0880400000,2445300,80886447.0000,2,5.822143,1,0.060400,0
2016-07-25,sz.300421,16.0928975000,16.1706175000,15.9617450000,16.0734675000,16.0977550000,2370710,78328248.0000,2,5.644548,1,-0.150900,0
2016-07-26,sz.300421,16.0394650000,16.2191925000,15.9811750000,16.1414725000,16.0734675000,2506708,83143289.0000,2,5.968352,1,0.423100,0
2016-07-27,sz.300421,16.1609025000,16.1754750000,14.7910875000,15.2914100000,16.1414725000,4517078,143532153.0000,2,10.754948,1,-5.266300,0
2016-07-28,sz.300421,15.0873950000,15.4322775000,15.0873950000,15.2962675000,15.2914100000,2580346,81161391.0000,2,6.143681,1,0.031800,0
2016-07-29,sz.300421,15.1894025000,15.3448425000,15.1651150000,15.2476925000,15.2962675000,1631711,51158742.0000,2,3.885026,1,-0.317600,0
2016-08-01,sz.300421,15.1554000000,15.1991175000,14.8396625000,15.1991175000,15.2476925000,1821774,56369440.0000,2,4.337557,1,-0.318600,0
2016-08-02,sz.300421,15.0922525000,15.3788450000,15.0922525000,15.3642725000,15.1991175000,1289955,40580784.0000,2,3.071321,1,1.086600,0
2016-08-03,sz.300421,15.3691300000,15.4565650000,15.3011250000,15.4128475000,15.3642725000,848142,26868023.0000,2,2.019386,1,0.316200,0
2016-08-04,sz.300421,15.4468500000,15.5682875000,15.4079900000,15.5148550000,15.4128475000,1377046,43931059.0000,2,3.278681,1,0.661800,0
2016-08-05,sz.300421,15.5148550000,15.5925750000,15.3302700000,15.3885600000,15.5148550000,1816389,57765407.0000,2,4.324736,1,-0.814000,0
2016-08-08,sz.300421,15.1748300000,15.5148550000,15.1311125000,15.3934175000,15.3885600000,1281812,40461778.0000,2,3.051933,1,0.031600,0
2016-08-09,sz.300421,15.3934175000,15.4954250000,15.3885600000,15.4662800000,15.3934175000,1142500,36313026.0000,2,2.720238,1,0.473300,0
2016-08-10,sz.300421,15.4759950000,15.5245700000,15.3254125000,15.4128475000,15.4662800000,1239598,39340700.0000,2,2.951424,1,-0.345500,0
2016-08-11,sz.300421,15.4031325000,15.4468500000,15.2282625000,15.2331200000,15.4128475000,1627211,51313059.0000,2,3.874312,1,-1.166100,0
2016-08-12,sz.300421,15.0339625000,15.0339625000,14.6696500000,14.9416700000,15.2331200000,3468508,105844627.0000,2,8.258352,1,-1.913300,0
2016-08-15,sz.300421,14.8639500000,15.2428350000,14.7910875000,15.2282625000,14.9416700000,2525994,78263218.0000,2,6.014271,1,1.918100,0
2016-08-16,sz.300421,15.2768375000,15.2816950000,15.1699725000,15.2768375000,15.2282625000,1739056,54566043.0000,2,4.140610,1,0.319000,0
2016-08-17,sz.300421,15.2768375000,15.3011250000,15.1894025000,15.2816950000,15.2768375000,1482464,46556651.0000,2,3.529676,1,0.031800,0
2016-08-18,sz.300421,15.2768375000,15.3448425000,15.2088325000,15.3254125000,15.2816950000,1452635,45727785.0000,2,3.458655,1,0.286100,0
2016-08-19,sz.300421,15.3497000000,15.6897250000,15.2914100000,15.2914100000,15.3254125000,3393556,107921308.0000,2,8.079895,1,-0.221900,0
2016-08-22,sz.300421,15.1359700000,15.3448425000,15.1359700000,15.2865525000,15.2914100000,1872430,58849804.0000,2,4.458167,1,-0.031800,0
2016-08-23,sz.300421,15.2282625000,15.4079900000,15.2234050000,15.3691300000,15.2865525000,1370885,43244079.0000,2,3.264012,1,0.540200,0
2016-08-24,sz.300421,15.3691300000,15.4954250000,15.3156975000,15.4711375000,15.3691300000,2112481,67076226.0000,2,5.029717,1,0.663700,0
2016-08-25,sz.300421,15.4225625000,15.6411500000,15.1699725000,15.5488575000,15.4711375000,2270737,72068370.0000,2,5.406517,1,0.502300,0
2016-08-26,sz.300421,15.6217200000,15.6800100000,15.4711375000,15.5585725000,15.5488575000,2246660,71918293.0000,2,5.349190,1,0.062500,0
2016-08-29,sz.300421,15.5197125000,15.7140125000,15.5002825000,15.5051400000,15.5585725000,2143926,68692940.0000,2,5.104586,1,-0.343400,0
2016-08-30,sz.300421,15.5051400000,15.5634300000,15.4419925000,15.5002825000,15.5051400000,1375100,43853491.0000,2,3.274048,1,-0.031300,0
2016-08-31,sz.300421,15.5294275000,15.5294275000,15.3788450000,15.4468500000,15.5002825000,2422246,77015600.0000,2,5.767252,1,-0.344700,0
2016-09-01,sz.300421,15.4468500000,15.6411500000,15.3011250000,15.3059825000,15.4468500000,3594580,114417583.0000,2,8.558524,1,-0.911900,0
2016-09-02,sz.300421,15.2234050000,15.3497000000,15.0679650000,15.2331200000,15.3059825000,2255749,70552915.0000,2,5.370831,1,-0.476000,0
2016-09-05,sz.300421,15.3497000000,15.3497000000,15.1894025000,15.2428350000,15.2331200000,1010170,31768848.0000,2,2.405167,1,0.063771,0
2016-09-06,sz.300421,15.3011250000,15.4662800000,15.1894025000,15.4517075000,15.2428350000,2190637,69217979.0000,2,5.215802,1,1.370301,0
2016-09-07,sz.300421,15.4371350000,15.7868750000,15.4079900000,15.6362925000,15.4517075000,4994563,160529748.0000,2,11.891817,1,1.194590,0
2016-09-08,sz.300421,15.6362925000,15.8354500000,15.5731450000,15.7820175000,15.6362925000,3134695,101336447.0000,2,7.463560,1,0.931976,0
2016-09-09,sz.300421,15.7868750000,15.8403075000,15.6314350000,15.7480150000,15.7820175000,2885681,93405531.0000,2,6.870669,1,-0.215462,0
2016-09-12,sz.300421,15.5002825000,16.0248925000,15.4614225000,15.9228850000,15.7480150000,5077032,165634074.0000,2,12.088171,1,1.110428,0
2016-09-13,sz.300421,15.9326000000,16.0734675000,15.6945825000,16.0103200000,15.9228850000,2980096,97584605.0000,2,7.095467,1,0.549116,0
2016-09-14,sz.300421,15.8840250000,15.9763175000,15.8014475000,15.9131700000,16.0103200000,2615023,85548789.0000,2,6.226245,1,-0.606798,0
2016-09-19,sz.300421,15.9131700000,16.3600600000,15.8063050000,16.2823400000,15.9131700000,2904490,96211844.0000,2,6.915452,1,2.319909,0
2016-09-20,sz.300421,16.1851900000,16.8069500000,16.1657600000,16.5737900000,16.2823400000,4018015,136330311.0000,2,9.566702,1,1.789972,0
2016-09-21,sz.300421,16.6175075000,17.0595400000,16.4183500000,16.6612250000,16.5737900000,5017046,173548984.0000,2,11.945348,1,0.527551,0
2016-09-22,sz.300421,16.6612250000,16.6612250000,16.6612250000,16.6612250000,16.6612250000,0,0.0000,2,,0,0.000000,0
2016-09-23,sz.300421,16.6612250000,16.6612250000,16.6612250000,16.6612250000,16.6612250000,0,0.0000,2,,0,0.000000,0
2016-09-26,sz.300421,16.6612250000,16.6612250000,16.6612250000,16.6612250000,16.6612250000,0,0.0000,2,,0,0.000000,0
2016-09-27,sz.300421,16.6612250000,16.6612250000,16.6612250000,16.6612250000,16.6612250000,0,0.0000,2,,0,0.000000,0
2016-09-28,sz.300421,16.6612250000,16.6612250000,16.6612250000,16.6612250000,16.6612250000,0,0.0000,2,,0,0.000000,0
2016-09-29,sz.300421,16.6612250000,16.6612250000,16.6612250000,16.6612250000,16.6612250000,0,0.0000,2,,0,0.000000,0
2016-09-30,sz.300421,16.6612250000,16.6612250000,16.6612250000,16.6612250000,16.6612250000,0,0.0000,2,,0,0.000000,0
2016-10-10,sz.300421,16.2240500000,16.2240500000,15.1068250000,15.8111625000,16.6612250000,4486300,144440134.0000,2,10.681667,1,-5.102041,0
2016-10-11,sz.300421,15.8305925000,16.1123275000,15.7625875000,15.8645950000,15.8111625000,3440462,112645519.0000,2,8.191576,1,0.337944,0
2016-10-12,sz.300421,15.7868750000,16.0394650000,15.6654375000,15.9714600000,15.8645950000,2788714,91145791.0000,2,6.639795,1,0.673611,0
2016-10-13,sz.300421,16.0248925000,16.4766400000,15.9714600000,16.0297500000,15.9714600000,3829955,127961603.0000,2,9.118940,1,0.364960,0
2016-10-14,sz.300421,16.0297500000,16.2580525000,15.8743100000,16.2240500000,16.0297500000,2882923,95258172.0000,2,6.864102,1,1.212126,0
2016-10-17,sz.300421,16.2143350000,16.7292300000,16.1754750000,16.3940625000,16.2240500000,4581646,155621990.0000,2,10.908681,1,1.047900,0
2016-10-18,sz.300421,16.2774825000,16.6029350000,16.1997625000,16.5009275000,16.3940625000,3671641,123680189.0000,2,8.742002,1,0.651856,0
2016-10-19,sz.300421,16.4912125000,16.5640750000,16.1803325000,16.2240500000,16.5009275000,2953797,99128108.0000,2,7.032850,1,-1.677950,0
2016-10-20,sz.300421,16.2531950000,16.7292300000,16.1269000000,16.6952275000,16.2240500000,4196410,142565614.0000,2,9.991452,1,2.904184,0
2016-10-21,sz.300421,16.6855125000,16.7583750000,16.3260575000,16.5640750000,16.6952275000,2796876,95364620.0000,2,6.659229,1,-0.785570,0
2016-10-24,sz.300421,16.5446450000,16.6320800000,16.3697750000,16.5155000000,16.5640750000,2022038,68656269.0000,2,4.814376,1,-0.293251,0
2016-10-25,sz.300421,16.5835050000,16.7098000000,16.4814975000,16.5786475000,16.5155000000,2192001,74797529.0000,2,5.219050,1,0.382356,0
2016-10-26,sz.300421,16.6029350000,16.6029350000,16.2726250000,16.4280650000,16.5786475000,2026856,68366196.0000,2,4.825848,1,-0.908296,0
2016-10-27,sz.300421,16.4329225000,16.4329225000,16.1269000000,16.2094775000,16.4280650000,1867396,62415059.0000,2,4.446181,1,-1.330576,0
2016-10-28,sz.300421,16.2240500000,16.3697750000,16.1657600000,16.1949050000,16.2094775000,2099839,70211816.0000,2,4.999617,1,-0.089897,0
2016-10-31,sz.300421,16.2434800000,16.7535175000,16.0783250000,16.6903700000,16.1949050000,3795711,129078233.0000,2,9.037407,1,3.059389,0
2016-11-01,sz.300421,16.6612250000,18.3613500000,16.6612250000,18.3613500000,16.6903700000,8901508,322872320.0000,2,21.194067,1,10.011640,0
2016-11-02,sz.300421,18.7013750000,19.8574600000,18.6090825000,18.8471000000,18.3613500000,12627101,498486464.0000,2,30.064526,1,2.645503,0
2016-11-03,sz.300421,18.7305200000,20.2460600000,18.7305200000,19.3959975000,18.8471000000,8723888,349959920.0000,2,20.771162,1,2.912374,0
2016-11-04,sz.300421,19.3474225000,21.0426900000,19.2599875000,20.5375100000,19.3959975000,9199047,381379328.0000,2,21.902493,1,5.885295,0
2016-11-07,sz.300421,20.3043500000,20.4840775000,19.7651675000,20.0954775000,20.5375100000,6499037,269068704.0000,2,15.473898,1,-2.152318,0
2016-11-08,sz.300421,20.0614750000,20.6443750000,19.8186000000,20.1537675000,20.0954775000,6417071,266801774.0000,2,15.278740,1,0.290072,0
2016-11-09,sz.300421,19.9157500000,19.9400375000,19.1919825000,19.6243000000,20.1537675000,7253132,292517952.0000,2,17.269362,1,-2.627139,0
2016-11-10,sz.300421,19.7943125000,20.0323300000,19.6971625000,19.7943125000,19.6243000000,5644832,230648174.0000,2,13.440076,1,0.866333,0
2016-11-11,sz.300421,19.6243000000,20.4015000000,19.5562950000,20.0129000000,19.7943125000,5796524,239409085.0000,2,13.801248,1,1.104296,0
2016-11-14,sz.300421,19.9691825000,21.8490350000,19.9691825000,20.5617975000,20.0129000000,6876983,295692352.0000,2,16.373769,1,2.742721,0
2016-11-15,sz.300421,20.5472250000,21.1301250000,20.3092075000,20.6298025000,20.5617975000,5422796,230960303.0000,2,12.911419,1,0.330733,0
2016-11-16,sz.300421,20.6006575000,20.9844000000,19.6777325000,19.8137425000,20.6298025000,5120887,214557244.0000,2,12.192588,1,-3.955734,0
2016-11-17,sz.300421,19.7943125000,19.9108925000,18.9442500000,19.1822675000,19.8137425000,5854188,233083407.0000,2,13.938543,1,-3.187054,0
2016-11-18,sz.300421,19.7554525000,21.1009800000,19.7554525000,21.1009800000,19.1822675000,8186165,350014784.0000,2,19.490869,1,10.002520,0
2016-11-21,sz.300421,21.8587500000,23.2091350000,21.6158750000,23.2091350000,21.1009800000,13506047,630196144.0000,2,32.157255,1,9.990792,0
2016-11-22,sz.300421,23.4325800000,23.5103000000,22.5873750000,23.2917125000,23.2091350000,14547834,689044000.0000,2,34.637700,1,0.355802,0
2016-11-23,sz.300421,22.8448225000,22.9565450000,21.9316125000,22.3687875000,23.2917125000,9458496,437607424.0000,2,22.520229,1,-3.962464,0
2016-11-24,sz.300421,22.4805100000,22.8156775000,21.3778575000,21.8538925000,22.3687875000,8100147,368837808.0000,2,19.286064,1,-2.301841,0
2016-11-25,sz.300421,21.4458625000,21.6255900000,20.6589475000,21.3730000000,21.8538925000,6057044,264216631.0000,2,14.421533,1,-2.200493,0
2016-11-28,sz.300421,21.2758500000,21.6158750000,20.6443750000,20.6540900000,21.3730000000,4435914,192207646.0000,2,10.561700,1,-3.363635,0
2016-11-29,sz.300421,20.5472250000,21.1301250000,20.3140650000,20.3577825000,20.6540900000,4042978,172226764.0000,2,9.626138,1,-1.434620,0
2016-11-30,sz.300421,20.0177575000,20.5715125000,19.8720325000,20.2800625000,20.3577825000,3169010,132003564.0000,2,7.545262,1,-0.381770,0
2016-12-01,sz.300421,20.2800625000,20.5472250000,20.0129000000,20.0129000000,20.2800625000,3462752,144372869.0000,2,8.244648,1,-1.317363,0
2016-12-02,sz.300421,20.0129000000,20.1489100000,18.6285125000,18.7256625000,20.0129000000,5719155,226204047.0000,2,13.617036,1,-6.432042,0
2016-12-05,sz.300421,18.6430850000,19.0073975000,18.4099250000,18.8471000000,18.7256625000,3292081,127455437.0000,2,7.838288,1,0.648508,0
2016-12-06,sz.300421,19.0268275000,19.8137425000,18.8519575000,19.5611525000,18.8471000000,4923553,195546088.0000,2,11.722745,1,3.788663,0
2016-12-07,sz.300421,19.4300000000,19.7214500000,19.2988475000,19.7068775000,19.5611525000,2979097,119769003.0000,2,7.093088,1,0.744969,0
2016-12-08,sz.300421,19.8768900000,19.8914625000,18.8519575000,18.9053900000,19.7068775000,3835540,152326348.0000,2,9.132238,1,-4.067049,0
2016-12-09,sz.300421,18.8471000000,19.5271500000,18.7062325000,19.2988475000,18.9053900000,3707141,146045242.0000,2,8.826526,1,2.081196,0
2016-12-12,sz.300421,19.1968400000,19.3474225000,17.3995650000,17.4432825000,19.2988475000,4167703,156092983.0000,2,9.923102,1,-9.614900,0
2016-12-13,sz.300421,17.4384250000,17.9630350000,17.2732700000,17.6327250000,17.4432825000,2630148,95221084.0000,2,6.262257,1,1.086047,0
2016-12-14,sz.300421,17.5792925000,18.0601850000,17.2975575000,17.5841500000,17.6327250000,2674600,96927189.0000,2,6.368095,1,-0.275478,0
2016-12-15,sz.300421,17.4189950000,18.3710650000,17.4189950000,17.8998875000,17.5841500000,3577168,132088384.0000,2,8.517067,1,1.795574,0
2016-12-16,sz.300421,17.8756000000,18.1184750000,17.7298750000,18.0407550000,17.8998875000,2872407,106340769.0000,2,6.839064,1,0.786977,0
2016-12-19,sz.300421,17.8804575000,18.1136175000,17.4967150000,17.6910150000,18.0407550000,2122903,77638247.0000,2,5.054531,1,-1.938614,0
2016-12-20,sz.300421,17.6910150000,18.0699000000,17.5452900000,18.0650425000,17.6910150000,1989214,73264234.0000,2,4.736224,1,2.114224,0
2016-12-21,sz.300421,18.1670500000,18.4536425000,17.8367400000,18.4390700000,18.0650425000,3075702,114752466.0000,2,7.323100,1,2.070450,0
2016-12-22,sz.300421,18.3370625000,18.3904950000,18.0699000000,18.1719075000,18.4390700000,2043790,76649594.0000,2,4.866167,1,-1.448892,0
2016-12-23,sz.300421,18.1719075000,18.3127750000,17.5744350000,17.5841500000,18.1719075000,2411701,89252412.0000,2,5.742145,1,-3.234427,0
2016-12-26,sz.300421,17.5258600000,17.9241750000,16.9963925000,17.8415975000,17.5841500000,2032002,72950673.0000,2,4.838100,1,1.464085,0
2016-12-27,sz.300421,17.8270250000,18.2059100000,17.8124525000,18.0067525000,17.8415975000,1746512,64764424.0000,2,4.158362,1,0.925674,0
2016-12-28,sz.300421,17.8950300000,18.2010525000,17.7298750000,17.8173100000,18.0067525000,1693146,62353952.0000,2,4.031300,1,-1.052062,0
2016-12-29,sz.300421,17.6813000000,17.9970375000,17.5987225000,17.6327250000,17.8173100000,1408847,51686299.0000,2,3.354398,1,-1.035990,0
2016-12-30,sz.300421,17.5501475000,17.7201600000,17.2101225000,17.2149800000,17.6327250000,1903314,68216791.0000,2,4.531700,1,-2.369148,0
2017-01-03,sz.300421,17.1761200000,17.3704200000,17.1226875000,17.3607050000,17.2149800000,1393648,49604695.0000,2,3.318210,1,0.846510,0
2017-01-04,sz.300421,17.4627125000,17.7055875000,17.2441250000,17.6084375000,17.3607050000,1832647,66053187.0000,2,4.363445,1,1.426968,0
2017-01-05,sz.300421,17.6764425000,17.8464550000,17.5307175000,17.6035800000,17.6084375000,1890700,68832808.0000,2,4.501667,1,-0.027582,0
2017-01-06,sz.300421,17.5452900000,17.8950300000,17.2927000000,17.3412750000,17.6035800000,2447247,88841498.0000,2,5.826779,1,-1.490069,0
2017-01-09,sz.300421,17.3121300000,17.3267025000,16.6320800000,16.8555250000,17.3412750000,2829100,98257519.0000,2,6.735952,1,-2.801121,0
2017-01-10,sz.300421,16.8263800000,17.0498250000,16.5155000000,16.9672475000,16.8555250000,2098360,72752539.0000,2,4.996095,1,0.662823,0
2017-01-11,sz.300421,16.9526750000,17.0498250000,16.5689325000,16.5883625000,16.9672475000,1907500,65989397.0000,2,4.541667,1,-2.233034,0
2017-01-12,sz.300421,16.6223650000,16.7098000000,16.0346075000,16.0734675000,16.5883625000,1928816,65014824.0000,2,4.592419,1,-3.103957,0
2017-01-13,sz.300421,16.1026125000,16.4086350000,15.7868750000,16.1026125000,16.0734675000,2141009,71129907.0000,2,5.097640,1,0.181328,0
2017-01-16,sz.300421,16.0297500000,16.1851900000,14.4947800000,14.5822150000,16.1026125000,3099214,96536802.0000,2,7.379081,1,-9.441933,0
2017-01-17,sz.300421,14.4024875000,15.0485350000,14.1450400000,14.9125250000,14.5822150000,1921096,58012724.0000,2,4.574038,1,2.265157,0
2017-01-18,sz.300421,14.8979525000,14.9125250000,14.3344825000,14.3490550000,14.9125250000,1438600,43080626.0000,2,3.425238,1,-3.778501,0
2017-01-19,sz.300421,14.2810500000,14.5433550000,13.8438750000,14.4024875000,14.3490550000,1707335,50091790.0000,2,4.065083,1,0.372372,0
2017-01-20,sz.300421,14.3296250000,14.7570850000,14.2567625000,14.5773575000,14.4024875000,1366100,41073440.0000,2,3.252619,1,1.214167,0
2017-01-23,sz.300421,14.6210750000,14.8396625000,14.5773575000,14.7570850000,14.5773575000,1318051,39989819.0000,2,3.138217,1,1.232919,0
2017-01-24,sz.300421,14.8153750000,14.8153750000,14.3782000000,14.5530700000,14.7570850000,1078018,32383835.0000,2,2.566710,1,-1.382489,0
2017-01-25,sz.300421,14.6259325000,14.8396625000,14.5190675000,14.8008025000,14.5530700000,1154324,35032283.0000,2,2.748390,1,1.702271,0
2017-01-26,sz.300421,14.8493775000,15.0971100000,14.8008025000,15.0145325000,14.8008025000,1172946,36234686.0000,2,2.792729,1,1.444045,0
2017-02-03,sz.300421,15.0533925000,15.0533925000,14.5336400000,14.5967875000,15.0145325000,1256674,38025687.0000,2,2.992081,1,-2.782273,0
2017-02-06,sz.300421,14.6696500000,15.0533925000,14.6016450000,15.0242475000,14.5967875000,1440129,44119508.0000,2,3.428879,1,2.928456,0
2017-02-07,sz.300421,15.0971100000,15.1554000000,14.8785225000,15.0242475000,15.0242475000,1209424,37345594.0000,2,2.879581,1,0.000000,0
2017-02-08,sz.300421,15.0582500000,15.1456850000,14.8153750000,15.1456850000,15.0242475000,1327486,41030608.0000,2,3.160681,1,0.808277,0
2017-02-09,sz.300421,15.1991175000,15.4322775000,15.0971100000,15.3739875000,15.1456850000,1665721,52489991.0000,2,3.966002,1,1.507374,0
2017-02-10,sz.300421,15.4468500000,15.4468500000,15.1359700000,15.1554000000,15.3739875000,1357039,42578498.0000,2,3.231045,1,-1.421797,0
2017-02-13,sz.300421,15.2816950000,15.5245700000,15.0679650000,15.4128475000,15.1554000000,1347493,42634354.0000,2,3.208317,1,1.698714,0
2017-02-14,sz.300421,15.4614225000,15.4614225000,15.2525500000,15.3399850000,15.4128475000,1141769,36046455.0000,2,2.718498,1,-0.472737,0
2017-02-15,sz.300421,15.4031325000,15.5197125000,15.2185475000,15.2282625000,15.3399850000,1706364,54117330.0000,2,4.062771,1,-0.728308,0
2017-02-16,sz.300421,15.2525500000,15.3497000000,15.0582500000,15.2379775000,15.2282625000,1394384,43594656.0000,2,3.319962,1,0.063797,0
2017-02-17,sz.300421,15.3497000000,15.5877175000,15.1991175000,15.4517075000,15.2379775000,2723386,86408927.0000,2,6.484252,1,1.402609,0
2017-02-20,sz.300421,15.4322775000,15.9326000000,15.3497000000,15.7285850000,15.4517075000,3765181,121149913.0000,2,8.964717,1,1.791894,0
2017-02-21,sz.300421,15.7625875000,15.8354500000,15.6314350000,15.7285850000,15.7285850000,2538989,82115431.0000,2,6.045212,1,0.000000,0
2017-02-22,sz.300421,15.6800100000,15.8645950000,15.6508650000,15.8111625000,15.7285850000,1590986,51655619.0000,2,3.788062,1,0.525010,0
2017-02-23,sz.300421,15.8160200000,15.8354500000,15.5440000000,15.7480150000,15.8111625000,1996547,64367338.0000,2,4.753683,1,-0.399389,0
2017-02-24,sz.300421,15.6314350000,15.8208775000,15.6265775000,15.7868750000,15.7480150000,1522996,49326666.0000,2,3.626181,1,0.246767,0
2017-02-27,sz.300421,15.7820175000,15.7868750000,15.4468500000,15.4662800000,15.7868750000,1361109,43750543.0000,2,3.240736,1,-2.030769,0
2017-02-28,sz.300421,15.4954250000,15.5682875000,15.3982750000,15.5099975000,15.4662800000,1102050,35111316.0000,2,2.623929,1,0.282664,0
2017-03-01,sz.300421,15.5440000000,16.4912125000,15.4565650000,16.4912125000,15.5099975000,3100537,101155389.0000,2,7.382231,1,6.326340,0
2017-03-02,sz.300421,16.0297500000,16.2240500000,15.8548800000,15.9520300000,16.4912125000,2646594,87605279.0000,2,6.301414,1,-3.269516,0
2017-03-03,sz.300421,15.9666025000,16.3600600000,15.7917325000,16.1269000000,15.9520300000,1919941,63652319.0000,2,4.571288,1,1.096226,0
2017-03-06,sz.300421,16.2046200000,16.4474950000,16.0783250000,16.4134925000,16.1269000000,1843393,61887963.0000,2,4.389031,1,1.777109,0
2017-03-07,sz.300421,16.4426375000,16.5106425000,16.3212000000,16.3940625000,16.4134925000,1572065,53110545.0000,2,3.743012,1,-0.118381,0
2017-03-08,sz.300421,16.3697750000,16.4134925000,15.9471725000,16.0686100000,16.3940625000,1934536,64264127.0000,2,4.606038,1,-1.985180,0
2017-03-09,sz.300421,16.1657600000,16.1657600000,15.8403075000,15.9083125000,16.0686100000,1140901,37391056.0000,2,2.716431,1,-0.997587,0
2017-03-10,sz.300421,15.9131700000,16.0928975000,15.9083125000,15.9860325000,15.9083125000,1095931,36127342.0000,2,2.609360,1,0.488549,0
2017-03-13,sz.300421,15.9568875000,16.3940625000,15.9568875000,16.3406300000,15.9860325000,1468171,48943872.0000,2,3.495645,1,2.218169,0
2017-03-14,sz.300421,16.2774825000,16.3940625000,16.1171850000,16.1997625000,16.3406300000,1875060,62725689.0000,2,4.464429,1,-0.862072,0
2017-03-15,sz.300421,16.1511875000,16.2629100000,16.0588950000,16.2046200000,16.1997625000,984016,32761602.0000,2,2.342895,1,0.029991,0
2017-03-16,sz.300421,16.2046200000,16.9526750000,16.2046200000,16.6903700000,16.2046200000,3174236,109047399.0000,2,7.557705,1,2.997602,0
2017-03-17,sz.300421,16.6903700000,17.3267025000,16.5640750000,16.8555250000,16.6903700000,3161861,110861616.0000,2,7.528240,1,0.989523,0
2017-03-20,sz.300421,16.9041000000,17.1178300000,16.5932200000,17.1178300000,16.8555250000,2419962,83941915.0000,2,5.761814,1,1.556199,0
2017-03-21,sz.300421,17.0449675000,17.0984000000,16.8652400000,16.9429600000,17.1178300000,1696791,59250403.0000,2,4.039979,1,-1.021568,0
2017-03-22,sz.300421,16.9041000000,16.9866775000,16.6029350000,16.8069500000,16.9429600000,1716271,59211693.0000,2,4.086360,1,-0.802760,0
2017-03-23,sz.300421,16.8020925000,17.3412750000,16.7243725000,17.1615475000,16.8069500000,3079959,108390931.0000,2,7.333236,1,2.109836,0
2017-03-24,sz.300421,17.2198375000,17.2246950000,16.9089575000,17.0886850000,17.1615475000,1656029,58014204.0000,2,3.942926,1,-0.424573,0
2017-03-27,sz.300421,17.0109650000,17.1226875000,16.6903700000,16.7729475000,17.0886850000,1694837,58716908.0000,2,4.035326,1,-1.847645,0
2017-03-28,sz.300421,16.7000850000,16.8458100000,16.6223650000,16.7438025000,16.7729475000,1058233,36476948.0000,2,2.519602,1,-0.173755,0
2017-03-29,sz.300421,16.8069500000,16.8166650000,15.7528725000,15.7528725000,16.7438025000,2501278,83672496.0000,2,5.955424,1,-5.918192,0
2017-03-30,sz.300421,15.7383000000,15.7383000000,14.9611000000,15.0096750000,15.7528725000,2410859,75503698.0000,2,5.740140,1,-4.717856,0
2017-03-31,sz.300421,15.0096750000,15.2428350000,14.9319550000,15.0436775000,15.0096750000,1130989,35123336.0000,2,2.692831,1,0.226536,0
2017-04-05,sz.300421,15.0436775000,15.4662800000,15.0436775000,15.4371350000,15.0436775000,1074888,33834947.0000,2,2.559257,1,2.615439,0
2017-04-06,sz.300421,15.3982750000,15.9811750000,15.3982750000,15.5828600000,15.4371350000,1363586,44125367.0000,2,3.246633,1,0.943994,0
2017-04-07,sz.300421,15.5974325000,15.7625875000,15.5585725000,15.5780025000,15.5828600000,763391,24561061.0000,2,1.817598,1,-0.031179,0
2017-04-10,sz.300421,15.5197125000,15.6605800000,14.6065025000,14.6162175000,15.5780025000,2004595,61788960.0000,2,4.772845,1,-6.173993,0
2017-04-11,sz.300421,14.5142100000,14.9222400000,14.4753500000,14.7862300000,14.6162175000,1354356,40981828.0000,2,3.224657,1,1.163178,0
2017-04-12,sz.300421,14.7085100000,14.8105175000,14.5773575000,14.5870725000,14.7862300000,974380,29437591.0000,2,2.319952,1,-1.346911,0
2017-04-13,sz.300421,14.5870725000,14.8056600000,14.5676425000,14.6307900000,14.5870725000,647242,19594451.0000,2,1.541052,1,0.299701,0
2017-04-14,sz.300421,14.6696500000,14.7668000000,14.3296250000,14.3782000000,14.6307900000,1018627,30298200.0000,2,2.425302,1,-1.726429,0
2017-04-17,sz.300421,14.0867500000,14.2616200000,13.8827350000,14.0138875000,14.3782000000,1049862,30394364.0000,2,2.499671,1,-2.533784,0
2017-04-18,sz.300421,14.0041725000,14.2810500000,13.8487325000,13.8730200000,14.0138875000,862303,24905480.0000,2,2.053102,1,-1.005202,0
2017-04-19,sz.300421,13.8535900000,14.0041725000,13.3921275000,13.7127225000,13.8730200000,1024346,28618031.0000,2,2.438919,1,-1.155462,0
2017-04-20,sz.300421,13.7612975000,13.8244450000,13.1783975000,13.3484100000,13.7127225000,1136456,31549277.0000,2,2.705848,1,-2.656748,0
2017-04-21,sz.300421,13.4164150000,13.6495750000,13.3095500000,13.4407025000,13.3484100000,906149,25106689.0000,2,2.157498,1,0.691414,0
2017-04-24,sz.300421,13.3046925000,13.4601325000,13.1881125000,13.3192650000,13.4407025000,765739,20957088.0000,2,1.823188,1,-0.903506,0
2017-04-25,sz.300421,13.1443950000,13.2609750000,12.7655100000,12.9209500000,13.3192650000,1890880,50499377.0000,2,4.502095,1,-2.990517,0
2017-04-26,sz.300421,12.8723750000,12.9500950000,12.8092275000,12.9403800000,12.9209500000,1145056,30444131.0000,2,2.726324,1,0.150372,0
2017-04-27,sz.300421,12.9209500000,13.3532675000,12.7995125000,13.2706900000,12.9403800000,1461769,39432075.0000,2,3.480402,1,2.552554,0
2017-04-28,sz.300421,13.2706900000,13.3532675000,13.1929700000,13.2658325000,13.2706900000,768271,20968090.0000,2,1.829217,1,-0.036604,0
2017-05-02,sz.300421,13.2609750000,13.2998350000,13.1298225000,13.2415450000,13.2658325000,609877,16601261.0000,2,1.452088,1,-0.183080,0
2017-05-03,sz.300421,13.2609750000,13.4261300000,13.1152500000,13.2901200000,13.2415450000,953463,26013795.0000,2,2.270150,1,0.366839,0
2017-05-04,sz.300421,13.3095500000,13.3921275000,13.1638250000,13.2852625000,13.2901200000,1058101,28965953.0000,2,2.519288,1,-0.036551,0
2017-05-05,sz.300421,13.2561175000,13.4018425000,13.1881125000,13.2415450000,13.2852625000,1073842,29426765.0000,2,2.556767,1,-0.329068,0
2017-05-08,sz.300421,13.1881125000,13.2609750000,12.7752250000,12.7995125000,13.2415450000,1170150,31516411.0000,2,2.786071,1,-3.338224,0
2017-05-09,sz.300421,12.5323500000,12.9938125000,12.5274925000,12.8820900000,12.7995125000,1054427,27592947.0000,2,2.510540,1,0.645162,0
2017-05-10,sz.300421,12.8772325000,13.0132425000,12.5712100000,12.5712100000,12.8820900000,825560,21805427.0000,2,1.965619,1,-2.413278,0
2017-05-11,sz.300421,12.5420650000,12.5420650000,11.9591650000,12.3526225000,12.5712100000,1132272,28529111.0000,2,2.695886,1,-1.738790,0
2017-05-12,sz.300421,12.3331925000,12.4740600000,12.0951750000,12.2020400000,12.3526225000,739000,18598479.0000,2,1.759524,1,-1.219031,0
2017-05-15,sz.300421,12.2020400000,12.3380500000,12.1534650000,12.1971825000,12.2020400000,607189,15312787.0000,2,1.445688,1,-0.039810,0
2017-05-16,sz.300421,12.1971825000,12.6537875000,12.1194625000,12.6537875000,12.1971825000,1141548,29176618.0000,2,2.717971,1,3.743523,0
2017-05-17,sz.300421,12.6440725000,12.9695250000,12.6295000000,12.7655100000,12.6537875000,1123787,29633467.0000,2,2.675683,1,0.882923,0
2017-05-18,sz.300421,12.6440725000,12.8966625000,12.5906400000,12.7655100000,12.7655100000,749977,19717250.0000,2,1.785660,1,0.000000,0
2017-05-19,sz.300421,12.7606525000,12.8480875000,12.6440725000,12.6586450000,12.7655100000,643075,16820448.0000,2,1.531131,1,-0.837143,0
2017-05-22,sz.300421,12.7557950000,12.7557950000,12.0854600000,12.1486075000,12.6586450000,887165,22600817.0000,2,2.112298,1,-4.029160,0
2017-05-23,sz.300421,12.1728950000,12.2360425000,11.1771075000,11.3714075000,12.1486075000,1029433,24985217.0000,2,2.451031,1,-6.397442,0
2017-05-24,sz.300421,11.3811225000,11.5851375000,10.9779500000,11.4831300000,11.3714075000,1033948,24087172.0000,2,2.461781,1,0.982484,0
2017-05-25,sz.300421,11.4831300000,11.5997100000,11.1868225000,11.4831300000,11.4831300000,1007266,23575400.0000,2,2.398252,1,0.000000,0
2017-05-26,sz.300421,11.4394125000,11.5997100000,11.4394125000,11.5122750000,11.4831300000,837124,19859395.0000,2,1.993152,1,0.253813,0
2017-05-31,sz.300421,11.7794375000,11.8911600000,11.4685575000,11.5171325000,11.5122750000,1036327,24997997.0000,2,2.467445,1,0.042187,0
2017-06-01,sz.300421,11.5122750000,11.5268475000,10.8856575000,10.8905150000,11.5171325000,1097589,25374907.0000,2,2.613307,1,-5.440738,0
2017-06-02,sz.300421,11.1091025000,11.3034025000,10.7107875000,11.2208250000,10.8905150000,1160991,26403715.0000,2,2.764264,1,3.033008,0
2017-06-05,sz.300421,11.2499700000,11.5802800000,11.2499700000,11.4831300000,11.2208250000,952715,22494083.0000,2,2.268369,1,2.337658,0
2017-06-06,sz.300421,11.4831300000,11.5025600000,11.3082600000,11.4879875000,11.4831300000,753436,17710472.0000,2,1.793895,1,0.042302,0
2017-06-07,sz.300421,11.4879875000,11.9154475000,11.4637000000,11.8377275000,11.4879875000,1340592,32489523.0000,2,3.191886,1,3.044403,0
2017-06-08,sz.300421,11.8717300000,12.1000325000,11.7405775000,11.8814450000,11.8377275000,1181821,29010317.0000,2,2.813860,1,0.369299,0
2017-06-09,sz.300421,11.9008750000,11.9591650000,11.7114325000,11.9348775000,11.8814450000,869408,21184232.0000,2,2.070019,1,0.449716,0
2017-06-12,sz.300421,11.8231550000,11.8231550000,11.4394125000,11.5365625000,11.9348775000,983576,23537915.0000,2,2.341848,1,-3.337402,0
2017-06-13,sz.300421,11.6385700000,12.0611725000,11.5074175000,12.0611725000,11.5365625000,1603082,39231032.0000,2,3.816862,1,4.547368,0
2017-06-14,sz.300421,12.2409000000,13.2658325000,12.2214700000,12.6295000000,12.0611725000,3569951,93827392.0000,2,8.499883,1,4.712042,0
2017-06-15,sz.300421,12.4886325000,13.1152500000,12.4109125000,12.9646675000,12.6295000000,2694350,71640631.0000,2,6.415119,1,2.653848,0
2017-06-16,sz.300421,12.8238000000,12.9646675000,12.7315075000,12.7800825000,12.9646675000,1512684,39893898.0000,2,3.601629,1,-1.423758,0
2017-06-19,sz.300421,12.7995125000,13.2658325000,12.7800825000,13.1152500000,12.7800825000,2353803,63284505.0000,2,5.604293,1,2.622579,0
2017-06-20,sz.300421,13.1645418000,13.2483609800,12.8341956200,12.9328064200,13.1152364000,1534835,40625568.0000,2,3.654369,1,-1.390981,0
2017-06-21,sz.300421,13.0166256000,13.0166256000,12.6221824000,12.8736399400,12.9328064200,1494331,38870708.0000,2,3.557931,1,-0.457487,0
2017-06-22,sz.300421,12.8194040000,12.8933621000,12.4101691800,12.4742662000,12.8736399400,1234748,31868421.0000,2,2.939876,1,-3.102265,0
2017-06-23,sz.300421,12.5975297000,13.7216928200,12.5334326800,13.3124580000,12.4742662000,4671508,126034674.0000,2,11.122638,1,6.719371,0
2017-06-26,sz.300421,13.7019706600,14.2246079000,13.4159993400,13.8548174000,13.3124580000,4048755,112996174.0000,2,9.639893,1,4.074075,0
2017-06-27,sz.300421,13.8301647000,14.0273863000,13.6082904000,13.7069012000,13.8548174000,2830767,79142769.0000,2,6.739921,1,-1.067620,0
2017-06-28,sz.300421,13.7069012000,13.8301647000,13.4554436600,13.4751658200,13.7069012000,2013712,55508723.0000,2,4.794552,1,-1.690645,0
2017-06-29,sz.300421,13.5392628400,13.8548174000,13.4850269000,13.6329431000,13.4751658200,1385854,38439381.0000,2,3.299652,1,1.170873,0
2017-06-30,sz.300421,13.6575958000,13.6575958000,13.3272496200,13.4948879800,13.6329431000,1451940,39656009.0000,2,3.457000,1,-1.012654,0
2017-07-03,sz.300421,13.4012077200,13.6082904000,13.2631526000,13.4948879800,13.4948879800,1411992,38338355.0000,2,3.361886,1,0.000000,0
2017-07-04,sz.300421,13.4061382600,13.4850269000,13.1694723400,13.2631526000,13.4948879800,1397312,37760646.0000,2,3.326933,1,-1.717213,0
2017-07-05,sz.300421,13.3469717800,13.5984293200,13.2631526000,13.5343323000,13.2631526000,1777138,48606790.0000,2,4.231281,1,2.044614,0
2017-07-06,sz.300421,13.4357215000,13.5589850000,13.1694723400,13.2582220600,13.5343323000,1722143,46600361.0000,2,4.100340,1,-2.040078,0
2017-07-07,sz.300421,13.5047490600,13.8449563200,13.4850269000,13.6082904000,13.2582220600,2848055,78853093.0000,2,6.781083,1,2.640391,0
2017-07-10,sz.300421,13.3371107000,13.4603742000,12.9130842600,13.0116950600,13.6082904000,2423938,64603763.0000,2,5.771281,1,-4.384061,0
2017-07-11,sz.300421,13.1103058600,13.1103058600,12.4693356600,12.4693356600,13.0116950600,1757495,45455970.0000,2,4.184512,1,-4.168240,0
2017-07-12,sz.300421,12.4939883600,12.7257237400,12.2671835200,12.7257237400,12.4693356600,1834652,46382024.0000,2,4.368219,1,2.056143,0
2017-07-13,sz.300421,12.6714878000,12.7848902200,12.5827380800,12.6961405000,12.7257237400,688751,17709911.0000,2,1.639883,1,-0.232466,0
2017-07-14,sz.300421,12.5482243000,12.7602375200,12.3263500000,12.4644051200,12.6961405000,915701,23218327.0000,2,2.180240,1,-1.825240,0
2017-07-17,sz.300421,12.1636421800,12.3707248600,11.2317701200,11.2514922800,12.4644051200,2000194,47193902.0000,2,4.762367,1,-9.731016,0
2017-07-18,sz.300421,11.1923258000,11.6607271000,11.1873952600,11.5423941400,11.2514922800,1281575,29664502.0000,2,3.051369,1,2.585452,0
2017-07-19,sz.300421,11.4043390200,11.6607271000,11.4043390200,11.6015606200,11.5423941400,894400,20885629.0000,2,2.129524,1,0.512605,0
2017-07-20,sz.300421,11.6262133200,11.8924624800,11.5276025200,11.5423941400,11.6015606200,1285564,30494709.0000,2,3.060867,1,-0.509991,0
2017-07-21,sz.300421,11.4437833400,11.7248241200,11.4437833400,11.6360744000,11.5423941400,737100,17378351.0000,2,1.755000,1,0.811621,0
2017-07-24,sz.300421,11.5423941400,11.7593379000,11.4092695600,11.7593379000,11.6360744000,659735,15513353.0000,2,1.570798,1,1.059322,0
2017-07-25,sz.300421,11.7297546600,11.8332960000,11.6360744000,11.7494768200,11.7593379000,450366,10710414.0000,2,1.072300,1,-0.083859,0
2017-07-26,sz.300421,11.7149630400,11.8135738400,11.6262133200,11.6656576400,11.7494768200,474841,11254202.0000,2,1.130574,1,-0.713387,0
2017-07-27,sz.300421,11.6656576400,12.2523919000,11.5966300800,12.1685727200,11.6656576400,1171941,28517237.0000,2,2.790336,1,4.311075,0
2017-07-28,sz.300421,12.1685727200,12.2622529800,12.0354481400,12.0453092200,12.1685727200,559341,13740935.0000,2,1.331764,1,-1.012966,0
2017-07-31,sz.300421,11.9319068000,12.1784338000,11.9319068000,12.1291284000,12.0453092200,604900,14848748.0000,2,1.440238,1,0.695866,0
2017-08-01,sz.300421,12.2277392000,12.2277392000,12.0305176000,12.1143367800,12.1291284000,461900,11358524.0000,2,1.099762,1,-0.121954,0
2017-08-02,sz.300421,12.1143367800,12.1537811000,11.7248241200,11.8185043800,12.1143367800,798734,19299711.0000,2,1.901748,1,-2.442004,0
2017-08-03,sz.300421,11.8086433000,12.1143367800,11.7691989800,12.0206565200,11.8185043800,619737,15059352.0000,2,1.475564,1,1.710471,0
2017-08-04,sz.300421,12.0206565200,12.0650313800,11.7741295200,11.7987822200,12.0206565200,630546,15185591.0000,2,1.501300,1,-1.845770,0
2017-08-07,sz.300421,11.6360744000,12.0009343600,11.6114217000,11.8579487000,11.7987822200,426951,10300897.0000,2,1.016550,1,0.501458,0
2017-08-08,sz.300421,11.8135738400,12.0551703000,11.7445462800,12.0107954400,11.8579487000,820547,19863760.0000,2,1.953683,1,1.288987,0
2017-08-09,sz.300421,12.0058649000,12.1291284000,11.9812122000,12.0453092200,12.0107954400,603884,14765683.0000,2,1.437819,1,0.287355,0
2017-08-10,sz.300421,12.0305176000,12.0453092200,11.7346852000,11.7790600600,12.0453092200,626335,15069207.0000,2,1.491274,1,-2.210401,0
2017-08-11,sz.300421,11.7346852000,11.8530181600,11.6508660200,11.7100325000,11.7790600600,658473,15668010.0000,2,1.567793,1,-0.586017,0
2017-08-14,sz.300421,11.8234349200,12.0107954400,11.7149630400,12.0107954400,11.7100325000,566612,13712208.0000,2,1.349076,1,2.568424,0
2017-08-15,sz.300421,12.0601008400,12.0699619200,11.9417678800,12.0551703000,12.0107954400,491600,11972033.0000,2,1.170476,1,0.369459,0
2017-08-16,sz.300421,12.0847535400,12.3559332400,11.9861427400,12.2326697400,12.0551703000,1122777,27832954.0000,2,2.673279,1,1.472387,0
2017-08-17,sz.300421,12.2277392000,12.3164889200,12.1784338000,12.2819751400,12.2326697400,750912,18668492.0000,2,1.787886,1,0.403065,0
2017-08-18,sz.300421,12.2819751400,12.2819751400,12.1439200200,12.2573224400,12.2819751400,726700,18003449.0000,2,1.730238,1,-0.200720,0
2017-08-21,sz.300421,12.2770446000,12.5728770000,12.1882948800,12.5383632200,12.2573224400,795070,20054343.0000,2,1.893024,1,2.292839,0
2017-08-22,sz.300421,12.5482243000,12.5531548400,12.2770446000,12.3016973000,12.5383632200,799100,20109745.0000,2,1.902619,1,-1.887532,0
2017-08-23,sz.300421,12.2129475800,12.2277392000,11.8234349200,12.0305176000,12.3016973000,1505556,36539577.0000,2,3.584657,1,-2.204413,0
2017-08-24,sz.300421,12.0107954400,12.0551703000,11.8332960000,11.8431570800,12.0305176000,807093,19528828.0000,2,1.921650,1,-1.557374,0
2017-08-25,sz.300421,11.9319068000,12.0699619200,11.7889211400,12.0305176000,11.8431570800,608097,14784068.0000,2,1.447850,1,1.582011,0
2017-08-28,sz.300421,12.0305176000,12.2573224400,12.0009343600,12.2129475800,12.0305176000,1001584,24740449.0000,2,2.384724,1,1.516397,0
2017-08-29,sz.300421,12.2277392000,12.3312805400,12.1291284000,12.2523919000,12.2129475800,737197,18301026.0000,2,1.755231,1,0.322971,0
2017-08-30,sz.300421,12.1932254200,12.3953775600,12.1537811000,12.1685727200,12.2523919000,705100,17544140.0000,2,1.678810,1,-0.684105,0
2017-08-31,sz.300421,12.2721140600,12.3756554000,12.1685727200,12.3756554000,12.1685727200,907800,22660976.0000,2,2.161429,1,1.701783,0
2017-09-01,sz.300421,12.4298913400,12.4496135000,12.2770446000,12.4003081000,12.3756554000,710600,17805787.0000,2,1.691905,1,0.199200,0
2017-09-04,sz.300421,12.4003081000,12.5038494400,12.2770446000,12.3756554000,12.4003081000,819014,20593754.0000,2,1.950033,1,-0.198804,0
2017-09-05,sz.300421,12.4742662000,12.6714878000,12.3510027000,12.5975297000,12.3756554000,1367697,34745179.0000,2,3.256421,1,1.792824,0
2017-09-06,sz.300421,12.5531548400,12.6369740200,12.3657943200,12.5235716000,12.5975297000,1120761,28402364.0000,2,2.668479,1,-0.587083,0
2017-09-07,sz.300421,12.5975297000,12.9180148000,12.4791967400,12.5925991600,12.5235716000,1520413,39247689.0000,2,3.620031,1,0.551186,0
2017-09-08,sz.300421,12.5925991600,12.6616267200,12.4298913400,12.5186410600,12.5925991600,593668,15070258.0000,2,1.413495,1,-0.587320,0
2017-09-11,sz.300421,12.3904470200,12.8539177800,12.3904470200,12.7996818400,12.5186410600,1013400,26017437.0000,2,2.412857,1,2.244977,0
2017-09-12,sz.300421,12.8144734600,12.8687094000,12.4791967400,12.5679464600,12.7996818400,947969,24369887.5600,2,2.257069,1,-1.810475,0
2017-09-13,sz.300421,12.7947513000,12.7947513000,12.5285021400,12.6714878000,12.5679464600,467364,11982613.4600,2,1.112771,1,0.823856,0
2017-09-14,sz.300421,12.6714878000,12.7750291400,12.4545440400,12.5186410600,12.6714878000,733444,18733554.5400,2,1.746295,1,-1.206231,0
2017-09-15,sz.300421,12.4841272800,12.6369740200,12.3707248600,12.4052386400,12.5186410600,574410,14497631.7900,2,1.367643,1,-0.905867,0
2017-09-18,sz.300421,12.4101691800,12.4939883600,12.3263500000,12.4644051200,12.4052386400,539543,13578758.6000,2,1.284626,1,0.476951,0
2017-09-19,sz.300421,12.5038494400,12.5728770000,12.4003081000,12.5482243000,12.4644051200,555068,14078791.9000,2,1.321590,1,0.672469,0
2017-09-20,sz.300421,12.8194040000,13.7069012000,12.8144734600,13.1645418000,12.5482243000,3494652,93598541.6800,2,8.320600,1,4.911591,0
2017-09-21,sz.300421,13.0116950600,13.2039861200,12.8194040000,12.8292650800,13.1645418000,2046501,53901196.1100,2,4.872621,1,-2.546818,0
2017-09-22,sz.300421,12.8292650800,13.0166256000,12.6714878000,12.8391261600,12.8292650800,1386629,36041549.0800,2,3.301498,1,0.076866,0
2017-09-25,sz.300421,13.0067645200,13.0067645200,12.4298913400,12.5087799800,12.8391261600,1139987,29341058.4100,2,2.714255,1,-2.572965,0
2017-09-26,sz.300421,12.7010710400,12.7010710400,12.2671835200,12.4348218800,12.5087799800,716113,18015010.4500,2,1.705031,1,-0.591256,0
2017-09-27,sz.300421,12.3756554000,12.6123213200,12.3510027000,12.5679464600,12.4348218800,702610,17830685.0600,2,1.672881,1,1.070581,0
2017-09-28,sz.300421,12.4989189000,12.7898207600,12.4003081000,12.6961405000,12.5679464600,1193459,30565020.8000,2,2.841569,1,1.020009,0
2017-09-29,sz.300421,12.6419045600,12.9130842600,12.6221824000,12.8539177800,12.6961405000,966916,25102946.1400,2,2.302181,1,1.242717,0
2017-10-09,sz.300421,12.8785704800,13.0412783000,12.7848902200,12.8194040000,12.8539177800,1296479,33957271.3400,2,3.086855,1,-0.268507,0
2017-10-10,sz.300421,12.8243345400,13.1152364000,12.7848902200,12.9969034400,12.8194040000,1393517,36491920.9100,2,3.317898,1,1.384618,0
2017-10-11,sz.300421,13.0511393800,13.0511393800,12.6961405000,12.8687094000,12.9969034400,1309534,34047337.1500,2,3.117938,1,-0.986344,0
2017-10-12,sz.300421,12.8391261600,12.9229453400,12.6862794200,12.7947513000,12.8687094000,909706,23585736.3800,2,2.165967,1,-0.574711,0
2017-10-13,sz.300421,12.7799596800,13.3716244800,12.7306542800,13.0166256000,12.7947513000,1566309,41465425.1700,2,3.729307,1,1.734100,0
2017-10-16,sz.300421,12.9722507400,13.0412783000,12.5482243000,12.7602375200,13.0166256000,1454300,37546830.0000,2,3.462619,1,-1.969699,0
2017-10-17,sz.300421,12.8095429200,12.8095429200,12.5876686200,12.7158626600,12.7602375200,623000,16022333.9200,2,1.483333,1,-0.347752,0
2017-10-18,sz.300421,12.7207932000,12.7503764400,12.3460721600,12.5728770000,12.7158626600,676991,17311604.5100,2,1.611883,1,-1.124470,0
2017-10-19,sz.300421,12.5383632200,12.5383632200,12.1143367800,12.4348218800,12.5728770000,1224217,30554034.5800,2,2.914802,1,-1.098042,0
2017-10-20,sz.300421,12.3657943200,12.4742662000,12.2326697400,12.4545440400,12.4348218800,447400,11257004.0000,2,1.065238,1,0.158608,0
2017-10-23,sz.300421,12.4249608000,12.6468351000,12.3559332400,12.5728770000,12.4545440400,773290,19691830.2000,2,1.841167,1,0.950118,0
2017-10-24,sz.300421,12.4791967400,12.5630159200,12.1685727200,12.2869056800,12.5728770000,838381,20891169.9000,2,1.384502,1,-2.274509,0
2017-10-25,sz.300421,12.4249608000,12.4496135000,12.3115583800,12.4496135000,12.2869056800,639381,16075863.7700,2,1.055874,1,1.324237,0
2017-10-26,sz.300421,12.4446829600,12.6468351000,12.3657943200,12.6468351000,12.4496135000,1035531,26346880.0400,2,1.710076,1,1.584157,0
2017-10-27,sz.300421,12.6566961800,12.8687094000,12.5432937600,12.7060015800,12.6468351000,936374,24167772.6500,2,1.546328,1,0.467840,0
2017-10-30,sz.300421,12.6616267200,12.7405153600,12.2425308200,12.4003081000,12.7060015800,1182700,29837387.0000,2,1.953111,1,-2.405902,0
2017-10-31,sz.300421,12.3263500000,12.4397524200,12.2671835200,12.3756554000,12.4003081000,483100,12087240.0000,2,0.797791,1,-0.198804,0
2017-11-01,sz.300421,12.4150997200,12.5137105200,12.2819751400,12.2967667600,12.3756554000,689000,17301206.0400,2,1.137814,1,-0.637450,0
2017-11-02,sz.300421,12.2671835200,12.3460721600,11.9812122000,12.1291284000,12.2967667600,839209,20726591.4200,2,1.385870,1,-1.363272,0
2017-11-03,sz.300421,12.1784338000,12.1784338000,11.6755187200,11.8431570800,12.1291284000,847278,20363586.5700,2,1.399195,1,-2.357723,0
2017-11-06,sz.300421,11.8332960000,11.9713511200,11.7642684400,11.9072541000,11.8431570800,534457,12896047.5400,2,0.882602,1,0.541212,0
2017-11-07,sz.300421,11.9220457200,11.9220457200,11.7346852000,11.8628792400,11.9072541000,612472,14670741.0000,2,1.011436,1,-0.372671,0
2017-11-08,sz.300421,11.8727403200,11.9762816600,11.7642684400,11.8826014000,11.8628792400,530287,12789456.4500,2,0.875716,1,0.166255,0
2017-11-09,sz.300421,11.8332960000,12.0502397600,11.8332960000,12.0403786800,11.8826014000,500600,12123522.0000,2,0.826691,1,1.327800,0
2017-11-10,sz.300421,11.9812122000,12.1241978600,11.9466984200,12.0551703000,12.0403786800,573808,14022629.3200,2,0.947586,1,0.122853,0
2017-11-13,sz.300421,12.0798230000,12.3263500000,11.9614900400,12.1981559600,12.0551703000,792000,19528925.9000,2,1.307909,1,1.186090,0
2017-11-14,sz.300421,12.1488505600,12.2474613600,12.0058649000,12.0354481400,12.1981559600,550500,13535718.0000,2,0.909096,1,-1.333872,0
2017-11-15,sz.300421,12.2277392000,12.7158626600,12.2129475800,12.2819751400,12.0354481400,1969704,49573768.9900,2,3.252769,1,2.048341,0
2017-11-16,sz.300421,12.1537811000,12.4052386400,12.1340589400,12.2228086600,12.2819751400,857380,21324957.7000,2,1.415877,1,-0.481730,0
2017-11-17,sz.300421,12.2671835200,12.2671835200,11.3648947000,11.5867690000,12.2228086600,2342600,55613501.0000,2,3.868569,1,-5.203714,0
2017-11-20,sz.300421,11.6360744000,11.6360744000,11.2958671400,11.3648947000,11.5867690000,1114642,25722931.6600,2,1.840720,1,-1.914897,0
2017-11-21,sz.300421,11.4092695600,11.5621163000,10.9408682600,11.3155893000,11.3648947000,1080209,24667692.2500,2,1.783857,1,-0.433833,0
2017-11-22,sz.300421,11.1627425600,11.3353114600,11.0937150000,11.1775341800,11.3155893000,719979,16306577.5000,2,1.188973,1,-1.220047,0
2017-11-23,sz.300421,11.1824647200,11.1923258000,11.0098958200,11.1232982400,11.1775341800,489900,11040797.0000,2,0.809021,1,-0.485225,0
2017-11-24,sz.300421,11.1479509400,11.1479509400,10.9803125800,11.0937150000,11.1232982400,353300,7922284.0000,2,0.583440,1,-0.265955,0
2017-11-27,sz.300421,10.9951042000,10.9951042000,10.8718407000,10.9260766400,11.0937150000,537300,11906526.0000,2,0.887297,1,-1.511112,0
2017-11-28,sz.300421,10.9211461000,11.0690623000,10.8866323200,11.0641317600,10.9260766400,439200,9799895.6500,2,0.725295,1,1.263541,0
2017-11-29,sz.300421,11.0592012200,11.1183677000,10.8669101600,11.0148263600,11.0641317600,467600,10384158.1700,2,0.772195,1,-0.445634,0
2017-11-30,sz.300421,11.1232982400,11.1232982400,10.9457988000,11.0000347400,11.0148263600,356287,7941203.7100,2,0.588372,1,-0.134291,0
2017-12-01,sz.300421,10.9556598800,11.0641317600,10.9014239400,11.0345485200,11.0000347400,422987,9446951.9700,2,0.698521,1,0.313759,0
2017-12-04,sz.300421,10.8619796200,10.8866323200,10.1322597000,10.1963567200,11.0345485200,1248059,26573831.8100,2,2.061044,1,-7.596063,0
2017-12-05,sz.300421,10.1223986200,10.2703148200,9.6194835400,9.7723302800,10.1963567200,1049935,20979871.1100,2,1.733862,1,-4.158610,0
2017-12-06,sz.300421,9.7723302800,9.8610800000,9.5208727400,9.7772608200,9.7723302800,1240700,24399866.0000,2,2.048892,1,0.050455,0
2017-12-07,sz.300421,9.7723302800,9.7723302800,9.6539973200,9.7131638000,9.7772608200,515272,10141329.7000,2,0.850920,1,-0.655568,0
2017-12-08,sz.300421,9.7131638000,9.8413578400,9.6835805600,9.7821913600,9.7131638000,603876,11989921.3600,2,0.997241,1,0.710657,0
2017-12-11,sz.300421,9.7180943400,9.8512189200,9.7180943400,9.8413578400,9.7821913600,588060,11678935.8000,2,0.971122,1,0.604833,0
2017-12-12,sz.300421,9.8314967600,9.8364273000,9.4814284200,9.4814284200,9.8413578400,692618,13526705.5000,2,1.143789,1,-3.657312,0
2017-12-13,sz.300421,9.3680260000,9.6441362400,9.2743457400,9.6145530000,9.4814284200,446300,8630154.8500,2,0.737020,1,1.404059,0
2017-12-14,sz.300421,9.6539973200,9.6885111000,9.5060811200,9.6145530000,9.6145530000,354400,6893308.2000,2,0.585256,1,0.000000,0
2017-12-15,sz.300421,9.6441362400,9.6835805600,9.5208727400,9.6046919200,9.6145530000,457400,8901068.0000,2,0.755350,1,-0.102567,0
2017-12-18,sz.300421,9.7230248800,9.7230248800,9.4074703200,9.4469146400,9.6046919200,494350,9539723.5000,2,0.816370,1,-1.642709,0
2017-12-19,sz.300421,9.5504559800,9.6786500200,9.5110116600,9.6244140800,9.4469146400,427585,8322372.7500,2,0.706114,1,1.878918,0
2017-12-20,sz.300421,9.5701781400,9.6342751600,9.3828176200,9.4025397800,9.6244140800,515185,9917132.5500,2,0.850776,1,-2.305332,0
2017-12-21,sz.300421,9.3976092400,9.4567757200,9.2102487200,9.3285816800,9.4025397800,500900,9503041.0000,2,0.827186,1,-0.786574,0
2017-12-22,sz.300421,9.3088595200,9.4173314000,9.2891373600,9.4074703200,9.3285816800,400796,7608688.1100,2,0.661874,1,0.845665,0
2017-12-25,sz.300421,9.4271924800,9.4370535600,8.9834438800,9.2151792600,9.4074703200,589800,10986665.0000,2,0.973996,1,-2.044022,0
2017-12-26,sz.300421,9.2595541200,9.4469146400,9.1412211600,9.3384427600,9.2151792600,551985,10413240.1500,2,0.911548,1,1.337614,0
2017-12-27,sz.300421,9.3680260000,9.5553865200,9.3483038400,9.4912895000,9.3384427600,530785,10196252.0500,2,0.876538,1,1.636745,0
2017-12-28,sz.300421,9.4419841000,9.7328859600,9.4173314000,9.6342751600,9.4912895000,720000,14042021.0000,2,1.189008,1,1.506498,0
2017-12-29,sz.300421,9.4666368000,9.6786500200,9.4666368000,9.5899003000,9.6342751600,433100,8428987.0000,2,0.715221,1,-0.460594,0
2018-01-02,sz.300421,9.6835805600,9.7476775800,9.5208727400,9.6983721800,9.5899003000,501975,9815819.2000,2,0.828961,1,1.131102,0
2018-01-03,sz.300421,9.6638584000,9.9103854000,9.5455254400,9.8314967600,9.6983721800,955929,18888530.9300,2,1.578621,1,1.372651,0
2018-01-04,sz.300421,10.1076070000,10.1076070000,9.8413578400,9.8660105400,9.8314967600,845893,17109629.1900,2,1.396908,1,0.351052,0
2018-01-05,sz.300421,9.7871219000,9.8857327000,9.7723302800,9.8709410800,9.8660105400,324100,6467502.0000,2,0.535219,1,0.049976,0
2018-01-08,sz.300421,9.8709410800,9.8709410800,9.6342751600,9.7082332600,9.8709410800,515655,10148776.2000,2,0.851553,1,-1.648351,0
2018-01-09,sz.300421,9.7871219000,9.7871219000,9.5800392200,9.7033027200,9.7082332600,511300,10024461.7000,2,0.844361,1,-0.050788,0
2018-01-10,sz.300421,9.7131638000,9.7131638000,9.5159422000,9.6638584000,9.7033027200,393032,7653580.2400,2,0.649053,1,-0.406504,0
2018-01-11,sz.300421,9.6638584000,9.7821913600,9.6392057000,9.7378165000,9.6638584000,538000,10604770.0000,2,0.888453,1,0.765304,0
2018-01-12,sz.300421,9.7378165000,9.7871219000,9.5948308400,9.7427470400,9.7378165000,435600,8537930.0000,2,0.719350,1,0.050634,0
2018-01-15,sz.300421,9.5603170600,9.7033027200,9.1214990000,9.1708044000,9.7427470400,761000,14392160.0000,2,1.256715,1,-5.870444,0
2018-01-16,sz.300421,9.3088595200,9.3088595200,9.1017768400,9.1806654800,9.1708044000,394300,7376921.0600,2,0.651147,1,0.107529,0
2018-01-17,sz.300421,9.2447625000,9.2496930400,8.7024031000,9.0475409000,9.1806654800,1396586,25162044.8600,2,2.306322,1,-1.450056,0
2018-01-18,sz.300421,9.0327492800,9.1954571000,8.9292079400,9.0426103600,9.0475409000,859900,15654719.0000,2,1.420039,1,-0.054497,0
2018-01-19,sz.300421,9.0475409000,9.1412211600,8.9390690200,8.9587911800,9.0426103600,579486,10621604.5400,2,0.956963,1,-0.926936,0
2018-01-22,sz.300421,9.0031660400,9.0869852200,8.7270558000,9.0475409000,8.9587911800,628700,11401354.0000,2,1.038235,1,0.990646,0
2018-01-23,sz.300421,8.9834438800,9.0968463000,8.9489301000,8.9686522600,9.0475409000,458800,8379060.0000,2,0.757662,1,-0.871934,0
2018-01-24,sz.300421,8.9686522600,9.1954571000,8.9489301000,9.1412211600,8.9686522600,762600,14100162.0000,2,1.259358,1,1.924136,0
2018-01-25,sz.300421,9.1165684600,9.2447625000,9.0771241400,9.0771241400,9.1412211600,774429,14398023.3200,2,1.278892,1,-0.701192,0
2018-01-26,sz.300421,9.0968463000,9.1362906200,8.9242774000,9.0574019800,9.0771241400,601600,11003969.0000,2,0.993482,1,-0.217268,0
2018-01-29,sz.300421,9.0327492800,9.0524714400,8.8158055200,8.9439995600,9.0574019800,569901,10305138.2000,2,0.941134,1,-1.252049,0
2018-01-30,sz.300421,8.8651109200,8.9587911800,8.8503193000,8.9341384800,8.9439995600,328519,5931792.4700,2,0.542516,1,-0.110246,0
2018-01-31,sz.300421,8.8256666000,9.2398319600,8.7319863400,9.0228882000,8.9341384800,1836538,33736859.0800,2,3.032859,1,0.993369,0
2018-02-01,sz.300421,8.8305971400,8.9144163200,8.3917790800,8.5692785200,9.0228882000,1272606,22277845.2100,2,2.101581,1,-5.027323,0
2018-02-02,sz.300421,8.4558761000,8.4558761000,8.1353910000,8.2783766600,8.5692785200,752392,12624864.2400,2,1.242500,1,-3.394696,0
2018-02-05,sz.300421,8.1846964000,8.1846964000,7.9628221000,7.9726831800,8.2783766600,563501,9169942.1900,2,0.930565,1,-3.692679,0
2018-02-06,sz.300421,7.8494196800,7.8494196800,7.2971992000,7.3958100000,7.9726831800,1028819,15845356.4900,2,1.698992,1,-7.235621,0
2018-02-07,sz.300421,7.4401848600,7.6127537600,7.2232411000,7.5042818800,7.3958100000,755879,11422552.6600,2,1.248258,1,1.466668,0
2018-02-08,sz.300421,7.5042818800,7.6028926800,7.2774770400,7.5733094400,7.5042818800,622601,9487376.8200,2,1.028163,1,0.919838,0
2018-02-09,sz.300421,7.3859489200,7.4796291800,7.2577548800,7.3760878400,7.5733094400,554700,8298613.0000,2,0.916031,1,-2.604164,0
2018-02-12,sz.300421,7.4056710800,7.6472675400,7.4056710800,7.5881010600,7.3760878400,608020,9309274.8000,2,1.004084,1,2.874334,0
2018-02-13,sz.300421,7.6127537600,7.7656005000,7.5437262000,7.5683789000,7.5881010600,576300,8961929.0000,2,0.951702,1,-0.259909,0
2018-02-14,sz.300421,7.6176843000,7.6226148400,7.4944208000,7.4944208000,7.5683789000,301800,4625397.0000,2,0.498392,1,-0.977202,0
2018-02-22,sz.300421,7.5930316000,7.7212256400,7.5437262000,7.6028926800,7.4944208000,842773,13017143.3900,2,0.693731,1,1.447370,0
2018-02-23,sz.300421,7.5585178200,7.7212256400,7.5585178200,7.6916424000,7.6028926800,668417,10382198.5300,2,0.550209,1,1.167317,0
2018-02-26,sz.300421,7.7261561800,8.1353910000,7.7064340200,8.0170580400,7.6916424000,1146416,18512472.9400,2,0.943675,1,4.230768,0
2018-02-27,sz.300421,7.9628221000,8.1353910000,7.9628221000,8.0219885800,8.0170580400,824790,13452346.9100,2,0.678928,1,0.061502,0
2018-02-28,sz.300421,7.9726831800,8.1353910000,7.9726831800,8.0565023600,8.0219885800,658700,10786750.0000,2,0.542210,1,0.430238,0
2018-03-01,sz.300421,8.1058077600,8.2980988200,8.0121275000,8.2438628800,8.0565023600,700330,11578273.0900,2,0.576478,1,2.325576,0
2018-03-02,sz.300421,8.1600437000,8.3178209800,8.1353910000,8.2340018000,8.2438628800,747956,12470982.2900,2,0.615682,1,-0.119609,0
2018-03-05,sz.300421,8.2340018000,8.2833072000,8.0811550600,8.2487934200,8.2340018000,547597,9075411.2400,2,0.450756,1,0.179633,0
2018-03-06,sz.300421,8.1699047800,8.4361539400,8.1699047800,8.3227515200,8.2487934200,672628,11347658.5100,2,0.553675,1,0.896591,0
2018-03-07,sz.300421,8.2833072000,8.3572653000,8.2438628800,8.3128904400,8.3227515200,496263,8367821.1100,2,0.408500,1,-0.118475,0
2018-03-08,sz.300421,8.3276820600,9.0376798200,8.3227515200,8.4953204200,8.3128904400,1272494,22077762.0700,2,1.047456,1,2.194537,0
2018-03-09,sz.300421,8.4805288000,8.7566390400,8.4608066400,8.7467779600,8.4953204200,1150671,20114149.1500,2,0.947178,1,2.959955,0
2018-03-12,sz.300421,8.7763612000,9.0327492800,8.7615695800,9.0130271200,8.7467779600,1505219,27316068.6500,2,1.239025,1,3.043974,0
2018-03-13,sz.300421,9.0130271200,9.0574019800,8.8158055200,8.8749720000,9.0130271200,1291200,23447478.0000,2,1.062854,1,-1.531732,0
2018-03-14,sz.300421,8.8749720000,8.9933049600,8.6826809400,8.7024031000,8.8749720000,951968,17038360.0600,2,0.783615,1,-1.944447,0
2018-03-15,sz.300421,8.6432366200,8.7665001200,8.4065707000,8.7517085000,8.7024031000,1316696,22971496.0400,2,1.083841,1,0.566574,0
2018-03-16,sz.300421,8.7024031000,8.8158055200,8.6333755400,8.7763612000,8.7517085000,745944,13236814.0400,2,0.614026,1,0.281686,0
2018-03-19,sz.300421,8.7171947200,9.0426103600,8.7171947200,8.9538606400,8.7763612000,981462,17767072.3600,2,0.807893,1,2.022475,0
2018-03-20,sz.300421,8.8749720000,9.4814284200,8.8453887600,9.3433733000,8.9538606400,2323624,43501958.1200,2,1.912697,1,4.350225,0
2018-03-21,sz.300421,9.2989984400,9.3581649200,9.1116379200,9.1708044000,9.3433733000,1379624,25820408.7600,2,1.135641,1,-1.846968,0
2018-03-22,sz.300421,9.1806654800,9.5553865200,9.1806654800,9.4419841000,9.1708044000,2248282,42947543.4800,2,1.850679,1,2.956985,0
2018-03-23,sz.300421,9.2201098000,9.4173314000,8.6678893200,8.8355276800,9.4419841000,2209000,40524660.0000,2,1.818344,1,-6.422974,0
2018-03-26,sz.300421,8.8601803800,9.4370535600,8.8601803800,9.4074703200,8.8355276800,1978724,37004359.7600,2,1.628791,1,6.473213,0
2018-03-27,sz.300421,9.5307338200,9.8462883800,9.5307338200,9.6096224600,9.4074703200,1985324,38881773.8800,2,1.634224,1,2.148846,0
2018-03-28,sz.300421,8.6530977000,9.0869852200,8.6530977000,8.8749720000,9.6096224600,5007410,89991765.2700,2,4.121862,1,-7.644945,0
2018-03-29,sz.300421,8.7270558000,8.9242774000,8.6284450000,8.6876114800,8.8749720000,2757750,48823320.9400,2,2.270049,1,-2.111106,0
2018-03-30,sz.300421,8.6876114800,9.0228882000,8.6580282400,9.0080965800,8.6876114800,2574793,46283519.9200,2,2.119447,1,3.688987,0
2018-04-02,sz.300421,9.1806654800,9.1806654800,8.9144163200,9.0179576600,9.0080965800,1760396,32221731.7000,2,1.449074,1,0.109472,0
2018-04-03,sz.300421,8.9242774000,9.1165684600,8.8848330800,9.0771241400,9.0179576600,1574801,28839781.5300,2,1.296301,1,0.656090,0
2018-04-04,sz.300421,9.0869852200,9.2003876400,8.7862222800,8.9094857800,9.0771241400,1349350,24381058.0000,2,1.110721,1,-1.846823,0
2018-04-09,sz.300421,8.7763612000,8.8897636200,8.6530977000,8.8503193000,8.9094857800,890600,15850500.0000,2,0.733100,1,-0.664078,0
2018-04-10,sz.300421,8.8552498400,8.9242774000,8.7221252600,8.8897636200,8.8503193000,933400,16678376.0800,2,0.768330,1,0.445682,0
2018-04-11,sz.300421,8.9735828000,8.9933049600,8.8108749800,8.9587911800,8.8897636200,2700224,48818184.6700,2,2.222696,1,0.776480,0
2018-04-12,sz.300421,8.9390690200,9.0179576600,8.7862222800,8.8158055200,8.9587911800,1548851,27940842.8300,2,1.274940,1,-1.596043,0
2018-04-13,sz.300421,8.8897636200,8.8946941600,8.6826809400,8.7270558000,8.8158055200,1167000,20784037.5200,2,0.960619,1,-1.006703,0
2018-04-16,sz.300421,8.7665001200,8.7665001200,8.4312234000,8.5495563600,8.7270558000,928088,16194238.6000,2,0.763958,1,-2.033902,0
2018-04-17,sz.300421,8.4312234000,8.5939312200,8.1353910000,8.2635850400,8.5495563600,1499800,25358386.2700,2,1.234564,1,-3.344867,0
2018-04-18,sz.300421,8.2241407200,8.3523347600,8.0367802000,8.3079599000,8.2635850400,882443,14699481.2400,2,0.726385,1,0.536994,0
2018-04-19,sz.300421,8.3128904400,8.3375431400,8.1945574800,8.2931682800,8.3079599000,679435,11429689.7000,2,0.559279,1,-0.178046,0
2018-04-20,sz.300421,8.1994880200,8.3276820600,7.9924053400,8.1008772200,8.2931682800,753006,12432362.5000,2,0.619839,1,-2.318665,0
2018-04-23,sz.300421,8.0860856000,8.1649742400,7.9480304800,8.0219885800,8.1008772200,368230,5993500.8000,2,0.303109,1,-0.973827,0
2018-04-24,sz.300421,8.0910161400,8.2093491000,7.9874748000,8.1994880200,8.0219885800,806104,13312056.4200,2,0.663546,1,2.212653,0
2018-04-25,sz.300421,8.2142796400,8.3079599000,8.1353910000,8.2389323400,8.1994880200,932901,15566131.6500,2,0.767920,1,0.481058,0
2018-04-26,sz.300421,8.1600437000,8.2241407200,7.9628221000,8.1748353200,8.2389323400,568000,9344623.0000,2,0.467551,1,-0.777972,0
2018-04-27,sz.300421,8.1797658600,8.1797658600,7.9924053400,8.0762245200,8.1748353200,540702,8824893.5800,2,0.445080,1,-1.206277,0
2018-05-02,sz.300421,7.9825442600,8.1008772200,7.9776137200,8.0121275000,8.0762245200,364739,5932581.7500,2,0.300236,1,-0.793646,0
2018-05-03,sz.300421,8.0219885800,8.1797658600,7.9233777800,8.1748353200,8.0121275000,619100,10121783.0000,2,0.509614,1,2.030769,0
2018-05-04,sz.300421,8.1896269400,8.2586545000,8.1353910000,8.1846964000,8.1748353200,466039,7743661.8900,2,0.383621,1,0.120630,0
2018-05-07,sz.300421,8.1846964000,8.3079599000,8.1255299200,8.2783766600,8.1846964000,795800,13330970.6100,2,0.655065,1,1.144581,0
2018-05-08,sz.300421,8.3079599000,8.4805288000,8.2142796400,8.4016401600,8.2783766600,1003600,17036332.0000,2,0.826116,1,1.488981,0
2018-05-09,sz.300421,8.4164317800,8.5692785200,8.3819180000,8.4657371800,8.4016401600,1502700,25913501.0000,2,1.236951,1,0.762906,0
2018-05-10,sz.300421,8.4115012400,8.5594174400,8.4065707000,8.5396952800,8.4657371800,801600,13833104.0000,2,0.659839,1,0.873614,0
2018-05-11,sz.300421,8.5446258200,8.6136533800,8.3326126000,8.4065707000,8.5396952800,944000,16139207.0000,2,0.777056,1,-1.558894,0
2018-05-14,sz.300421,8.4065707000,8.4164317800,8.2882377400,8.3030293600,8.4065707000,454024,7699003.5200,2,0.373731,1,-1.231666,0
2018-05-15,sz.300421,8.2586545000,8.5298342000,8.2586545000,8.5002509600,8.3030293600,778373,13304549.4900,2,0.640720,1,2.375295,0
2018-05-16,sz.300421,8.5002509600,8.6777504000,8.4657371800,8.4854593400,8.5002509600,941400,16342416.6100,2,0.774916,1,-0.174018,0
2018-05-17,sz.300421,8.4805288000,8.5446258200,8.4509455600,8.4903898800,8.4854593400,472300,8125317.0000,2,0.388775,1,0.058107,0
2018-05-18,sz.300421,8.4805288000,8.5939312200,8.4558761000,8.5396952800,8.4903898800,750100,12991649.4400,2,0.617447,1,0.580722,0
2018-05-21,sz.300421,8.5742090600,8.7073336400,8.5544869000,8.6333755400,8.5396952800,954130,16735339.7000,2,0.785394,1,1.097001,0
2018-05-22,sz.300421,8.5840701400,8.6530977000,8.5347647400,8.6037923000,8.6333755400,943300,16427787.0000,2,0.776480,1,-0.342658,0
2018-05-23,sz.300421,8.6789159900,8.6839240200,8.4385305500,8.4435385800,8.6037955400,1008686,17209403.3900,2,0.830302,1,-1.862629,0
2018-05-24,sz.300421,8.4535546400,8.4886108500,8.4134904000,8.4435385800,8.4435385800,509600,8597223.0000,2,0.419478,1,0.000000,0
2018-05-25,sz.300421,8.4585626700,8.4585626700,8.3183378300,8.3984663100,8.4435385800,677969,11348650.5400,2,0.558072,1,-0.533809,0
2018-05-28,sz.300421,8.3383699500,8.4134904000,8.1881290500,8.3083217700,8.3984663100,619717,10227165.9500,2,0.510122,1,-1.073347,0
2018-05-29,sz.300421,8.2782735900,8.3483860100,8.1530728400,8.1781129900,8.3083217700,537900,8849689.0000,2,0.442774,1,-1.567210,0
2018-05-30,sz.300421,8.1380487500,8.1380487500,7.6823180200,7.7223822600,8.1781129900,1184069,18519115.5800,2,0.974669,1,-5.572565,0
2018-05-31,sz.300421,7.7874866500,7.8325589200,7.7023501400,7.8125268000,7.7223822600,593600,9223245.0000,2,0.488623,1,1.167317,0
2018-06-01,sz.300421,7.8025107400,7.9126874000,7.4519486400,7.7223822600,7.8125268000,512200,7967819.0000,2,0.421619,1,-1.153848,0
2018-06-04,sz.300421,7.7474224100,7.8275508900,7.6823180200,7.6973421100,7.7223822600,466500,7215416.0000,2,0.384001,1,-0.324255,0
2018-06-05,sz.300421,7.6873260500,7.8425749800,7.6873260500,7.8225428600,7.6973421100,505227,7863391.6600,2,0.415879,1,1.626545,0
2018-06-06,sz.300421,7.8225428600,8.0028319400,7.8125268000,7.9928158800,7.8225428600,911217,14424032.2600,2,0.750070,1,2.176697,0
2018-06-07,sz.300421,7.9978239100,8.7740685600,7.9227034600,8.0979845100,7.9928158800,1561844,25618255.0800,2,1.285636,1,1.315790,0
2018-06-08,sz.300421,8.0679363300,8.1029925400,7.7624465000,7.8876472500,8.0979845100,790000,12469881.0000,2,0.650290,1,-2.597403,0
2018-06-11,sz.300421,7.8776311900,7.9076793700,7.6672939300,7.7724625600,7.8876472500,434690,6744158.2000,2,0.357816,1,-1.460315,0
2018-06-12,sz.300421,7.7273902900,7.8525910400,7.7123662000,7.8475830100,7.7724625600,427835,6669247.5700,2,0.352173,1,0.966492,0
2018-06-13,sz.300421,7.8475830100,7.9176954300,7.7123662000,7.7674545300,7.8475830100,510807,7975142.3700,2,0.420472,1,-1.021058,0
2018-06-14,sz.300421,7.7624465000,7.8425749800,7.7323983200,7.7674545300,7.7674545300,361800,5627585.0000,2,0.297817,1,0.000000,0
2018-06-15,sz.300421,7.7824786200,7.8325589200,7.4870048500,7.5120450000,7.7674545300,551891,8372542.2700,2,0.454290,1,-3.288203,0
2018-06-19,sz.300421,7.4369245500,7.4369245500,6.7608405000,6.8209368600,7.5120450000,913800,12840270.0000,2,0.752197,1,-9.200001,0
2018-06-20,sz.300421,6.7608405000,7.0012259400,6.7608405000,6.9661697300,6.8209368600,489201,6762009.9500,2,0.402687,1,2.129221,0
2018-06-21,sz.300421,6.9862018500,7.0212580600,6.6005835400,6.6206156600,6.9661697300,953351,12925637.8700,2,0.784753,1,-4.960457,0
2018-06-22,sz.300421,6.6055915700,6.8359609500,6.6055915700,6.8359609500,6.6206156600,431727,5812044.0900,2,0.355377,1,3.252643,0
2018-06-25,sz.300421,6.8359609500,6.9461376100,6.7608405000,6.7708565600,6.8359609500,335500,4583836.0000,2,0.276168,1,-0.952375,0
2018-06-26,sz.300421,6.7007441400,6.8860412500,6.6356397500,6.8710171600,6.7708565600,403419,5487148.0600,2,0.332075,1,1.479288,0
2018-06-27,sz.300421,6.8760251900,6.9761857900,6.8459770100,6.8760251900,6.8710171600,381276,5250975.4800,2,0.313848,1,0.072881,0
2018-06-28,sz.300421,6.8509850400,6.9811938200,6.8209368600,6.8259448900,6.8760251900,334800,4618983.0000,2,0.275591,1,-0.728328,0
2018-06-29,sz.300421,6.8359609500,7.1114026000,6.8359609500,7.0613223000,6.8259448900,544943,7635104.5500,2,0.448571,1,3.448278,0
2018-07-02,sz.300421,7.0412901800,7.0813544200,6.8710171600,6.9361215500,7.0613223000,495843,6927775.5800,2,0.408154,1,-1.773050,0
2018-07-03,sz.300421,6.9160894300,7.2165712300,6.9160894300,7.1865230500,6.9361215500,806701,11446782.1200,2,0.664038,1,3.610108,0
2018-07-04,sz.300421,7.1114026000,7.1714989600,6.9511456400,6.9912098800,7.1865230500,674101,9470454.0500,2,0.554888,1,-2.717772,0
2018-07-05,sz.300421,6.9912098800,7.0262660900,6.8109208000,6.8209368600,6.9912098800,339000,4675862.0000,2,0.279049,1,-2.435531,0
2018-07-06,sz.300421,6.8610011000,7.0112420000,6.7708565600,6.9461376100,6.8209368600,356600,4928200.0000,2,0.293536,1,1.835536,0
2018-07-09,sz.300421,6.8159288300,7.0062339700,6.8159288300,7.0012259400,6.9461376100,762000,10557127.3700,2,0.627242,1,0.793076,0
2018-07-10,sz.300421,6.9962179100,7.0563142700,6.9311135200,7.0312741200,7.0012259400,455500,6363795.9900,2,0.374946,1,0.429188,0
2018-07-11,sz.300421,7.0112420000,7.0112420000,6.6907280800,6.8209368600,7.0312741200,496945,6793477.1000,2,0.409061,1,-2.991454,0
2018-07-12,sz.300421,6.8109208000,7.0362821500,6.8009047400,6.9912098800,6.8209368600,662800,9210339.0000,2,0.545585,1,2.496330,0
2018-07-13,sz.300421,6.9711777600,7.0262660900,6.9461376100,6.9862018500,6.9912098800,444563,6196843.0700,2,0.365943,1,-0.071635,0
2018-07-16,sz.300421,6.9912098800,7.0162500300,6.9511456400,7.0012259400,6.9862018500,246101,3431568.9400,2,0.202579,1,0.215052,0
2018-07-17,sz.300421,6.9611617000,7.0412901800,6.9611617000,7.0262660900,7.0012259400,385700,5395313.0000,2,0.317490,1,0.357655,0
2018-07-18,sz.300421,6.9361215500,7.1614829000,6.9160894300,7.0362821500,7.0262660900,558901,7895973.0300,2,0.460061,1,0.142555,0
2018-07-19,sz.300421,7.0162500300,7.1013865400,6.9511456400,7.0012259400,7.0362821500,479500,6750133.0000,2,0.394702,1,-0.498225,0
2018-07-20,sz.300421,7.0012259400,7.1714989600,6.9661697300,7.1414507800,7.0012259400,718300,10186020.0000,2,0.591270,1,2.002866,0
2018-07-23,sz.300421,7.1614829000,7.2115632000,7.0613223000,7.1915310800,7.1414507800,648643,9278169.5900,2,0.533932,1,0.701258,0
2018-07-24,sz.300421,7.1414507800,7.2916916800,7.1364427500,7.2716595600,7.1915310800,808600,11674550.8500,2,0.665601,1,1.114212,0
2018-07-25,sz.300421,7.2966997100,7.3918522800,7.1614829000,7.2516274400,7.2716595600,779800,11356791.0000,2,0.641894,1,-0.275488,0
2018-07-26,sz.300421,7.3367639500,7.3618041000,7.2065551700,7.2866836500,7.2516274400,631863,9156687.7600,2,0.520120,1,0.483430,0
2018-07-27,sz.300421,7.2265872900,7.3417719800,7.2215792600,7.2516274400,7.2866836500,455200,6611314.0000,2,0.374699,1,-0.481104,0
2018-07-30,sz.300421,7.1865230500,7.2916916800,7.0112420000,7.1214186600,7.2516274400,510900,7301498.0000,2,0.420549,1,-1.795575,0
2018-07-31,sz.300421,7.0563142700,7.2766675900,7.0563142700,7.2616435000,7.1214186600,616800,8883393.0000,2,0.507720,1,1.969056,0
2018-08-01,sz.300421,7.2716595600,7.3467800100,7.1264266900,7.1314347200,7.2616435000,539100,7786279.0000,2,0.443761,1,-1.793105,0
2018-08-02,sz.300421,7.2566354700,7.2566354700,6.8159288300,6.9461376100,7.1314347200,747800,10383550.0000,2,0.615553,1,-2.598314,0
2018-08-03,sz.300421,6.9862018500,7.0312741200,6.8610011000,6.8660091300,6.9461376100,219400,3040622.0000,2,0.180600,1,-1.153568,0
2018-08-06,sz.300421,6.8209368600,6.8259448900,6.6656879300,6.6656879300,6.8660091300,421800,5674363.0000,2,0.347206,1,-2.917576,0
2018-08-07,sz.300421,6.6656879300,6.8259448900,6.6606799000,6.8159288300,6.6656879300,313162,4228060.5800,2,0.257780,1,2.253939,0
2018-08-08,sz.300421,6.8259448900,6.8860412500,6.7908886800,6.7908886800,6.8159288300,319300,4358399.0000,2,0.262833,1,-0.367371,0
2018-08-09,sz.300421,6.8309529200,6.9761857900,6.8309529200,6.9561536700,6.7908886800,292700,4059619.0000,2,0.240937,1,2.433628,0
2018-08-10,sz.300421,7.2115632000,7.5521092400,7.0713383600,7.0813544200,6.9561536700,1364100,19727946.0000,2,1.122862,1,1.799856,0
2018-08-13,sz.300421,7.0913704800,7.2115632000,7.0212580600,7.1364427500,7.0813544200,523263,7425176.5700,2,0.430725,1,0.777933,0
2018-08-14,sz.300421,7.0713383600,7.1314347200,7.0462982100,7.0913704800,7.1364427500,471400,6668172.0000,2,0.388034,1,-0.631580,0
2018-08-15,sz.300421,7.0813544200,7.1314347200,7.0062339700,7.0212580600,7.0913704800,470001,6605853.9900,2,0.386882,1,-0.988696,0
2018-08-16,sz.300421,6.9761857900,7.0513062400,6.8610011000,6.9411295800,7.0212580600,314700,4366228.0000,2,0.259046,1,-1.141232,0
2018-08-17,sz.300421,7.0462982100,7.0462982100,6.7608405000,6.7908886800,6.9411295800,345900,4755573.0000,2,0.284728,1,-2.164497,0
2018-08-20,sz.300421,6.8059127700,6.8860412500,6.7207762600,6.7758645900,6.7908886800,257600,3487743.0000,2,0.212044,1,-0.221244,0
2018-08-21,sz.300421,6.8159288300,6.9160894300,6.7808726200,6.8610011000,6.7758645900,380700,5216143.0000,2,0.313374,1,1.256468,0
2018-08-22,sz.300421,6.8610011000,6.9261054900,6.8509850400,6.8860412500,6.8610011000,187300,2577084.0000,2,0.154176,1,0.364965,0
2018-08-23,sz.300421,6.9311135200,6.9761857900,6.8610011000,6.9511456400,6.8860412500,351200,4866765.0000,2,0.289091,1,0.945455,0
2018-08-24,sz.300421,6.8910492800,7.0513062400,6.8860412500,7.0112420000,6.9511456400,338700,4722914.0000,2,0.278802,1,0.864552,0
2018-08-27,sz.300421,7.0112420000,7.2366033500,7.0112420000,7.1364427500,7.0112420000,777062,11108198.4000,2,0.639640,1,1.785714,0
2018-08-28,sz.300421,7.1314347200,7.2566354700,7.0462982100,7.1013865400,7.1364427500,765300,10862379.0000,2,0.629959,1,-0.491226,0
2018-08-29,sz.300421,7.1013865400,7.1114026000,6.9962179100,7.0112420000,7.1013865400,523500,7364729.7600,2,0.430920,1,-1.269396,0
2018-08-30,sz.300421,7.0513062400,7.0513062400,6.8559930700,6.8660091300,7.0112420000,393300,5449571.0000,2,0.323746,1,-2.071428,0
2018-08-31,sz.300421,6.8660091300,6.9160894300,6.7858806500,6.8359609500,6.8660091300,301900,4132763.0000,2,0.248510,1,-0.437640,0
2018-09-03,sz.300421,6.8359609500,6.8810332200,6.7858806500,6.8610011000,6.8359609500,236800,3232136.0000,2,0.194922,1,0.366302,0
2018-09-04,sz.300421,6.8610011000,6.9661697300,6.8610011000,6.9411295800,6.8610011000,379500,5246230.0000,2,0.312386,1,1.167882,0
2018-09-05,sz.300421,6.9060733700,6.9811938200,6.8459770100,6.8610011000,6.9411295800,250200,3457621.0000,2,0.205953,1,-1.154400,0
2018-09-06,sz.300421,6.8109208000,6.9160894300,6.8109208000,6.8710171600,6.8610011000,237200,3250898.0000,2,0.195252,1,0.145989,0
2018-09-07,sz.300421,6.8710171600,6.9411295800,6.8159288300,6.8259448900,6.8710171600,345300,4734221.0000,2,0.284235,1,-0.655978,0
2018-09-10,sz.300421,6.8159288300,6.8209368600,6.6606799000,6.6757039900,6.8259448900,416217,5606289.1300,2,0.342610,1,-2.201029,0
2018-09-11,sz.300421,6.6857200500,6.8409689800,6.6807120200,6.8059127700,6.6757039900,286470,3869984.3400,2,0.235808,1,1.950489,0
2018-09-12,sz.300421,6.8059127700,6.8509850400,6.7658485300,6.8109208000,6.8059127700,183769,2501156.7800,2,0.151270,1,0.073585,0
2018-09-13,sz.300421,6.8159288300,6.9561536700,6.8159288300,6.9511456400,6.8109208000,428962,5919247.7800,2,0.353101,1,2.058821,0
2018-09-14,sz.300421,6.9110814000,6.9711777600,6.8810332200,6.8910492800,6.9511456400,263800,3641297.0000,2,0.217148,1,-0.864552,0
2018-09-17,sz.300421,6.9010653400,6.9311135200,6.8109208000,6.8359609500,6.8910492800,325101,4465838.7500,2,0.267608,1,-0.799423,0
2018-09-18,sz.300421,6.8409689800,6.9711777600,6.8259448900,6.9661697300,6.8359609500,417162,5773838.7400,2,0.343388,1,1.904764,0
2018-09-19,sz.300421,6.9661697300,7.1214186600,6.9311135200,7.0663303300,6.9661697300,665463,9384548.3700,2,0.547777,1,1.437813,0
2018-09-20,sz.300421,7.0412901800,7.0863624500,7.0162500300,7.0563142700,7.0663303300,447616,6313367.8000,2,0.368456,1,-0.141740,0
2018-09-21,sz.300421,7.0563142700,7.1364427500,7.0563142700,7.1013865400,7.0563142700,578162,8191482.9200,2,0.475915,1,0.638752,0
2018-09-25,sz.300421,7.1063945700,7.1114026000,7.0613223000,7.0813544200,7.1013865400,303500,4294496.0000,2,0.249827,1,-0.282087,0
2018-09-26,sz.300421,7.0513062400,7.1514668400,7.0513062400,7.0863624500,7.0813544200,448400,6364410.0000,2,0.369102,1,0.070716,0
2018-09-27,sz.300421,7.1013865400,7.2015471400,6.9461376100,6.9461376100,7.0863624500,557864,7899275.8900,2,0.459207,1,-1.978797,0
2018-09-28,sz.300421,7.0112420000,7.3417719800,6.9761857900,7.2716595600,6.9461376100,1900000,27326371.0000,2,1.563990,1,4.686378,0
2018-10-08,sz.300421,7.2165712300,7.2165712300,6.9511456400,6.9761857900,7.2716595600,1514521,21389676.9000,2,1.246682,1,-4.063362,0
2018-10-09,sz.300421,6.8860412500,7.0563142700,6.8860412500,7.0062339700,6.9761857900,837795,11709403.5000,2,0.689633,1,0.430721,0
2018-10-10,sz.300421,7.0062339700,7.1214186600,6.9611617000,7.0713383600,7.0062339700,713095,10025302.5000,2,0.586986,1,0.929236,0
2018-10-11,sz.300421,6.9110814000,7.0112420000,6.5054309700,6.5104390000,7.0713383600,1374095,18693229.5000,2,1.131090,1,-7.932010,0
2018-10-12,sz.300421,6.5154470300,6.6556718700,6.3001017400,6.5955755100,6.5104390000,727100,9469232.4000,2,0.598514,1,1.307693,0
2018-10-15,sz.300421,6.6005835400,6.6556718700,6.4603587000,6.4904068800,6.5955755100,439600,5760486.0000,2,0.361858,1,-1.594533,0
2018-10-16,sz.300421,6.4853988500,6.5655273300,6.1648849300,6.2450134100,6.4904068800,525294,6652156.4600,2,0.432397,1,-3.780862,0
2018-10-17,sz.300421,6.3451740100,6.3852382500,6.1598769000,6.2600375000,6.2450134100,401895,5019468.4500,2,0.330821,1,0.240575,0
2018-10-18,sz.300421,6.2099572000,6.2600375000,6.0897644800,6.0897644800,6.2600375000,455400,5620048.7900,2,0.374864,1,-2.720001,0
2018-10-19,sz.300421,6.0947725100,6.2550294700,6.0196520600,6.2349973500,6.0897644800,624321,7669778.6800,2,0.513911,1,2.384868,0
2018-10-22,sz.300421,6.3051097700,6.5054309700,6.1899250800,6.4603587000,6.2349973500,1356599,17390392.7200,2,1.116688,1,3.614456,0
2018-10-23,sz.300421,6.4603587000,6.4954149100,6.3201338600,6.3952543100,6.4603587000,819058,10476700.3700,2,0.674210,1,-1.007746,0
2018-10-24,sz.300421,6.3901243500,6.4106548700,6.2669412300,6.3285327900,6.3952569800,854200,10552836.0000,2,0.703137,1,-1.043340,0
2018-10-25,sz.300421,6.2618086000,6.2618086000,6.0975644400,6.1899517800,6.3285327900,1169700,14020058.5500,2,0.962841,1,-2.189777,0
2018-10-26,sz.300421,6.2053496700,6.3182675300,6.1899517800,6.2618086000,6.1899517800,609167,7441680.5400,2,0.501437,1,1.160857,0
2018-10-29,sz.300421,6.2720738600,6.4414506500,6.2361454500,6.3285327900,6.2618086000,645000,7984879.8600,2,0.530933,1,1.065575,0
2018-10-30,sz.300421,6.3490633100,6.4055222400,6.2412780800,6.3901243500,6.3285327900,712600,8791313.9400,2,0.586578,1,0.973235,0
2018-10-31,sz.300421,6.3901243500,6.4927769500,6.2772064900,6.4619811700,6.3901243500,771400,9685298.0000,2,0.634980,1,1.124501,0
2018-11-01,sz.300421,6.4671138000,6.5492358800,6.4260527600,6.4414506500,6.4619811700,559700,7089663.0000,2,0.460718,1,-0.317712,0
2018-11-02,sz.300421,6.4979095800,6.6108274400,6.4876443200,6.6108274400,6.4414506500,805700,10298802.0000,2,0.663214,1,2.629482,0
2018-11-05,sz.300421,6.5748990300,6.6467558500,6.4825116900,6.5954295500,6.6108274400,1015329,12994572.6300,2,0.835771,1,-0.232917,0
2018-11-06,sz.300421,6.5748990300,6.5800316600,6.3644612000,6.5133074700,6.5954295500,503300,6356560.0000,2,0.414293,1,-1.245142,0
2018-11-07,sz.300421,6.5287053600,6.6005621800,6.4568485400,6.4876443200,6.5133074700,370700,4732730.0000,2,0.305143,1,-0.394005,0
2018-11-08,sz.300421,6.5184401000,6.6056948100,6.4979095800,6.5543685100,6.4876443200,607100,7773917.0000,2,0.499736,1,1.028482,0
2018-11-09,sz.300421,6.5646337700,6.6159600700,6.4825116900,6.5748990300,6.5543685100,427900,5466588.0000,2,0.352227,1,0.313234,0
2018-11-12,sz.300421,6.6056948100,6.8263979000,6.5235727300,6.8212652700,6.5748990300,1386469,18246975.5800,2,1.141275,1,3.747069,0
2018-11-13,sz.300421,6.7699389700,7.0009073200,6.6775516300,6.9239178700,6.8212652700,1402526,18896811.3400,2,1.154493,1,1.504889,0
2018-11-14,sz.300421,6.9239178700,6.9957746900,6.8417957900,6.8623263100,6.9239178700,821221,11060517.6300,2,0.675990,1,-0.889547,0
2018-11-15,sz.300421,6.9444483900,7.2883346000,6.8725915700,7.1908146300,6.8623263100,2132857,29632989.1900,2,1.755666,1,4.786839,0
2018-11-16,sz.300421,7.2113451500,7.4269156100,7.1600188500,7.2780693400,7.1908146300,2037499,28925831.9100,2,1.677172,1,1.213420,0
2018-11-19,sz.300421,7.2780693400,7.2780693400,7.1343557000,7.2370083000,7.2780693400,1180600,16521238.7200,2,0.971814,1,-0.564174,0
2018-11-20,sz.300421,7.1497535900,7.1959472600,6.9957746900,7.0163052100,7.2370083000,992100,13733230.1000,2,0.816649,1,-3.049647,0
2018-11-21,sz.300421,6.9906420600,7.5706292500,6.9598462800,7.2318756700,7.0163052100,1650934,23346902.3200,2,1.358970,1,3.072422,0
2018-11-22,sz.300421,7.3242630100,7.4833745400,7.2626714500,7.3396609000,7.2318756700,1641561,23505565.5900,2,1.351255,1,1.490419,0
2018-11-23,sz.300421,7.3447935300,7.4320482400,6.9495810200,7.0060399500,7.3396609000,1392100,19395469.0000,2,1.145910,1,-4.545458,0
2018-11-26,sz.300421,6.9803768000,7.1343557000,6.8623263100,6.8777242000,7.0060399500,1129800,15327944.0000,2,0.929998,1,-1.831502,0
2018-11-27,sz.300421,7.0214378400,7.0214378400,6.8571936800,6.9033873500,6.8777242000,982500,13219675.0000,2,0.808747,1,0.373136,0
2018-11-28,sz.300421,6.8931220900,6.9701115400,6.7288779300,6.9341831300,6.9033873500,985061,13205799.2900,2,0.810855,1,0.446100,0
2018-11-29,sz.300421,6.9752441700,7.0214378400,6.6262253300,6.6416232200,6.9341831300,1048980,14003731.6000,2,0.863470,1,-4.219102,0
2018-11-30,sz.300421,6.6416232200,6.6929495200,6.4414506500,6.6724190000,6.6416232200,1175500,15099317.0000,2,0.967616,1,0.463682,0
2018-12-03,sz.300421,6.8263979000,6.9341831300,6.8161326400,6.8725915700,6.6724190000,1078900,14478799.0000,2,0.888099,1,3.000003,0
2018-12-04,sz.300421,6.8725915700,7.0522336200,6.8725915700,7.0214378400,6.8725915700,1106395,15036780.2000,2,0.910732,1,2.165795,0
2018-12-05,sz.300421,6.9598462800,7.0830294000,6.8623263100,7.0163052100,7.0214378400,878195,11971538.9600,2,0.722888,1,-0.073101,0
2018-12-06,sz.300421,7.0163052100,7.0163052100,6.8161326400,6.8263979000,7.0163052100,646995,8688939.9000,2,0.532575,1,-2.706656,0
2018-12-07,sz.300421,6.8520610500,6.9239178700,6.8366631600,6.8879894600,6.8263979000,394900,5303010.0000,2,0.325063,1,0.902255,0
2018-12-10,sz.300421,6.8263979000,6.8879894600,6.7186126700,6.7596737100,6.8879894600,424400,5620564.0000,2,0.349346,1,-1.862891,0
2018-12-11,sz.300421,6.7956021200,6.8469284200,6.7596737100,6.8161326400,6.7596737100,295700,3925494.3000,2,0.243406,1,0.835229,0
2018-12-12,sz.300421,6.8520610500,6.8982547200,6.8110000100,6.8366631600,6.8161326400,477600,6375980.0000,2,0.393138,1,0.301204,0
2018-12-13,sz.300421,6.8674589400,6.9239178700,6.7237453000,6.8623263100,6.8366631600,839500,11224189.0000,2,0.691036,1,0.375377,0
2018-12-14,sz.300421,6.8623263100,6.8623263100,6.5954295500,6.6262253300,6.8623263100,756292,9916184.5300,2,0.622544,1,-3.440539,0
2018-12-17,sz.300421,6.6724190000,6.6724190000,6.5235727300,6.6364905900,6.6262253300,416862,5359096.2600,2,0.343141,1,0.154922,0
2018-12-18,sz.300421,6.5133074700,6.6262253300,6.5030422100,6.5748990300,6.6364905900,534600,6828765.0000,2,0.440057,1,-0.928073,0
2018-12-19,sz.300421,6.5800316600,6.5800316600,6.4927769500,6.5133074700,6.5748990300,499780,6371234.2000,2,0.411395,1,-0.936775,0
2018-12-20,sz.300421,6.5184401000,6.5595011400,6.4363180200,6.5081748400,6.5133074700,849333,10749372.6900,2,0.699130,1,-0.078797,0
2018-12-21,sz.300421,6.4414506500,6.5492358800,6.4414506500,6.5492358800,6.5081748400,552800,7001221.0000,2,0.455039,1,0.630914,0
2018-12-24,sz.300421,6.5492358800,6.6210927000,6.4619811700,6.6005621800,6.5492358800,599225,7688787.2500,2,0.493253,1,0.783694,0
2018-12-25,sz.300421,6.5697664000,6.5697664000,6.3285327900,6.5389706200,6.6005621800,816086,10241400.3000,2,0.671763,1,-0.933125,0
2018-12-26,sz.300421,6.4722464300,6.6518884800,6.4722464300,6.5748990300,6.5389706200,586100,7514851.0000,2,0.482450,1,0.549456,0
2018-12-27,sz.300421,6.6467558500,6.6724190000,6.4979095800,6.5030422100,6.5748990300,330200,4241577.0000,2,0.271805,1,-1.092899,0
2018-12-28,sz.300421,6.5543685100,6.5851642900,6.4517159100,6.4927769500,6.5030422100,412200,5238720.0000,2,0.339303,1,-0.157857,0
2019-01-02,sz.300421,6.5184401000,6.5287053600,6.3541959400,6.4055222400,6.4927769500,560400,7026350.0000,2,0.461295,1,-1.343874,0
2019-01-03,sz.300421,6.4055222400,6.4979095800,6.3952569800,6.4106548700,6.4055222400,416100,5233469.3500,2,0.342514,1,0.080130,0
2019-01-04,sz.300421,6.4003896100,6.5851642900,6.3695938300,6.5646337700,6.4106548700,767648,9769827.4000,2,0.631891,1,2.401923,0
2019-01-07,sz.300421,6.6621537400,6.6980821500,6.5800316600,6.6724190000,6.5646337700,777115,10086953.2100,2,0.639684,1,1.641908,0
2019-01-08,sz.300421,6.6672863700,6.7340105600,6.6416232200,6.6467558500,6.6724190000,404800,5268857.0000,2,0.333212,1,-0.384617,0
2019-01-09,sz.300421,6.6467558500,6.7904694900,6.6467558500,6.6672863700,6.6467558500,742400,9736500.8000,2,0.611108,1,0.308880,0
2019-01-10,sz.300421,6.6929495200,6.8263979000,6.6467558500,6.7956021200,6.6672863700,941412,12419900.0200,2,0.774926,1,1.924557,0
2019-01-11,sz.300421,6.7750716000,6.7904694900,6.6467558500,6.7186126700,6.7956021200,811000,10592235.0000,2,0.667577,1,-1.132928,0
2019-01-14,sz.300421,6.7186126700,6.7853368600,6.6724190000,6.6826842600,6.7186126700,618100,8099902.8500,2,0.508790,1,-0.534757,0
2019-01-15,sz.300421,6.7186126700,6.8263979000,6.6775516300,6.7545410800,6.6826842600,917560,12047116.0500,2,0.755292,1,1.075264,0
2019-01-16,sz.300421,6.7545410800,6.8110000100,6.7340105600,6.7699389700,6.7545410800,862200,11381139.0000,2,0.709722,1,0.227962,0
2019-01-17,sz.300421,6.7596737100,6.8417957900,6.5441032500,6.6210927000,6.7699389700,794600,10427395.0000,2,0.654077,1,-2.198635,0
2019-01-18,sz.300421,6.6210927000,6.8417957900,6.5954295500,6.7802042300,6.6210927000,1235911,16179464.6500,2,1.017343,1,2.403104,0
2019-01-21,sz.300421,6.7802042300,6.8161326400,6.7134800400,6.7391431900,6.7802042300,1020330,13437003.4000,2,0.839887,1,-0.605601,0
2019-01-22,sz.300421,6.7134800400,6.7494084500,6.6159600700,6.6313579600,6.7391431900,589100,7652396.0000,2,0.484919,1,-1.599391,0
2019-01-23,sz.300421,6.6364905900,6.6570211100,6.5235727300,6.5646337700,6.6313579600,1125900,14412474.0000,2,0.926787,1,-1.006193,0
2019-01-24,sz.300421,6.5800316600,6.6518884800,6.5287053600,6.6210927000,6.5646337700,758200,9755804.8300,2,0.624114,1,0.860044,0
2019-01-25,sz.300421,6.6210927000,6.6364905900,6.5748990300,6.5800316600,6.6210927000,550370,7084219.1000,2,0.453038,1,-0.620155,0
2019-01-28,sz.300421,6.5800316600,6.6570211100,6.4927769500,6.5081748400,6.5800316600,530000,6776569.0000,2,0.436271,1,-1.092039,0
2019-01-29,sz.300421,6.4825116900,6.4825116900,6.1694212600,6.3080022700,6.5081748400,965300,11883251.0000,2,0.794589,1,-3.075712,0
2019-01-30,sz.300421,6.3131349000,6.3131349000,6.1488907400,6.1950844100,6.3080022700,826200,10012474.0000,2,0.680089,1,-1.790075,0
2019-01-31,sz.300421,6.1899517800,6.3028696400,6.1694212600,6.2258801900,6.1950844100,798803,9703131.1800,2,0.657537,1,0.497104,0
2019-02-01,sz.300421,6.3490633100,6.3849917200,6.2618086000,6.3593285700,6.2258801900,666500,8240298.0000,2,0.548631,1,2.143448,0
2019-02-11,sz.300421,6.3593285700,6.5287053600,6.2926043800,6.5184401000,6.3593285700,903300,11345953.0000,2,0.743554,1,2.502013,0
2019-02-12,sz.300421,6.4106548700,6.6672863700,6.3644612000,6.5800316600,6.5184401000,1147000,14702776.0000,2,0.944156,1,0.944881,0
2019-02-13,sz.300421,6.5851642900,6.6878168900,6.5800316600,6.6570211100,6.5800316600,1151310,14879373.6000,2,0.947704,1,1.170051,0
2019-02-14,sz.300421,6.6262253300,6.7237453000,6.5902969200,6.6518884800,6.6570211100,809400,10510462.0000,2,0.666260,1,-0.077103,0
2019-02-15,sz.300421,6.6570211100,6.8161326400,6.6364905900,6.6724190000,6.6518884800,944200,12334691.0000,2,0.777220,1,0.308642,0
2019-02-18,sz.300421,6.7391431900,7.0830294000,6.7237453000,6.8725915700,6.6724190000,2072411,27584416.6300,2,1.705910,1,3.000003,0
2019-02-19,sz.300421,6.8725915700,6.8982547200,6.7648063400,6.8263979000,6.8725915700,2063895,27484405.5000,2,1.698900,1,-0.672145,0
2019-02-20,sz.300421,6.8161326400,6.8520610500,6.6980821500,6.7750716000,6.8263979000,1051200,13893134.0000,2,0.865298,1,-0.751883,0
2019-02-21,sz.300421,6.7802042300,6.9187852400,6.7494084500,6.7545410800,6.7750716000,2378200,31694605.0000,2,1.957621,1,-0.303030,0
2019-02-22,sz.300421,6.7186126700,6.8366631600,6.7186126700,6.8366631600,6.7545410800,1364325,18062644.2500,2,1.123047,1,1.215804,0
2019-02-25,sz.300421,6.8417957900,7.0778967700,6.8058673800,7.0624988800,6.8366631600,3672520,49851183.4300,2,3.023044,1,3.303307,0
2019-02-26,sz.300421,7.0830294000,7.1548862200,7.0060399500,7.0317031000,7.0624988800,2641157,36372998.7900,2,2.174075,1,-0.436050,0
2019-02-27,sz.300421,7.0214378400,7.0830294000,6.9547136500,6.9957746900,7.0317031000,2077017,28445352.3700,2,1.709702,1,-0.510947,0
2019-02-28,sz.300421,7.0009073200,7.0727641400,6.9547136500,7.0214378400,6.9957746900,1749883,23940784.9200,2,1.440420,1,0.366839,0
2019-03-01,sz.300421,7.0317031000,7.0624988800,6.9649789100,7.0368357300,7.0214378400,1505494,20585159.2100,2,1.239251,1,0.219296,0
2019-03-04,sz.300421,7.0676315100,7.2113451500,7.0471009900,7.1035599200,7.0368357300,2587094,35967767.4600,2,2.129573,1,0.948214,0
2019-03-05,sz.300421,7.1035599200,7.2524061900,7.1035599200,7.2370083000,7.1035599200,1986411,27862715.1700,2,1.635119,1,1.878614,0
2019-03-06,sz.300421,7.2472735600,7.4320482400,7.2164777800,7.3807219400,7.2370083000,2538384,36232027.2800,2,2.089477,1,1.985814,0
2019-03-07,sz.300421,7.3704566800,7.6065576600,7.3499261600,7.5193029500,7.3807219400,2806301,40870712.4000,2,2.310013,1,1.877604,0
2019-03-08,sz.300421,7.4423135000,8.0838922500,7.3293956400,7.3755893100,7.5193029500,3592788,53527114.2300,2,2.957412,1,-1.911261,0
2019-03-11,sz.300421,7.4885071700,7.7810670800,7.4885071700,7.7297407800,7.3755893100,2851052,42360541.7200,2,2.346850,1,4.801674,0
2019-03-12,sz.300421,7.8477912700,7.8991175700,7.5552313600,7.8015976000,7.7297407800,2875266,43435407.1200,2,2.366782,1,0.929611,0
2019-03-13,sz.300421,7.7913323400,7.8118628600,7.4833745400,7.5706292500,7.8015976000,2099030,31259415.6800,2,1.727822,1,-2.960525,0
2019-03-14,sz.300421,7.5603639900,7.6116902900,7.3755893100,7.4577113900,7.5706292500,1812220,26475633.1700,2,1.491733,1,-1.491527,0
2019-03-15,sz.300421,7.4936398000,7.6270881800,7.4423135000,7.5654966200,7.4577113900,1684027,24757808.0900,2,1.386211,1,1.445286,0
2019-03-18,sz.300421,7.6014250300,7.7913323400,7.5911597700,7.7759344500,7.5654966200,2098556,31588234.8300,2,1.727431,1,2.781546,0
2019-03-19,sz.300421,7.7964649700,8.3045953400,7.7964649700,8.1660143300,7.7759344500,4176632,65985667.4100,2,3.438005,1,5.016503,0
2019-03-20,sz.300421,8.2019427400,8.2019427400,7.8785870500,8.1608817000,8.1660143300,3432625,53853959.2500,2,2.825574,1,-0.062855,0
2019-03-21,sz.300421,8.1095554000,8.4175132000,7.9658417600,8.2891974500,8.1608817000,4816964,76437704.7900,2,3.965095,1,1.572327,0
2019-03-22,sz.300421,9.1206835100,9.1206835100,9.1206835100,9.1206835100,8.2891974500,2152700,38253479.0000,2,1.772000,1,10.030970,0
2019-03-25,sz.300421,10.0342916500,10.0342916500,9.7571296300,10.0342916500,9.1206835100,11364660,221524399.5400,2,9.354847,1,10.016880,0
2019-03-26,sz.300421,10.1626074000,10.4962283500,9.4491718300,9.5004981300,10.0342916500,16754873,323963856.5100,2,13.791814,1,-5.319688,0
2019-03-27,sz.300421,9.5569570600,9.5980181000,9.1463466600,9.2284687400,9.5004981300,9838177,178501620.7300,2,8.098319,1,-2.863321,0
2019-03-28,sz.300421,9.0744898400,9.4594370900,8.9307762000,9.0847551000,9.2284687400,7027317,125870584.4500,2,5.784553,1,-1.557279,0
2019-03-29,sz.300421,9.1258161400,9.3465192300,9.0642245800,9.3208560800,9.0847551000,6421764,115598302.0000,2,5.286090,1,2.598865,0
2019-04-01,sz.300421,9.3567844900,9.8751801200,9.3413866000,9.6955380700,9.3208560800,6938366,130293817.6400,2,5.711333,1,4.019822,0
2019-04-02,sz.300421,9.6493444000,9.8341190800,9.5980181000,9.6750075500,9.6955380700,6159041,116355315.0800,2,5.069829,1,-0.211747,0
2019-04-03,sz.300421,9.6031507300,9.7263338500,9.5056307600,9.6236812500,9.6750075500,4674299,87348633.4200,2,3.847660,1,-0.530506,0
2019-04-04,sz.300421,9.6493444000,9.8289864500,9.5620896900,9.6955380700,9.6236812500,4526000,85360491.0000,2,3.725588,1,0.746664,0
2019-04-08,sz.300421,9.7314664800,10.4808304600,9.7058033300,9.9932306100,9.6955380700,7862797,153824060.5400,2,6.472280,1,3.070407,0
2019-04-09,sz.300421,9.9111085300,10.9940934600,9.8341190800,10.6553398800,9.9932306100,11223314,233372951.4800,2,9.238498,1,6.625583,0
2019-04-10,sz.300421,10.5526872800,11.2917860000,10.2652600000,10.8503798200,10.6553398800,11531942,241580980.2400,2,9.492546,1,1.830439,0
2019-04-11,sz.300421,10.6502072500,10.7733903700,10.1626074000,10.1780052900,10.8503798200,6442928,131547364.9000,2,5.303512,1,-6.196781,0
2019-04-12,sz.300421,10.2088010700,10.6758704000,10.2088010700,10.4295041600,10.1780052900,6233572,126747692.7300,2,5.131180,1,2.471002,0
2019-04-15,sz.300421,10.4756978300,10.6758704000,10.1626074000,10.1728726600,10.4295041600,4262961,86464500.6100,2,3.509067,1,-2.460630,0
2019-04-16,sz.300421,10.1061484700,10.2909231500,9.9059759000,10.2857905200,10.1728726600,4572400,89948238.0000,2,3.763782,1,1.109996,0
2019-04-17,sz.300421,10.6296767300,11.0300218700,10.5013609800,10.8503798200,10.2857905200,9035195,188949392.2100,2,7.437342,1,5.489014,0
2019-04-18,sz.300421,10.8709103400,11.5894785400,10.7066661800,11.2866533700,10.8503798200,9902820,216634652.0200,2,8.151530,1,4.020816,0
2019-04-19,sz.300421,11.1891334000,11.5792132800,11.1326744700,11.5740806500,11.2866533700,7257374,160906201.2700,2,5.973925,1,2.546610,0
2019-04-22,sz.300421,11.6254069500,11.9487626400,11.0710829100,11.1737355100,11.5740806500,8021912,179741916.2600,2,6.603256,1,-3.458975,0
2019-04-23,sz.300421,11.0710829100,11.2199291800,10.4089736400,10.7066661800,11.1737355100,8030773,168168082.4700,2,6.610550,1,-4.180064,0
2019-04-24,sz.300421,10.7066668500,11.0114480000,10.3822224000,10.8148150000,10.7066668500,12976334,141243176.8600,2,6.957003,1,1.010098,0
2019-04-25,sz.300421,10.7459934500,11.4145456500,10.0872729000,10.6968352000,10.8148150000,20213676,226346548.5200,2,10.837160,1,-1.090908,0
2019-04-26,sz.300421,10.4805389000,11.1097645000,9.6841752500,9.7824917500,10.6968352000,17990905,191492434.4700,2,9.645466,1,-8.547797,0
2019-04-29,sz.300421,9.3990574000,9.6350170000,8.8091584000,9.1237712000,9.7824917500,18462118,171346767.4300,2,9.898097,1,-6.733669,0
2019-04-30,sz.300421,9.1336028500,10.0381146500,9.0254547000,10.0381146500,9.1237712000,24161483,244551699.4700,2,12.953698,1,10.021550,0
2019-05-06,sz.300421,9.2909092500,9.5170372000,9.0352863500,9.0352863500,10.0381146500,15140391,141721525.6300,2,8.117219,1,-9.990211,0
2019-05-07,sz.300421,8.8583166500,9.6645119500,8.6518520000,9.4875422500,9.0352863500,19373576,181815425.9700,2,10.386757,1,5.005441,0
2019-05-08,sz.300421,9.0942762500,10.4412123000,9.0942762500,10.4412123000,9.4875422500,27660491,283342460.8900,2,14.829622,1,10.051820,0
2019-05-09,sz.300421,11.0901012000,11.4833672000,11.0114480000,11.4833672000,10.4412123000,20540177,237897532.1700,2,11.012207,1,9.981172,0
2019-05-10,sz.300421,12.6336702500,12.6336702500,11.3850507000,11.8668015500,11.4833672000,55163243,681363247.6900,2,29.574675,1,3.339036,0
2019-05-13,sz.300421,10.7066668500,11.1589227500,10.6771719000,10.6771719000,11.8668015500,33943585,370939761.9500,2,18.198178,1,-10.024860,0
2019-05-14,sz.300421,10.0086197000,11.0114480000,10.0086197000,10.6771719000,10.6771719000,27579324,295701324.5600,2,14.786106,1,0.000000,0
2019-05-15,sz.300421,10.5296971500,10.8148150000,10.2839059000,10.6181820000,10.6771719000,27315410,291254937.3700,2,14.644614,1,-0.552481,0
2019-05-16,sz.300421,10.5198655000,10.5985187000,9.6350170000,10.0479463000,10.6181820000,23631015,242016608.6500,2,12.669299,1,-5.370369,0
2019-05-17,sz.300421,10.1462628000,10.2150843500,9.0451180000,9.1041079000,10.0479463000,23212067,224905437.3500,2,12.444688,1,-9.393347,0
2019-05-20,sz.300421,9.1336028500,9.1434345000,8.3077442500,8.6125254000,9.1041079000,13953700,122572345.5000,2,7.480999,1,-5.399568,0
2019-05-21,sz.300421,8.6616836500,8.7206735500,8.5142089000,8.6026937500,8.6125254000,9821847,86020446.9200,2,5.265788,1,-0.114158,0
2019-05-22,sz.300421,8.5535355000,8.6026937500,8.0521213500,8.1602695000,8.6026937500,15339361,129634832.5900,2,8.223893,1,-5.142855,0
2019-05-23,sz.300421,8.0816163000,8.4060607500,7.8751516500,8.0127947500,8.1602695000,12727971,105286002.1700,2,6.823848,1,-1.807236,0
2019-05-24,sz.300421,7.9341415500,8.1504378500,7.8063301000,7.8554883500,8.0127947500,9652271,78066045.0800,2,5.174873,1,-1.963188,0
2019-05-27,sz.300421,7.9046466000,8.1111112500,7.8456567000,8.0914479500,7.8554883500,11364707,92485941.8500,2,6.092962,1,3.003752,0
2019-05-28,sz.300421,8.0619530000,8.1897644500,7.8358250500,7.8948149500,8.0914479500,11021863,89921684.3900,2,5.909153,1,-2.430131,0
2019-05-29,sz.300421,7.8948149500,8.0226264000,7.8653200000,7.9243099000,7.8948149500,7542089,60942378.9600,2,4.043541,1,0.373608,0
2019-05-30,sz.300421,7.8948149500,7.9144782500,7.4032324500,7.6588553500,7.9243099000,11917069,92217827.7500,2,6.389099,1,-3.349882,0
2019-05-31,sz.300421,7.6490237000,7.8653200000,7.5802021500,7.6293604000,7.6588553500,8440429,66381886.0200,2,4.525168,1,-0.385106,0
2019-06-03,sz.300421,7.6588553500,7.9144782500,7.5212122500,7.5212122500,7.6293604000,10244311,80175875.0900,2,5.492284,1,-1.417527,0
2019-06-04,sz.300421,7.5507072000,7.5802021500,7.2360944000,7.3442425500,7.5212122500,7564187,56852243.4000,2,4.055388,1,-2.352945,0
2019-06-05,sz.300421,7.4425590500,7.4720540000,7.2950843000,7.3245792500,7.3442425500,6875241,51742089.6600,2,3.686024,1,-0.267737,0
2019-06-06,sz.300421,7.4425590500,7.4425590500,7.0001348000,7.1181146000,7.3245792500,8015230,58464293.8000,2,4.297206,1,-2.818793,0
2019-06-10,sz.300421,7.2065994500,7.3147476000,7.1279462500,7.2262627500,7.1181146000,6720360,49467994.6000,2,3.602987,1,1.519339,0
2019-06-11,sz.300421,7.2852526500,7.8653200000,7.1476095500,7.5998654500,7.2262627500,13083114,99555295.7200,2,7.014251,1,5.170070,0
2019-06-12,sz.300421,7.5998654500,7.5998654500,7.3245792500,7.3442425500,7.5998654500,9815040,74208823.0600,2,5.262138,1,-3.363522,0
2019-06-13,sz.300421,7.3344109000,7.5113806000,7.2360944000,7.4130641000,7.3442425500,7283850,54616082.0000,2,3.905091,1,0.937084,0
2019-06-14,sz.300421,7.4228957500,7.4327274000,6.9706398500,6.9903031500,7.4130641000,7413850,54067460.8000,2,3.974788,1,-5.702915,0
2019-06-17,sz.300421,6.9903031500,7.2360944000,6.9903031500,7.1672728500,6.9903031500,5687020,41337140.9000,2,3.048983,1,2.531643,0
2019-06-18,sz.300421,7.2065994500,7.3049159500,7.0984513000,7.1574412000,7.1672728500,5121816,37487953.3600,2,2.745960,1,-0.137171,0
2019-06-19,sz.300421,7.3245792500,7.4327274000,7.2754210000,7.2754210000,7.1574412000,6093465,45458199.2500,2,3.266890,1,1.648350,0
2019-06-20,sz.300421,7.2950843000,7.3639058500,7.1967678000,7.3639058500,7.2754210000,6801480,50483724.9000,2,3.646478,1,1.216212,0
2019-06-21,sz.300421,7.6588553500,7.8554883500,7.5015489500,7.6490237000,7.3639058500,17083021,133197071.2700,2,9.158722,1,3.871835,0
2019-06-24,sz.300421,7.6490237000,7.6490237000,7.4032324500,7.4228957500,7.6490237000,10245457,78030264.3700,2,5.492898,1,-2.956298,0
2019-06-25,sz.300421,7.4523907000,7.5310439000,7.3245792500,7.3835691500,7.4228957500,7345490,55329848.2000,2,3.938138,1,-0.529801,0
2019-06-26,sz.300421,7.3344109000,7.6391920500,7.2852526500,7.4917173000,7.3835691500,7772558,59203839.2600,2,4.167102,1,1.464709,0
2019-06-27,sz.300421,7.4917173000,7.5605388500,7.4032324500,7.4130641000,7.4917173000,6427542,48875810.3600,2,3.445999,1,-1.049868,0
2019-06-28,sz.300421,7.4228957500,7.4523907000,7.1967678000,7.2360944000,7.4130641000,5548857,41147364.6900,2,2.974909,1,-2.387266,0
2019-07-01,sz.300421,7.3835691500,7.5113806000,7.3540742000,7.4523907000,7.2360944000,6661603,50390540.5600,2,3.571486,1,2.989127,0
2019-07-02,sz.300421,7.4425590500,7.7670035000,7.3835691500,7.5900338000,7.4523907000,11684931,90263829.8300,2,6.264643,1,1.846964,0
2019-07-03,sz.300421,7.5605388500,7.5605388500,7.3245792500,7.3737375000,7.5900338000,7491260,56408195.2900,2,4.016290,1,-2.849738,0
2019-07-04,sz.300421,7.4130641000,7.4622223500,7.3344109000,7.3540742000,7.3737375000,4158941,31210850.9800,2,2.229733,1,-0.266666,0
2019-07-05,sz.300421,7.3737375000,7.3835691500,7.2754210000,7.3049159500,7.3540742000,3745075,27897977.0800,2,2.007847,1,-0.668452,0
2019-07-08,sz.300421,7.2360944000,7.2754210000,6.8821550000,6.9903031500,7.3049159500,6869497,49067129.9000,2,3.682944,1,-4.306860,0
2019-07-09,sz.300421,6.9706398500,7.0099664500,6.9018183000,6.9706398500,6.9903031500,3341363,23617937.0800,2,1.791405,1,-0.281294,0
2019-07-10,sz.300421,6.9411449000,7.0099664500,6.8919866500,6.9116499500,6.9706398500,3119615,22065894.2000,2,1.672520,1,-0.846261,0
2019-07-11,sz.300421,6.9509765500,7.1181146000,6.9116499500,6.9509765500,6.9116499500,3574836,25441624.9000,2,1.916577,1,0.568990,0
2019-07-12,sz.300421,6.9608082000,6.9804715000,6.8821550000,6.9411449000,6.9509765500,2801451,19777191.7300,2,1.501942,1,-0.141446,0
2019-07-15,sz.300421,6.9018183000,7.0591247000,6.8428284000,7.0197981000,6.9411449000,3498162,24770634.1000,2,1.875470,1,1.133143,0
2019-07-16,sz.300421,6.9804715000,7.0591247000,6.9608082000,7.0197981000,7.0197981000,2507560,17859076.5000,2,1.344378,1,0.000000,0
2019-07-17,sz.300421,6.9903031500,7.0591247000,6.9411449000,6.9608082000,7.0197981000,4139029,29409000.3200,2,2.219058,1,-0.840335,0
2019-07-18,sz.300421,6.9313132500,6.9411449000,6.7936701500,6.7936701500,6.9608082000,3572870,24895578.1000,2,1.915523,1,-2.401131,0
2019-07-19,sz.300421,6.7936701500,6.9313132500,6.7936701500,6.8526600500,6.7936701500,3159225,22082097.4100,2,1.693756,1,0.868306,0
2019-07-22,sz.300421,6.8231651000,6.8723233500,6.4888890000,6.5183839500,6.8526600500,4355946,29295246.7000,2,2.335354,1,-4.878044,0
2019-07-23,sz.300421,6.5773738500,6.7346802500,6.5085523000,6.7150169500,6.5183839500,3642812,24622941.7900,2,1.953021,1,3.016588,0
2019-07-24,sz.300421,6.7346802500,6.9411449000,6.6756903500,6.9116499500,6.7150169500,4570419,32023099.6200,2,2.450339,1,2.928262,0
2019-07-25,sz.300421,6.9313132500,7.0001348000,6.8035018000,6.8329967500,6.9116499500,2670424,18660262.9400,2,1.431695,1,-1.137986,0
2019-07-26,sz.300421,6.8428284000,6.9018183000,6.7543435500,6.8231651000,6.8329967500,2290529,15913739.1800,2,1.228000,1,-0.143900,0
2019-07-29,sz.300421,6.8231651000,6.9313132500,6.7051853000,6.7543435500,6.8231651000,2649004,18293232.4400,2,1.420211,1,-1.008648,0
2019-07-30,sz.300421,6.7641752000,6.9214816000,6.7543435500,6.9116499500,6.7543435500,4147464,28999119.8100,2,2.223600,1,2.329000,0
2019-07-31,sz.300421,6.8723233500,6.9018183000,6.7543435500,6.7936701500,6.9116499500,3120654,21583928.1000,2,1.673100,1,-1.707000,0
2019-08-01,sz.300421,6.7641752000,6.8231651000,6.7051853000,6.7051853000,6.7936701500,2664894,18283630.8200,2,1.428700,1,-1.302500,0
2019-08-02,sz.300421,6.5872055000,6.9608082000,6.4888890000,6.7543435500,6.7051853000,6897926,46848429.4500,2,3.757400,1,0.733100,0
2019-08-05,sz.300421,6.7445119000,6.7641752000,6.5282156000,6.5675422000,6.7543435500,4863905,32851409.0700,2,2.649500,1,-2.765600,0
2019-08-06,sz.300421,6.4298991000,6.4593940500,6.1841078500,6.3709092000,6.5675422000,5288327,34134159.7300,2,2.880700,1,-2.994000,0
2019-08-07,sz.300421,6.4298991000,6.4593940500,6.2922560000,6.3020876500,6.3709092000,2096691,13580728.5000,2,1.142100,1,-1.080200,0
2019-08-08,sz.300421,6.3512459000,6.4102358000,6.3020876500,6.3119193000,6.3020876500,1596094,10304045.6400,2,0.869400,1,0.156000,0
2019-08-09,sz.300421,6.3512459000,6.6363637500,6.3315826000,6.5085523000,6.3119193000,6789400,44833156.8500,2,3.698300,1,3.115300,0
2019-08-12,sz.300421,6.5282156000,6.5282156000,6.4200674500,6.5085523000,6.5085523000,2962292,19466660.0300,2,1.613600,1,0.000000,0
2019-08-13,sz.300421,6.4495624000,6.4692257000,6.4004041500,6.4298991000,6.5085523000,1826984,11944850.0400,2,0.995200,1,-1.208500,0
2019-08-14,sz.300421,6.5085523000,6.5577105500,6.4692257000,6.4790573500,6.4298991000,2260000,14955292.9000,2,1.231100,1,0.764500,0
2019-08-15,sz.300421,6.3119193000,6.5577105500,6.2430977500,6.5380472500,6.4790573500,2824321,18528767.9800,2,1.538500,1,0.910500,0
2019-08-16,sz.300421,6.5577105500,6.5773738500,6.4987206500,6.5282156000,6.5380472500,2713767,18054691.2800,2,1.478200,1,-0.150400,0
2019-08-19,sz.300421,6.5675422000,6.6953536500,6.5380472500,6.6560270500,6.5282156000,4262340,28774377.4000,2,2.321800,1,1.957800,0
2019-08-20,sz.300421,6.6560270500,6.7248486000,6.5675422000,6.6167004500,6.6560270500,4465370,30172743.4000,2,2.432400,1,-0.590800,0
2019-08-21,sz.300421,6.6265321000,6.6363637500,6.5478789000,6.5773738500,6.6167004500,2425540,16249499.3200,2,1.321200,1,-0.594400,0
2019-08-22,sz.300421,6.5773738500,6.6363637500,6.5085523000,6.6068688000,6.5773738500,2981572,19941498.6800,2,1.624100,1,0.448400,0
2019-08-23,sz.300421,6.5872055000,6.6363637500,6.4888890000,6.4987206500,6.6068688000,2435570,16208859.0000,2,1.326700,1,-1.636900,0
2019-08-26,sz.300421,6.3905725000,6.4692257000,6.3512459000,6.4298991000,6.4987206500,2792671,18220528.4600,2,1.521200,1,-1.059000,0
2019-08-27,sz.300421,6.4298991000,6.5675422000,6.4298991000,6.5380472500,6.4298991000,3886790,25823722.3000,2,2.117200,1,1.682000,0
2019-08-28,sz.300421,6.5577105500,6.5872055000,6.5085523000,6.5577105500,6.5380472500,3077481,20510588.1800,2,1.676400,1,0.300800,0
2019-08-29,sz.300421,6.5478789000,6.5970371500,6.4790573500,6.5085523000,6.5577105500,2790610,18547664.9000,2,1.520100,1,-0.749600,0
2019-08-30,sz.300421,6.5478789000,6.5773738500,6.3217509500,6.3905725000,6.5085523000,3792500,24874496.3000,2,2.065900,1,-1.812700,0
2019-09-02,sz.300421,6.3610775500,6.5577105500,6.3610775500,6.5380472500,6.3905725000,4143300,27387656.6800,2,2.256900,1,2.307700,0
2019-09-03,sz.300421,6.5282156000,6.6167004500,6.5183839500,6.6068688000,6.5380472500,5259912,35207931.2600,2,2.865200,1,1.052600,0
2019-09-04,sz.300421,6.7150169500,7.2655893500,6.6855220000,7.2655893500,6.6068688000,5877360,42980747.7000,2,3.201500,1,9.970200,0
2019-09-05,sz.300421,7.4228957500,7.7473402000,7.2655893500,7.2754210000,7.2655893500,34366336,262915587.4300,2,18.720000,1,0.135300,0
2019-09-06,sz.300421,7.0984513000,7.3737375000,7.0984513000,7.2360944000,7.2754210000,13499574,98895221.8400,2,7.353500,1,-0.540500,0
2019-09-09,sz.300421,7.2655893500,7.3442425500,7.1672728500,7.3049159500,7.2360944000,9125988,67410425.1400,2,4.971100,1,0.951100,0
2019-09-10,sz.300421,7.2655893500,7.2754210000,7.1771045000,7.2262627500,7.3049159500,6494118,47669269.4000,2,3.537500,1,-1.076700,0
2019-09-11,sz.300421,7.2557577000,7.3147476000,7.1967678000,7.2459260500,7.2262627500,6153741,45362572.8600,2,3.352100,1,0.272100,0
2019-09-12,sz.300421,7.2557577000,7.2754210000,7.1181146000,7.2262627500,7.2459260500,4954719,36175764.8800,2,2.698900,1,-0.271400,0
2019-09-16,sz.300421,7.2655893500,7.2950843000,7.1967678000,7.2950843000,7.2262627500,5501120,40555473.2000,2,2.996600,1,0.952400,0
2019-09-17,sz.300421,7.3245792500,7.9931314500,7.2754210000,7.6391920500,7.2950843000,29636473,229274910.8700,2,16.143600,1,4.717000,0
2019-09-18,sz.300421,7.5015489500,7.6195287500,7.3737375000,7.5998654500,7.6391920500,13461952,102464738.4200,2,7.333000,1,-0.514800,0
2019-09-19,sz.300421,7.5703705000,7.6490237000,7.4228957500,7.4622223500,7.5998654500,9217409,70227748.0400,2,5.020900,1,-1.811100,0
2019-09-20,sz.300421,7.4228957500,7.5015489500,7.2754210000,7.3245792500,7.4622223500,7399220,55604493.5000,2,4.030500,1,-1.844500,0
2019-09-23,sz.300421,7.2655893500,7.2754210000,7.0296297500,7.0689563500,7.3245792500,6787121,49016374.4300,2,3.697100,1,-3.489900,0
2019-09-24,sz.300421,7.0296297500,7.1279462500,7.0197981000,7.1279462500,7.0689563500,3672340,26483999.3900,2,2.000400,1,0.834500,0
2019-09-25,sz.300421,7.1377779000,7.2164311000,7.0099664500,7.1377779000,7.1279462500,4911840,35587134.8000,2,2.675600,1,0.137900,0
2019-09-26,sz.300421,7.2360944000,7.7571718500,7.1771045000,7.3442425500,7.1377779000,16022251,121579382.0600,2,8.727600,1,2.892600,0
2019-09-27,sz.300421,6.9411449000,7.5900338000,6.9411449000,7.4917173000,7.3442425500,12693771,94860430.7600,2,6.914600,1,2.008000,0
2019-09-30,sz.300421,7.3639058500,8.0521213500,7.3147476000,7.7178452500,7.4917173000,18278574,143788244.3800,2,9.956700,1,3.018400,0
2019-10-08,sz.300421,7.7571718500,8.1406062000,7.5310439000,8.0619530000,7.7178452500,20320425,163528183.5000,2,11.068900,1,4.458600,0
2019-10-09,sz.300421,7.8948149500,8.0619530000,7.7670035000,7.9636365000,8.0619530000,15192825,122167888.5500,2,8.275800,1,-1.219500,0
2019-10-10,sz.300421,7.9341415500,8.4060607500,7.8259934000,8.3470708500,7.9636365000,20087191,163770454.8900,2,10.941900,1,4.814800,0
2019-10-11,sz.300421,8.1897644500,8.2979126000,7.8259934000,7.8259934000,8.3470708500,15095109,124074667.7000,2,8.222600,1,-6.242600,0
2019-10-14,sz.300421,7.7670035000,8.0422897000,7.5310439000,8.0324580500,7.8259934000,17190043,135724810.0200,2,9.363800,1,2.638200,0
2019-10-15,sz.300421,7.8653200000,8.1111112500,7.8456567000,7.9538048500,8.0324580500,10647793,86278570.9300,2,5.800100,1,-0.979200,0
2019-10-16,sz.300421,7.8849833000,8.0029631000,7.6293604000,7.6785186500,7.9538048500,8376702,66340724.7200,2,4.563000,1,-3.461100,0
2019-10-17,sz.300421,7.6785186500,7.7866668000,7.5015489500,7.5703705000,7.6785186500,5203300,40362848.6000,2,2.834300,1,-1.408500,0
2019-10-18,sz.300421,7.6293604000,7.6391920500,7.2065994500,7.2852526500,7.5703705000,6586135,49553659.6500,2,3.587600,1,-3.766200,0
2019-10-21,sz.300421,7.3540742000,7.4130641000,7.1869361500,7.4032324500,7.2852526500,3625675,26964431.7000,2,1.975000,1,1.619400,0
2019-10-22,sz.300421,7.3147476000,7.4818856500,7.3147476000,7.4425590500,7.4032324500,3550587,26793926.1200,2,1.934100,1,0.531200,0
2019-10-23,sz.300421,7.4818856500,7.5212122500,7.1771045000,7.2459260500,7.4425590500,4266760,31881206.6000,2,2.324200,1,-2.642000,0
2019-10-24,sz.300421,7.2459260500,7.3737375000,7.1771045000,7.2852526500,7.2459260500,4531080,33576185.5000,2,2.468200,1,0.542700,0
2019-10-25,sz.300421,7.2065994500,7.2950843000,7.1476095500,7.2557577000,7.2852526500,3280900,24125465.7000,2,1.787200,1,-0.404900,0
2019-10-28,sz.300421,7.2262627500,7.3639058500,7.1181146000,7.3639058500,7.2557577000,4752261,35041631.5500,2,2.588700,1,1.490500,0
2019-10-29,sz.300421,7.2950843000,7.3540742000,7.1672728500,7.1672728500,7.3639058500,3894967,28664665.3200,2,2.121700,1,-2.670200,0
2019-10-30,sz.300421,7.1279462500,7.1279462500,6.4790573500,6.7838385000,7.1672728500,7557410,52716156.2000,2,4.116700,1,-5.349800,0
2019-10-31,sz.300421,6.8428284000,6.9903031500,6.7838385000,6.8231651000,6.7838385000,4652110,32620964.1000,2,2.534100,1,0.579700,0
2019-11-01,sz.300421,6.4888890000,6.9903031500,6.4888890000,6.9608082000,6.8231651000,3754120,26396533.2000,2,2.044900,1,2.017300,0
2019-11-04,sz.300421,7.0296297500,7.0296297500,6.8329967500,6.8624917000,6.9608082000,3937560,27734485.0000,2,2.144900,1,-1.412400,0
2019-11-05,sz.300421,6.8428284000,6.9116499500,6.6658587000,6.7838385000,6.8624917000,3221700,22226001.2000,2,1.754900,1,-1.146100,0
2019-11-06,sz.300421,6.7641752000,6.8329967500,6.5872055000,6.6855220000,6.7838385000,2925530,19905978.7000,2,1.593600,1,-1.449300,0
2019-11-07,sz.300421,6.6363637500,6.7150169500,6.6068688000,6.6363637500,6.6855220000,2426134,16411004.2600,2,1.321600,1,-0.735300,0
2019-11-08,sz.300421,6.6756903500,6.7051853000,6.5577105500,6.5773738500,6.6363637500,2064291,13923408.7600,2,1.124500,1,-0.888900,0
2019-11-11,sz.300421,6.5478789000,6.5773738500,6.3905725000,6.3905725000,6.5773738500,2970600,19503925.9900,2,1.618100,1,-2.840100,0
2019-11-12,sz.300421,6.4200674500,6.5183839500,6.3905725000,6.4790573500,6.3905725000,1900680,12455757.7000,2,1.035300,1,1.384600,0
2019-11-13,sz.300421,6.4692257000,6.4888890000,6.3414142500,6.4102358000,6.4790573500,2497110,16274096.4000,2,1.360200,1,-1.062200,0
2019-11-14,sz.300421,6.4298991000,6.4593940500,6.3217509500,6.3709092000,6.4102358000,1921300,12450282.0000,2,1.046600,1,-0.613500,0
2019-11-15,sz.300421,6.3709092000,6.5380472500,6.2234344500,6.2234344500,6.3709092000,2840720,18295911.4000,2,1.547400,1,-2.314800,0
2019-11-18,sz.300421,6.2430977500,6.3315826000,6.2037711500,6.2824243500,6.2234344500,2354048,15010696.6600,2,1.282300,1,0.947900,0
2019-11-19,sz.300421,6.3119193000,6.4495624000,6.2529294000,6.4298991000,6.2824243500,2932610,19079471.7000,2,1.597500,1,2.347400,0
2019-11-20,sz.300421,6.3905725000,6.4298991000,6.2725927000,6.2824243500,6.4298991000,2564840,16565193.6000,2,1.397100,1,-2.293600,0
2019-11-21,sz.300421,6.2725927000,6.3315826000,6.2234344500,6.2627610500,6.2824243500,1569350,10023429.1000,2,0.854900,1,-0.313000,0
2019-11-22,sz.300421,6.2824243500,6.3905725000,6.1644445500,6.2627610500,6.2627610500,3614727,22974969.6100,2,1.969000,1,0.000000,0
2019-11-25,sz.300421,6.2332661000,6.3020876500,6.1546129000,6.2922560000,6.2627610500,2917640,18503476.0000,2,1.589300,1,0.471000,0
2019-11-26,sz.300421,6.2922560000,6.3512459000,6.2627610500,6.2725927000,6.2922560000,2237900,14349098.2000,2,1.219000,1,-0.312500,0
2019-11-27,sz.300421,6.2824243500,6.3217509500,6.2529294000,6.3217509500,6.2725927000,1686470,10811533.9000,2,0.918700,1,0.783700,0
2019-11-28,sz.300421,6.3315826000,6.3414142500,6.1939395000,6.2430977500,6.3217509500,2261260,14402682.1000,2,1.231800,1,-1.244200,0
2019-11-29,sz.300421,6.2430977500,6.3119193000,6.1939395000,6.3119193000,6.2430977500,1443260,9176594.4000,2,0.786200,1,1.102400,0
2019-12-02,sz.300421,6.3414142500,6.3414142500,6.2922560000,6.3315826000,6.3119193000,1480580,9509568.9000,2,0.806500,1,0.311500,0
2019-12-03,sz.300421,6.3315826000,6.3315826000,6.2529294000,6.3119193000,6.3315826000,3166027,20214591.8600,2,1.724600,1,-0.310600,0
2019-12-04,sz.300421,6.2922560000,6.5675422000,6.2725927000,6.5380472500,6.3119193000,6579040,43107896.8000,2,3.583700,1,3.582600,0
2019-12-05,sz.300421,6.5085523000,6.5773738500,6.4888890000,6.5577105500,6.5380472500,3783070,25106774.2000,2,2.060700,1,0.300800,0
2019-12-06,sz.300421,6.5970371500,6.5970371500,6.4692257000,6.5282156000,6.5577105500,2213030,14656249.8000,2,1.205500,1,-0.449800,0
2019-12-09,sz.300421,6.5675422000,6.5675422000,6.4790573500,6.4987206500,6.5282156000,2123800,14052838.4000,2,1.156900,1,-0.451800,0
2019-12-10,sz.300421,6.4790573500,6.4790573500,6.3905725000,6.4495624000,6.4987206500,4186310,27355730.6000,2,2.280400,1,-0.756400,0
2019-12-11,sz.300421,6.4790573500,6.4790573500,6.4004041500,6.4495624000,6.4495624000,1861700,12197271.9000,2,1.014100,1,0.000000,0
2019-12-12,sz.300421,6.4298991000,6.4593940500,6.3709092000,6.3807408500,6.4495624000,1837685,11992266.4500,2,1.001000,1,-1.067100,0
2019-12-13,sz.300421,6.4200674500,6.5282156000,6.4004041500,6.5183839500,6.3807408500,2908110,19176662.0000,2,1.584100,1,2.157200,0
2019-12-16,sz.300421,6.5183839500,6.6658587000,6.4987206500,6.6560270500,6.5183839500,3580070,23988711.6000,2,1.950100,1,2.111600,0
2019-12-17,sz.300421,6.6756903500,6.7445119000,6.6363637500,6.7051853000,6.6560270500,3519980,23967686.2000,2,1.917400,1,0.738600,0
2019-12-18,sz.300421,6.7051853000,6.7543435500,6.6560270500,6.6658587000,6.7051853000,3177190,21644183.3000,2,1.730700,1,-0.586500,0
2019-12-19,sz.300421,6.6658587000,6.7248486000,6.6560270500,6.7150169500,6.6658587000,2446840,16649916.0000,2,1.332800,1,0.737500,0
2019-12-20,sz.300421,6.7150169500,6.7641752000,6.5872055000,6.5970371500,6.7150169500,3815220,25989746.2000,2,2.078200,1,-1.757000,0
2019-12-23,sz.300421,6.5970371500,6.6363637500,6.4102358000,6.4298991000,6.5970371500,3302840,21874019.7000,2,1.799100,1,-2.533500,0
2019-12-24,sz.300421,6.4495624000,6.6068688000,6.4200674500,6.6068688000,6.4298991000,2746635,18247215.2000,2,1.496100,1,2.752300,0
2019-12-25,sz.300421,6.6756903500,6.7641752000,6.5478789000,6.6756903500,6.6068688000,4150250,28120445.4000,2,2.260700,1,1.041700,0
2019-12-26,sz.300421,6.6658587000,6.7150169500,6.5970371500,6.7150169500,6.6756903500,3040320,20648738.1000,2,1.656100,1,0.589100,0
2019-12-27,sz.300421,6.7445119000,6.7641752000,6.6167004500,6.6167004500,6.7150169500,3640355,24777880.1500,2,1.983000,1,-1.464100,0
2019-12-30,sz.300421,6.6068688000,6.7641752000,6.4593940500,6.7445119000,6.6167004500,4294680,28846581.2000,2,2.339400,1,1.931700,0
2019-12-31,sz.300421,6.7346802500,6.8035018000,6.6658587000,6.7740068500,6.7445119000,4373137,29978753.7500,2,2.382100,1,0.437300,0
2020-01-02,sz.300421,6.7740068500,6.9313132500,6.7740068500,6.8624917000,6.7740068500,4647395,32392110.4500,2,2.531500,1,1.306200,0
2020-01-03,sz.300421,6.8624917000,6.9608082000,6.8428284000,6.8919866500,6.8624917000,3481730,24411961.6000,2,1.896600,1,0.429800,0
2020-01-06,sz.300421,6.8133334500,7.0296297500,6.6953536500,6.9804715000,6.8919866500,5390036,38023579.5000,2,2.936100,1,1.283900,0
2020-01-07,sz.300421,6.9804715000,7.0689563500,6.9608082000,7.0099664500,6.9804715000,3598069,25633776.0800,2,1.959900,1,0.422500,0
2020-01-08,sz.300421,6.9706398500,6.9903031500,6.7641752000,6.8723233500,7.0099664500,5850153,40964241.2000,2,3.186700,1,-1.963500,0
2020-01-09,sz.300421,6.9313132500,7.2065994500,6.9116499500,7.0984513000,6.8723233500,9237110,66547074.0000,2,5.031600,1,3.290400,0
2020-01-10,sz.300421,7.0787880000,7.1476095500,7.0001348000,7.0001348000,7.0984513000,3736800,26740545.0000,2,2.035500,1,-1.385000,0
2020-01-13,sz.300421,6.9706398500,7.0296297500,6.9018183000,7.0197981000,7.0001348000,2712990,19219747.2000,2,1.477800,1,0.280900,0
2020-01-14,sz.300421,7.0394614000,7.0492930500,6.9313132500,6.9509765500,7.0197981000,3363594,23889321.6400,2,1.832200,1,-0.980400,0
2020-01-15,sz.300421,6.9608082000,6.9608082000,6.7936701500,6.8526600500,6.9509765500,3903280,27216180.0000,2,2.126200,1,-1.414400,0
2020-01-16,sz.300421,6.8919866500,6.8919866500,6.7346802500,6.7543435500,6.8526600500,2930060,20250446.6000,2,1.596100,1,-1.434700,0
2020-01-17,sz.300421,6.7838385000,6.7936701500,6.6855220000,6.7150169500,6.7543435500,2514690,17221976.1000,2,1.369800,1,-0.582200,0
2020-01-20,sz.300421,6.7051853000,6.7936701500,6.6756903500,6.7936701500,6.7150169500,2494610,17079049.8000,2,1.358900,1,1.171300,0
2020-01-21,sz.300421,6.7445119000,6.7838385000,6.6461954000,6.6560270500,6.7936701500,2468090,16826662.0200,2,1.344400,1,-2.026000,0
2020-01-22,sz.300421,6.6265321000,6.6953536500,6.4987206500,6.6658587000,6.6560270500,3186550,21370598.2000,2,1.735800,1,0.147700,0
2020-01-23,sz.300421,6.5773738500,6.6953536500,6.2824243500,6.3414142500,6.6658587000,4596467,30155733.1000,2,2.503800,1,-4.867300,0
2020-02-03,sz.300421,5.7121886500,5.7121886500,5.7121886500,5.7121886500,6.3414142500,1377300,8002113.0000,2,0.750200,1,-9.922500,0
2020-02-04,sz.300421,5.1419529500,5.5843772000,5.1419529500,5.4958923500,5.7121886500,6224435,34205129.8500,2,3.390600,1,-3.786600,0
2020-02-05,sz.300421,5.4565657500,5.7121886500,5.4565657500,5.5942088500,5.4958923500,4207310,23964504.6000,2,2.291800,1,1.788900,0
2020-02-06,sz.300421,5.6138721500,5.6925253500,5.5057240000,5.6433671000,5.5942088500,4561580,26074861.8000,2,2.484800,1,0.878700,0
2020-02-07,sz.300421,5.6433671000,5.7613469000,5.6138721500,5.7318519500,5.6433671000,4182780,24158441.0000,2,2.278400,1,1.567900,0
2020-02-10,sz.300421,5.7023570000,5.8498317500,5.6728620500,5.8400001000,5.7318519500,3144250,18450158.3000,2,1.712700,1,1.886800,0
2020-02-11,sz.300421,5.8400001000,5.8793267000,5.7810102000,5.7908418500,5.8400001000,2458850,14565903.6000,2,1.339400,1,-0.841800,0
2020-02-12,sz.300421,5.7810102000,5.8989900000,5.7613469000,5.8793267000,5.7908418500,2765530,16409786.5000,2,1.506400,1,1.528000,0
2020-02-13,sz.300421,5.8301684500,5.8989900000,5.7318519500,5.7613469000,5.8793267000,3107170,18342834.4000,2,1.692500,1,-2.006700,0
2020-02-14,sz.300421,5.7220203000,5.8006735000,5.6826937000,5.7023570000,5.7613469000,2144200,12517714.2000,2,1.168000,1,-1.023900,0
2020-02-17,sz.300421,5.7416836000,6.0071381500,5.7220203000,5.9579799000,5.7023570000,3949639,23756729.0700,2,2.151400,1,4.482800,0
2020-02-18,sz.300421,5.9678115500,6.0857913500,5.9678115500,6.0562964000,5.9579799000,4311370,26483648.4000,2,2.348500,1,1.650200,0
2020-02-19,sz.300421,6.0661280500,6.1447812500,6.0169698000,6.0366331000,6.0562964000,3898530,24107473.6000,2,2.123600,1,-0.324700,0
2020-02-20,sz.300421,6.0464647500,6.1841078500,6.0464647500,6.1742762000,6.0366331000,3167410,19732560.6000,2,1.725400,1,2.280100,0
2020-02-21,sz.300421,6.1742762000,6.2627610500,6.1447812500,6.1841078500,6.1742762000,3623846,22832811.7000,2,1.974000,1,0.159200,0
2020-02-24,sz.300421,6.1939395000,6.2136028000,6.1152863000,6.1742762000,6.1841078500,4306310,26995571.7000,2,2.345700,1,-0.159000,0
2020-02-25,sz.300421,6.0661280500,6.1152863000,5.8793267000,6.0661280500,6.1742762000,5722080,35002553.1000,2,3.116900,1,-1.751600,0
2020-02-26,sz.300421,6.0268014500,6.2136028000,5.9776432000,6.0857913500,6.0661280500,5896300,36769515.5000,2,3.211800,1,0.324100,0
2020-02-27,sz.300421,6.0956230000,6.2136028000,6.0562964000,6.1251179500,6.0857913500,4163580,26010325.5000,2,2.268000,1,0.646200,0
2020-02-28,sz.300421,5.9776432000,6.0562964000,5.6630304000,5.7023570000,6.1251179500,6132530,36584518.6000,2,3.340500,1,-6.902100,0
2020-03-02,sz.300421,5.7908418500,6.0169698000,5.7023570000,5.9678115500,5.7023570000,4331900,26195598.7000,2,2.359700,1,4.655200,0
2020-03-03,sz.300421,6.0562964000,6.1742762000,6.0071381500,6.0268014500,5.9678115500,4167945,25827843.1000,2,2.270400,1,0.988500,0
2020-03-04,sz.300421,5.9776432000,6.1644445500,5.9579799000,6.1447812500,6.0268014500,4877200,30299723.7000,2,2.656700,1,1.957600,0
2020-03-05,sz.300421,6.1939395000,6.3315826000,6.1349496000,6.2824243500,6.1447812500,6689400,42533041.4000,2,3.643800,1,2.240000,0
2020-03-06,sz.300421,6.2234344500,6.3709092000,6.1939395000,6.3217509500,6.2824243500,5196190,33266726.3000,2,2.830500,1,0.626000,0
2020-03-09,sz.300421,6.2332661000,6.3119193000,6.1054546500,6.1349496000,6.3217509500,4817750,30441473.1000,2,2.624300,1,-2.954900,0
2020-03-10,sz.300421,6.0464647500,6.2234344500,5.8498317500,6.1939395000,6.1349496000,5930749,36570429.7000,2,3.230600,1,0.961500,0
2020-03-11,sz.300421,6.2430977500,6.3315826000,6.1447812500,6.1546129000,6.1939395000,5057765,32145934.0500,2,2.755100,1,-0.634900,0
2020-03-12,sz.300421,6.0956230000,6.1349496000,5.9678115500,6.0071381500,6.1546129000,4193010,25744088.0000,2,2.284000,1,-2.396200,0
2020-03-13,sz.300421,5.7810102000,5.9284849500,5.6433671000,5.8891583500,6.0071381500,5357230,31546688.6000,2,2.918200,1,-1.964000,0
2020-03-16,sz.300421,5.9383166000,6.0661280500,5.7023570000,5.7121886500,5.8891583500,4717180,28265517.4000,2,2.569500,1,-3.005000,0
2020-03-17,sz.300421,5.7121886500,5.7908418500,5.5253873000,5.6728620500,5.7121886500,4793580,27542444.2000,2,2.611200,1,-0.688500,0
2020-03-18,sz.300421,5.7810102000,5.8400001000,5.5647139000,5.5942088500,5.6728620500,4017900,23348635.1000,2,2.188600,1,-1.386500,0
2020-03-19,sz.300421,5.6335354500,5.7220203000,5.5155556500,5.7121886500,5.5942088500,6001905,34273476.8000,2,3.269400,1,2.109000,0
2020-03-20,sz.300421,5.7613469000,5.8498317500,5.7023570000,5.8006735000,5.7121886500,3204430,18795749.0000,2,1.745500,1,1.549100,0
2020-03-23,sz.300421,5.6925253500,5.7908418500,5.6040405000,5.6433671000,5.8006735000,3089078,17859165.4200,2,1.682700,1,-2.711900,0
2020-03-24,sz.300421,5.7416836000,5.8203368000,5.6531987500,5.7908418500,5.6433671000,3324920,19472515.5200,2,1.811200,1,2.613200,0
2020-03-25,sz.300421,5.8793267000,5.9383166000,5.8203368000,5.8891583500,5.7908418500,2647040,15808005.6000,2,1.441900,1,1.697800,0
2020-03-26,sz.300421,5.8891583500,5.9088216500,5.8301684500,5.8498317500,5.8891583500,1949540,11621129.9000,2,1.062000,1,-0.667800,0
2020-03-27,sz.300421,5.8891583500,5.9383166000,5.8301684500,5.8400001000,5.8498317500,2301650,13795804.0000,2,1.253800,1,-0.168100,0
2020-03-30,sz.300421,5.7908418500,5.7908418500,5.6040405000,5.6728620500,5.8400001000,2485350,14344268.7000,2,1.353800,1,-2.862000,0
2020-03-31,sz.300421,5.7220203000,5.7613469000,5.6237038000,5.6335354500,5.6728620500,1902460,10996316.3000,2,1.036300,1,-0.693200,0
2020-04-01,sz.300421,5.6433671000,5.6826937000,5.5450506000,5.5548822500,5.6335354500,3146431,17973252.8600,2,1.713900,1,-1.396200,0
2020-04-02,sz.300421,5.5352189500,5.6335354500,5.5155556500,5.6237038000,5.5548822500,1853700,10512676.6000,2,1.009700,1,1.238900,0
2020-04-03,sz.300421,5.6433671000,5.6630304000,5.5155556500,5.5450506000,5.6237038000,2223640,12636993.8000,2,1.211300,1,-1.398600,0
2020-04-07,sz.300421,5.6138721500,5.7711785500,5.6040405000,5.7318519500,5.5450506000,4201455,24422166.0500,2,2.288600,1,3.368800,0
2020-04-08,sz.300421,5.7220203000,5.9579799000,5.7023570000,5.8498317500,5.7318519500,4075351,24163908.1000,2,2.219900,1,2.058300,0
2020-04-09,sz.300421,5.8498317500,5.9678115500,5.8203368000,5.8793267000,5.8498317500,2487265,14930005.4000,2,1.354900,1,0.504200,0
2020-04-10,sz.300421,5.8596634000,5.9186533000,5.7121886500,5.7318519500,5.8793267000,2642590,15534352.1000,2,1.439500,1,-2.508400,0
2020-04-13,sz.300421,5.7416836000,5.7416836000,5.6237038000,5.6630304000,5.7318519500,2087960,12045325.6000,2,1.137400,1,-1.200700,0
2020-04-14,sz.300421,5.6630304000,5.7613469000,5.6531987500,5.7515152500,5.6630304000,1806608,10522035.8600,2,0.984100,1,1.562500,0
2020-04-15,sz.300421,5.7515152500,5.7711785500,5.6925253500,5.7121886500,5.7515152500,2233440,13040804.4000,2,1.216600,1,-0.683800,0
2020-04-16,sz.300421,5.7121886500,5.7416836000,5.6335354500,5.6925253500,5.7121886500,2344997,13568740.1200,2,1.277400,1,-0.344200,0
2020-04-17,sz.300421,5.7515152500,5.8006735000,5.6630304000,5.6826937000,5.6925253500,2375248,13806896.4800,2,1.293800,1,-0.172700,0
2020-04-20,sz.300421,5.6925253500,5.7318519500,5.6630304000,5.6826937000,5.6826937000,1803570,10417147.8000,2,0.987800,1,0.000000,0
2020-04-21,sz.300421,5.6826937000,5.6826937000,5.5843772000,5.6335354500,5.6826937000,2678225,15299661.8500,2,1.458900,1,-0.865100,0
2020-04-22,sz.300421,5.5843772000,5.7416836000,5.5647139000,5.7318519500,5.6335354500,2328260,13408807.4500,2,1.268200,1,1.745200,0
2020-04-23,sz.300421,5.7220203000,5.7613469000,5.6728620500,5.6925253500,5.7318519500,2103100,12240636.9000,2,1.145600,1,-0.686100,0
2020-04-24,sz.300421,5.6630304000,5.7220203000,5.5647139000,5.5942088500,5.6925253500,2083090,11921889.9800,2,1.134700,1,-1.727100,0
2020-04-27,sz.300421,5.5942088500,5.6237038000,5.4369024500,5.4762290500,5.5942088500,2554130,14404474.2000,2,1.398900,1,-2.109000,0
2020-04-28,sz.300421,5.5057240000,5.5057240000,5.1517846000,5.3287543000,5.4762290500,4107415,22115091.6400,2,2.249700,1,-2.693000,0
2020-04-29,sz.300421,5.2894277000,5.4270708000,5.2795960500,5.3189226500,5.3287543000,1638330,8927859.0000,2,0.897300,1,-0.184500,0
2020-04-30,sz.300421,5.3189226500,5.4860607000,5.3189226500,5.4663974000,5.3189226500,2274540,12546373.1000,2,1.245800,1,2.772600,0
2020-05-06,sz.300421,5.4172391500,5.5647139000,5.4074075000,5.5548822500,5.4663974000,1971902,11055207.7000,2,1.080000,1,1.618700,0
2020-05-07,sz.300421,5.5548822500,5.6335354500,5.5253873000,5.5745455500,5.5548822500,2068500,11738743.0000,2,1.132900,1,0.354000,0
2020-05-08,sz.300421,5.5942088500,5.6237038000,5.5155556500,5.6040405000,5.5745455500,1732130,9833946.0000,2,0.948700,1,0.529100,0
2020-05-11,sz.300421,5.5942088500,5.6335354500,5.5450506000,5.5745455500,5.6040405000,1517800,8620143.0500,2,0.831300,1,-0.526300,0
2020-05-12,sz.300421,5.5745455500,5.5942088500,5.5057240000,5.5548822500,5.5745455500,1416515,7990478.0000,2,0.775800,1,-0.352700,0
2020-05-13,sz.300421,5.5450506000,5.6531987500,5.5057240000,5.6433671000,5.5548822500,1775625,10116732.8500,2,0.972500,1,1.592900,0
2020-05-14,sz.300421,5.6040405000,5.7121886500,5.6040405000,5.6433671000,5.6433671000,2093239,12071062.7900,2,1.146500,1,0.000000,0
2020-05-15,sz.300421,5.6335354500,5.7023570000,5.6138721500,5.6728620500,5.6433671000,1767610,10169924.3000,2,0.968100,1,0.522700,0
2020-05-18,sz.300421,5.6630304000,5.8498317500,5.6531987500,5.7220203000,5.6728620500,3423520,19993984.0000,2,1.875100,1,0.866600,0
2020-05-19,sz.300421,5.7515152500,5.7613469000,5.6728620500,5.7121886500,5.7220203000,1848887,10719783.3300,2,1.012600,1,-0.171800,0
2020-05-20,sz.300421,5.6925253500,5.7220203000,5.6433671000,5.6630304000,5.7121886500,1515090,8742183.8000,2,0.829800,1,-0.860600,0
2020-05-21,sz.300421,5.6728620500,5.9874748500,5.6728620500,5.7613469000,5.6630304000,6188292,36747226.5400,2,3.389400,1,1.736100,0
2020-05-22,sz.300421,5.7121886500,5.9284849500,5.6925253500,5.8498317500,5.7613469000,4989705,29562054.0900,2,2.732900,1,1.535800,0
2020-05-25,sz.300421,5.8400001000,6.0857913500,5.8105051500,5.9874748500,5.8498317500,7511877,45763313.7900,2,4.114300,1,2.352900,0
2020-05-26,sz.300421,6.0169698000,6.0268014500,5.8596634000,5.9481482500,5.9874748500,4825203,29125701.8300,2,2.642800,1,-0.656800,0
2020-05-27,sz.300421,5.9088216500,6.0759597000,5.9088216500,5.9874748500,5.9481482500,4207180,25673901.8000,2,2.304300,1,0.661200,0
2020-05-28,sz.300421,5.9579799000,5.9874748500,5.7416836000,5.8400001000,5.9874748500,4368352,25971003.1800,2,2.392600,1,-2.463100,0
2020-05-29,sz.300421,5.8600000000,5.9300000000,5.7900000000,5.8100000000,5.8400000000,2816000,16470416.4000,2,1.542300,1,-0.513700,0
2020-06-01,sz.300421,5.8200000000,6.0500000000,5.7900000000,6.0100000000,5.8100000000,4790937,28446092.1300,2,2.624000,1,3.442300,0
2020-06-02,sz.300421,6.0200000000,6.0700000000,5.9500000000,6.0100000000,6.0100000000,2850390,17136287.3000,2,1.561200,1,0.000000,0
2020-06-03,sz.300421,6.0300000000,6.1700000000,6.0300000000,6.0900000000,6.0100000000,4483438,27362866.9200,2,2.455600,1,1.331100,0
2020-06-04,sz.300421,6.0800000000,6.2400000000,6.0800000000,6.1800000000,6.0900000000,3546359,21900601.7200,2,1.942400,1,1.477800,0
2020-06-05,sz.300421,6.2100000000,6.2100000000,6.0700000000,6.1300000000,6.1800000000,2806458,17136638.9400,2,1.537100,1,-0.809100,0
2020-06-08,sz.300421,6.1100000000,6.1600000000,6.0000000000,6.0300000000,6.1300000000,3059900,18511199.0000,2,1.675900,1,-1.631300,0
2020-06-09,sz.300421,6.0100000000,6.0200000000,5.9500000000,6.0000000000,6.0300000000,1942379,11624560.6500,2,1.063900,1,-0.497500,0
2020-06-10,sz.300421,6.0000000000,6.0100000000,5.8900000000,5.9800000000,6.0000000000,1906140,11322977.9000,2,1.044000,1,-0.333300,0
2020-06-11,sz.300421,5.9800000000,6.0400000000,5.9000000000,5.9700000000,5.9800000000,1622050,9687346.9000,2,0.888400,1,-0.167200,0
2020-06-12,sz.300421,5.8700000000,5.9700000000,5.8400000000,5.9300000000,5.9700000000,1478150,8749555.6000,2,0.809600,1,-0.670000,0
2020-06-15,sz.300421,5.9600000000,6.0500000000,5.9100000000,6.0000000000,5.9300000000,2099417,12583630.4100,2,1.149900,1,1.180400,0
2020-06-16,sz.300421,5.9600000000,6.0400000000,5.9200000000,5.9500000000,6.0000000000,2588038,15454233.8000,2,1.417500,1,-0.833300,0
2020-06-17,sz.300421,6.0000000000,6.0200000000,5.9000000000,5.9900000000,5.9500000000,2607720,15537229.8000,2,1.428300,1,0.672300,0
2020-06-18,sz.300421,5.9900000000,5.9900000000,5.9200000000,5.9400000000,5.9900000000,1266260,7543805.0000,2,0.693500,1,-0.834700,0
2020-06-19,sz.300421,5.9100000000,5.9900000000,5.9100000000,5.9600000000,5.9400000000,1383720,8244687.1000,2,0.757900,1,0.336700,0
2020-06-22,sz.300421,5.9400000000,5.9800000000,5.9000000000,5.9100000000,5.9600000000,1728140,10255266.6000,2,0.946500,1,-0.838900,0
2020-06-23,sz.300421,5.9000000000,5.9300000000,5.8600000000,5.8900000000,5.9100000000,1950882,11471228.8800,2,1.068500,1,-0.338400,0
2020-06-24,sz.300421,5.8900000000,5.9100000000,5.8400000000,5.8500000000,5.8900000000,1423230,8358652.3000,2,0.779500,1,-0.679100,0
2020-06-29,sz.300421,5.8700000000,5.8700000000,5.7600000000,5.7800000000,5.8500000000,1671100,9663242.9000,2,0.915300,1,-1.196600,0
2020-06-30,sz.300421,5.8000000000,5.8700000000,5.7800000000,5.8500000000,5.7800000000,1337120,7809613.7000,2,0.732300,1,1.211100,0
2020-07-01,sz.300421,5.8200000000,5.8800000000,5.7800000000,5.8600000000,5.8500000000,1363853,7960368.8800,2,0.747000,1,0.170900,0
2020-07-02,sz.300421,5.8600000000,5.9500000000,5.8200000000,5.9400000000,5.8600000000,1817768,10735903.2200,2,0.995600,1,1.365200,0
2020-07-03,sz.300421,5.9400000000,6.0100000000,5.9400000000,6.0100000000,5.9400000000,2404790,14362118.4000,2,1.317100,1,1.178500,0
2020-07-06,sz.300421,6.0300000000,6.2200000000,6.0300000000,6.2200000000,6.0100000000,5709398,35090398.8200,2,3.127100,1,3.494200,0
2020-07-07,sz.300421,6.2500000000,6.3000000000,6.1700000000,6.1900000000,6.2200000000,5812607,36235705.6600,2,3.183600,1,-0.482300,0
2020-07-08,sz.300421,6.1700000000,6.3300000000,6.1700000000,6.3000000000,6.1900000000,4133930,25892490.6300,2,2.264200,1,1.777100,0
2020-07-09,sz.300421,6.3000000000,6.4500000000,6.2700000000,6.4300000000,6.3000000000,5915718,37810771.5200,2,3.240100,1,2.063500,0
2020-07-10,sz.300421,6.4200000000,6.4700000000,6.2800000000,6.3100000000,6.4300000000,4236498,27020253.3200,2,2.320400,1,-1.866300,0
2020-07-13,sz.300421,6.2800000000,6.5300000000,6.2500000000,6.5300000000,6.3100000000,6163003,39883336.6900,2,3.375500,1,3.486500,0
2020-07-14,sz.300421,6.5600000000,6.5900000000,6.3800000000,6.5100000000,6.5300000000,5842960,37899983.9000,2,3.200200,1,-0.306300,0
2020-07-15,sz.300421,6.5500000000,6.5500000000,6.3100000000,6.3200000000,6.5100000000,5626928,36168496.4200,2,3.081900,1,-2.918600,0
2020-07-16,sz.300421,6.3400000000,6.5500000000,6.2000000000,6.2100000000,6.3200000000,6451090,41092514.9000,2,3.533300,1,-1.740500,0
2020-07-17,sz.300421,6.2800000000,6.3500000000,6.1300000000,6.3300000000,6.2100000000,4749750,29627312.9000,2,2.601500,1,1.932400,0
2020-07-20,sz.300421,6.3600000000,6.6000000000,6.3500000000,6.6000000000,6.3300000000,6370250,41568206.7000,2,3.489000,1,4.265400,0
2020-07-21,sz.300421,6.6400000000,6.6800000000,6.4800000000,6.5300000000,6.6000000000,4542690,29765700.9000,2,2.488100,1,-1.060600,0
2020-07-22,sz.300421,6.5700000000,6.5700000000,6.4300000000,6.4500000000,6.5300000000,5019070,32666598.4000,2,2.749000,1,-1.225100,0
2020-07-23,sz.300421,6.4500000000,6.5200000000,6.2400000000,6.5000000000,6.4500000000,5390350,34379584.0000,2,2.952300,1,0.775200,0
2020-07-24,sz.300421,6.5000000000,6.5900000000,6.3000000000,6.3000000000,6.5000000000,4902859,31646452.2300,2,2.685300,1,-3.076900,0
2020-07-27,sz.300421,6.3000000000,6.4200000000,6.2600000000,6.3400000000,6.3000000000,2778788,17571768.2400,2,1.522000,1,0.634900,0
2020-07-28,sz.300421,6.4000000000,6.7500000000,6.3100000000,6.5800000000,6.3400000000,6987171,45975767.5700,2,3.826900,1,3.785500,0
2020-07-29,sz.300421,6.5800000000,6.6300000000,6.4800000000,6.6100000000,6.5800000000,3839158,25145868.5000,2,2.102700,1,0.455900,0
2020-07-30,sz.300421,6.6100000000,6.6900000000,6.5600000000,6.6000000000,6.6100000000,4006310,26493792.8900,2,2.194300,1,-0.151300,0
2020-07-31,sz.300421,6.5600000000,6.8300000000,6.5600000000,6.6700000000,6.6000000000,5454998,36355291.1800,2,2.987700,1,1.060600,0
2020-08-03,sz.300421,6.6700000000,6.9000000000,6.6700000000,6.8400000000,6.6700000000,6942939,47302960.4100,2,3.802700,1,2.548700,0
2020-08-04,sz.300421,6.8100000000,6.8800000000,6.6900000000,6.7100000000,6.8400000000,4677290,31599828.5500,2,2.561800,1,-1.900600,0
2020-08-05,sz.300421,6.7200000000,6.8600000000,6.6400000000,6.7400000000,6.7100000000,4405937,29692104.4600,2,2.413200,1,0.447100,0
2020-08-06,sz.300421,6.7400000000,6.8000000000,6.5800000000,6.6500000000,6.7400000000,3943450,26242060.0000,2,2.159900,1,-1.335300,0
2020-08-07,sz.300421,6.6100000000,6.6900000000,6.4700000000,6.5700000000,6.6500000000,3829290,25066733.3000,2,2.097300,1,-1.203000,0
2020-08-10,sz.300421,6.5700000000,6.8700000000,6.5300000000,6.8700000000,6.5700000000,7391390,49892388.9000,2,4.048300,1,4.566200,0
2020-08-11,sz.300421,6.8500000000,7.0000000000,6.7000000000,6.7200000000,6.8700000000,5536880,37757315.5000,2,3.032600,1,-2.183400,0
2020-08-12,sz.300421,6.7200000000,6.7900000000,6.5600000000,6.6800000000,6.7200000000,3629470,24060836.5000,2,1.987900,1,-0.595200,0
2020-08-13,sz.300421,6.7200000000,6.8500000000,6.6900000000,6.7600000000,6.6800000000,3320170,22515820.9000,2,1.818500,1,1.197600,0
2020-08-14,sz.300421,6.7600000000,6.7800000000,6.6000000000,6.7400000000,6.7600000000,3173430,21211611.7000,2,1.738100,1,-0.295900,0
2020-08-17,sz.300421,6.7600000000,6.9400000000,6.7100000000,6.8700000000,6.7400000000,5374520,36883886.5000,2,2.943700,1,1.928800,0
2020-08-18,sz.300421,6.8500000000,7.2300000000,6.8100000000,7.1100000000,6.8700000000,9273710,65528617.8000,2,5.079300,1,3.493400,0
2020-08-19,sz.300421,7.1000000000,7.2400000000,7.0000000000,7.0500000000,7.1100000000,7964060,56788278.3300,2,4.362000,1,-0.843900,0
2020-08-20,sz.300421,6.9600000000,7.1700000000,6.9400000000,7.0600000000,7.0500000000,5129548,36231430.6000,2,2.809500,1,0.141800,0
2020-08-21,sz.300421,7.0600000000,7.1500000000,6.9000000000,6.9900000000,7.0600000000,5125070,35841748.2000,2,2.807000,1,-0.991500,0
2020-08-24,sz.300421,7.0300000000,7.1200000000,6.8300000000,7.0500000000,6.9900000000,4664280,32489190.9000,2,2.554700,1,0.858400,0
