date,code,open,high,low,close,preclose,volume,amount,adjustflag,turn,tradestatus,pctChg,isST
2000-12-29,sh.600388,3.2846950300,3.4591432000,3.2354917000,3.4069578500,1.0735272000,40224705,900018241.0000,2,61.884162,1,217.361100,0
2001-01-02,sh.600388,3.4278319900,3.5158015800,3.3845927000,3.4591432000,3.4069578500,12881880,298134208.0000,2,19.818277,1,1.531730,0
2001-01-03,sh.600388,3.4964184500,3.5307116800,3.4144129000,3.4934364300,3.4591432000,8225523,191119283.0000,2,12.654651,1,0.991377,0
2001-01-04,sh.600388,3.4889634000,3.5769329900,3.4516881500,3.4665982500,3.4934364300,5262114,124057681.0000,2,8.095560,1,-0.768247,0
2001-01-05,sh.600388,3.4457241100,3.5068555200,3.4442331000,3.4636162300,3.4665982500,3604300,83922193.0000,2,5.545077,1,-0.086023,0
2001-01-08,sh.600388,3.4740533000,3.5038735000,3.3920477500,3.4278319900,3.4636162300,3256068,75178726.0000,2,5.009335,1,-1.033146,0
2001-01-09,sh.600388,3.4144129000,3.4710712800,3.4009938100,3.4591432000,3.4278319900,1660731,38211285.0000,2,2.554971,1,0.913445,0
2001-01-10,sh.600388,3.4710712800,3.5247476400,3.4323050200,3.4859813800,3.4591432000,2109222,49327026.0000,2,3.244957,1,0.775855,0
2001-01-11,sh.600388,3.4680892600,3.5307116800,3.4308140100,3.4472151200,3.4859813800,1954015,45539186.0000,2,3.006177,1,-1.112054,0
2001-01-12,sh.600388,3.4591432000,3.4710712800,3.3995028000,3.4293230000,3.4472151200,1938716,44595876.0000,2,2.982640,1,-0.519035,0
2001-01-15,sh.600388,3.4218679500,3.4293230000,3.2504018000,3.2623298800,3.4293230000,3301612,73461559.0000,2,5.079403,1,-4.869569,0
2001-01-16,sh.600388,3.2369827100,3.3070601800,3.2146175600,3.2757489700,3.2623298800,1292200,28181290.0000,2,1.988000,1,0.411335,0
2001-01-17,sh.600388,3.2802220000,3.2876770500,3.1683962500,3.1758513000,3.2757489700,1681810,36087565.0000,2,2.587400,1,-3.049613,0
2001-01-18,sh.600388,3.1698872600,3.2175995800,3.1460311000,3.2041804900,3.1758513000,831972,17835843.0000,2,1.279957,1,0.892021,0
2001-01-19,sh.600388,3.2161085700,3.2876770500,3.2056715000,3.2638208900,3.2041804900,924016,20170830.0000,2,1.421563,1,1.861329,0
2001-02-05,sh.600388,3.2802220000,3.2802220000,3.0565705000,3.0640255500,3.2638208900,1434750,30100700.0000,2,2.207308,1,-6.121518,0
2001-02-06,sh.600388,3.0371873700,3.0371873700,2.8478291000,2.9372897000,3.0640255500,1340424,26419541.0000,2,2.062191,1,-4.136246,0
2001-02-07,sh.600388,2.9343076800,2.9521998000,2.8776493000,2.9223796000,2.9372897000,480950,9430856.0000,2,0.739923,1,-0.507616,0
2001-02-08,sh.600388,2.9149245500,2.9447447500,2.7583685000,2.7881887000,2.9223796000,1098785,20810604.0000,2,1.690438,1,-4.591835,0
2001-02-09,sh.600388,2.7956437500,2.8895773800,2.7956437500,2.8508111200,2.7881887000,990625,18858080.0000,2,1.524038,1,2.245990,0
2001-02-12,sh.600388,2.8627392000,2.8701942500,2.7881887000,2.8508111200,2.8508111200,523040,9893521.0000,2,0.804677,1,0.000000,0
2001-02-13,sh.600388,2.8508111200,2.8925594000,2.8344100100,2.8597571800,2.8508111200,445685,8569260.0000,2,0.685669,1,0.313805,0
2001-02-14,sh.600388,2.8552841500,2.8851043500,2.8359010200,2.8627392000,2.8597571800,253980,4877839.0000,2,0.390738,1,0.104278,0
2001-02-15,sh.600388,2.8627392000,2.8865953600,2.8165178900,2.8209909200,2.8627392000,385000,7338046.0000,2,0.592308,1,-1.458337,0
2001-02-16,sh.600388,2.8135358700,2.8597571800,2.7404763800,2.8448470800,2.8209909200,801073,15017114.0000,2,1.232420,1,0.845665,0
2001-02-19,sh.600388,2.8448470800,2.9223796000,2.7956437500,2.9074695000,2.8448470800,474083,9176499.0000,2,0.729358,1,2.201258,0
2001-02-20,sh.600388,2.8701942500,2.9372897000,2.8373920300,2.8523021300,2.9074695000,686675,13336351.0000,2,1.056423,1,-1.897440,0
2001-02-21,sh.600388,2.8373920300,2.8373920300,2.7732786000,2.7822246600,2.8523021300,805918,15080370.0000,2,1.239874,1,-2.456871,0
2001-02-22,sh.600388,2.7702965800,2.8284459700,2.7568774900,2.7911707200,2.7822246600,462095,8673325.0000,2,0.710915,1,0.321541,0
2001-02-23,sh.600388,2.7911707200,2.8552841500,2.7747696100,2.8478291000,2.7911707200,286416,5388263.0000,2,0.440640,1,2.029920,0
2001-02-26,sh.600388,2.8627392000,2.9059784900,2.8329190000,2.9000144500,2.8478291000,672747,13012748.0000,2,1.034995,1,1.832463,0
2001-02-27,sh.600388,2.9074695000,2.9074695000,2.7911707200,2.8269549600,2.9000144500,819770,15542518.0000,2,1.261185,1,-2.519289,0
2001-02-28,sh.600388,2.8299369800,2.8299369800,2.7852066800,2.8150268800,2.8269549600,803323,15133639.0000,2,1.235882,1,-0.421940,0
2001-03-01,sh.600388,2.8180089000,2.9059784900,2.8180089000,2.9000144500,2.8150268800,818069,15776618.0000,2,1.258568,1,3.019076,0
2001-03-02,sh.600388,2.9089605100,2.9357986900,2.8925594000,2.9149245500,2.9000144500,834201,16296372.0000,2,1.283386,1,0.514131,0
2001-03-05,sh.600388,2.9223796000,2.9343076800,2.8806313200,2.8940504100,2.9149245500,519030,10113307.0000,2,0.798508,1,-0.716109,0
2001-03-06,sh.600388,2.8910683900,2.9492177800,2.8865953600,2.9298346500,2.8940504100,687432,13464074.0000,2,1.057588,1,1.236475,0
2001-03-07,sh.600388,2.9343076800,2.9760559600,2.9223796000,2.9596548500,2.9298346500,1235508,24521013.0000,2,1.900782,1,1.017816,0
2001-03-08,sh.600388,2.9596548500,3.0043851500,2.9521998000,2.9790379800,2.9596548500,989028,19771828.0000,2,1.521582,1,0.654908,0
2001-03-09,sh.600388,2.9790379800,2.9790379800,2.9521998000,2.9611458600,2.9790379800,604345,12026412.0000,2,0.929762,1,-0.600595,0
2001-03-12,sh.600388,2.9745649500,3.0088581800,2.9596548500,2.9835110100,2.9611458600,552790,11059916.0000,2,0.850446,1,0.755285,0
2001-03-13,sh.600388,2.9820200000,2.9820200000,2.9223796000,2.9402717200,2.9835110100,786319,15536861.0000,2,1.209722,1,-1.449280,0
2001-03-14,sh.600388,2.9357986900,2.9551818200,2.9104515200,2.9492177800,2.9402717200,489461,9646818.0000,2,0.753017,1,0.304267,0
2001-03-15,sh.600388,2.9492177800,2.9820200000,2.9477267700,2.9492177800,2.9492177800,516300,10252154.0000,2,0.794308,1,0.000000,0
2001-03-16,sh.600388,2.9521998000,2.9521998000,2.8940504100,2.9044874800,2.9492177800,569605,11136171.0000,2,0.876315,1,-1.516689,0
2001-03-19,sh.600388,2.8925594000,2.9432537400,2.8627392000,2.9357986900,2.9044874800,532633,10410123.0000,2,0.819435,1,1.078034,0
2001-03-20,sh.600388,2.9223796000,3.0043851500,2.9193975800,2.9820200000,2.9357986900,553049,10980833.0000,2,0.850845,1,1.574400,0
2001-03-21,sh.600388,2.9805289900,2.9999121200,2.9596548500,2.9969301000,2.9820200000,604854,12117355.0000,2,0.930545,1,0.500002,0
2001-03-22,sh.600388,3.0043851500,3.0684985800,2.9820200000,3.0461334300,2.9969301000,948573,19167631.0000,2,1.459343,1,1.641791,0
2001-03-23,sh.600388,3.0565705000,3.0923547400,2.9999121200,3.0058761600,3.0461334300,1231843,25170066.0000,2,1.895143,1,-1.321588,0
2001-03-26,sh.600388,3.0118402000,3.0893727200,3.0118402000,3.0714806000,3.0058761600,572056,11734032.0000,2,0.880086,1,2.182542,0
2001-03-27,sh.600388,3.0968277700,3.0968277700,3.0565705000,3.0759536300,3.0714806000,738731,15212317.0000,2,1.136509,1,0.145625,0
2001-03-28,sh.600388,3.0848996900,3.1087558500,3.0640255500,3.0789356500,3.0759536300,622569,12874169.0000,2,0.957798,1,0.096948,0
2001-03-29,sh.600388,3.0744626200,3.1013008000,3.0595525200,3.0640255500,3.0789356500,602745,12453319.0000,2,0.927300,1,-0.484263,0
2001-03-30,sh.600388,3.0595525200,3.0834086800,3.0133312100,3.0684985800,3.0640255500,794462,16268505.0000,2,1.222249,1,0.145989,0
2001-04-02,sh.600388,3.0789356500,3.1534861500,3.0356963600,3.1430490800,3.0684985800,1278588,26663687.0000,2,1.967058,1,2.429543,0
2001-04-03,sh.600388,3.1534861500,3.1624322100,3.1162109000,3.1490131200,3.1430490800,756196,15934224.0000,2,1.163378,1,0.189758,0
2001-04-04,sh.600388,3.1490131200,3.1609412000,3.0386783800,3.0461334300,3.1490131200,1112127,23160756.0000,2,1.710965,1,-3.267048,0
2001-04-05,sh.600388,3.0267503000,3.0968277700,3.0192952500,3.0968277700,3.0461334300,577529,11841572.0000,2,0.888506,1,1.664220,0
2001-04-06,sh.600388,3.1013008000,3.1698872600,3.1013008000,3.1206839300,3.0968277700,969900,20430525.0000,2,1.492154,1,0.770341,0
2001-04-09,sh.600388,3.1206839300,3.1206839300,3.1206839300,3.1206839300,3.1206839300,0,0.0000,2,,0,0.000000,0
2001-04-10,sh.600388,3.1206839300,3.1311210000,3.0714806000,3.0819176700,3.1206839300,849105,17683462.0000,2,1.306315,1,-1.242237,0
2001-04-11,sh.600388,3.0863907000,3.0938457500,3.0684985800,3.0789356500,3.0819176700,446857,9222541.0000,2,0.687472,1,-0.096761,0
2001-04-12,sh.600388,3.1311210000,3.2056715000,3.0714806000,3.1609412000,3.0789356500,1351067,28744441.0000,2,2.078565,1,2.663444,0
2001-04-13,sh.600388,3.1728692800,3.2056715000,3.1326120100,3.1847973600,3.1609412000,737470,15682034.0000,2,1.134569,1,0.754716,0
2001-04-16,sh.600388,3.2056715000,3.2593478600,3.1862883700,3.2533838200,3.1847973600,1629131,35250101.0000,2,2.506355,1,2.153554,0
2001-04-17,sh.600388,3.2548748300,3.3100422000,3.1311210000,3.2981141200,3.2533838200,2542701,55622623.0000,2,3.911848,1,1.374891,0
2001-04-18,sh.600388,3.2817130100,3.3174972500,3.2369827100,3.2682939200,3.2981141200,1149440,25294444.0000,2,1.768369,1,-0.904162,0
2001-04-19,sh.600388,3.2951321000,3.3532814900,3.2682939200,3.3532814900,3.2682939200,1972788,43789229.0000,2,3.035058,1,2.600364,0
2001-04-20,sh.600388,3.3607365400,3.4129218900,3.2802220000,3.2832040200,3.3532814900,1944192,43904608.0000,2,2.991065,1,-2.089815,0
2001-04-23,sh.600388,3.2802220000,3.3010961400,3.2146175600,3.2787309900,3.2832040200,1378325,30075232.0000,2,2.120500,1,-0.136243,0
2001-04-24,sh.600388,3.2727669500,3.2802220000,3.2444377600,3.2623298800,3.2787309900,625246,13666077.0000,2,0.961917,1,-0.500230,0
2001-04-25,sh.600388,3.2653119000,3.2653119000,3.1087558500,3.1311210000,3.2623298800,1325573,28214210.0000,2,2.039343,1,-4.021934,0
2001-04-26,sh.600388,3.1087558500,3.1758513000,3.0834086800,3.1564681700,3.1311210000,1049106,21923623.0000,2,1.614009,1,0.809524,0
2001-04-27,sh.600388,3.1311210000,3.1683962500,3.1236659500,3.1445400900,3.1564681700,475805,10022988.0000,2,0.732008,1,-0.377893,0
2001-04-30,sh.600388,3.1460311000,3.1534861500,3.1013008000,3.1162109000,3.1445400900,321764,6725067.0000,2,0.495022,1,-0.900903,0
2001-05-08,sh.600388,3.0893727200,3.1385760500,3.0863907000,3.0983187800,3.1162109000,377460,7847348.0000,2,0.580708,1,-0.574158,0
2001-05-09,sh.600388,3.1013008000,3.1311210000,3.0863907000,3.1177019100,3.0983187800,276543,5760126.0000,2,0.425451,1,0.625598,0
2001-05-10,sh.600388,3.1206839300,3.1773423100,3.0863907000,3.1639232200,3.1177019100,821385,17297291.0000,2,1.263669,1,1.482542,0
2001-05-11,sh.600388,3.1683962500,3.2071625100,3.1609412000,3.2041804900,3.1639232200,370139,7916042.0000,2,0.569445,1,1.272387,0
2001-05-14,sh.600388,3.2086535200,3.2429467500,3.2041804900,3.2071625100,3.2041804900,676202,14622038.0000,2,1.040311,1,0.093069,0
2001-05-15,sh.600388,3.2205816000,3.2832040200,3.2205816000,3.2429467500,3.2071625100,744303,16219470.0000,2,1.145082,1,1.115759,0
2001-05-16,sh.600388,3.2429467500,3.2623298800,3.2056715000,3.2280366500,3.2429467500,405214,8758873.0000,2,0.623406,1,-0.459772,0
2001-05-17,sh.600388,3.2205816000,3.2474197800,3.1892703900,3.1952344300,3.2280366500,367721,7920762.0000,2,0.565725,1,-1.016163,0
2001-05-18,sh.600388,3.1982164500,3.3324073500,3.1847973600,3.2936410900,3.1952344300,1148982,25180588.0000,2,1.767665,1,3.079794,0
2001-05-21,sh.600388,3.3174972500,3.3324073500,3.2936410900,3.3145152300,3.2936410900,918281,20406744.0000,2,1.412740,1,0.633768,0
2001-05-22,sh.600388,3.3190110000,3.3264862500,3.2592090000,3.2741595000,3.3145258500,475900,10466687.0000,2,0.732154,1,-1.217864,0
2001-05-23,sh.600388,3.2248228500,3.3040605000,3.2248228500,3.2741595000,3.2741595000,732602,16030309.0000,2,1.127080,1,0.000000,0
2001-05-24,sh.600388,3.2592090000,3.2891100000,3.2337931500,3.2577139500,3.2741595000,423483,9249003.0000,2,0.651512,1,-0.502277,0
2001-05-25,sh.600388,3.2666842500,3.2741595000,3.2263179000,3.2293080000,3.2577139500,391100,8472185.0000,2,0.601692,1,-0.871962,0
2001-05-28,sh.600388,3.2293080000,3.2367832500,3.1425951000,3.1530604500,3.2293080000,470498,10037344.0000,2,0.723843,1,-2.361112,0
2001-05-29,sh.600388,3.1530604500,3.1530604500,3.1530604500,3.1530604500,3.1530604500,0,0.0000,2,,0,0.000000,0
2001-05-30,sh.600388,3.2293080000,3.2592090000,3.1844565000,3.2068822500,3.1530604500,393803,8432272.0000,2,0.605851,1,1.706973,0
2001-05-31,sh.600388,3.2577139500,3.2577139500,3.1665159000,3.1919317500,3.2068822500,504209,10772748.0000,2,0.775706,1,-0.466202,0
2001-06-01,sh.600388,3.1844565000,3.2143575000,3.1695060000,3.2053872000,3.1919317500,418701,8918151.0000,2,0.644155,1,0.421546,0
2001-06-04,sh.600388,3.1874466000,3.2412684000,3.1769812500,3.2322981000,3.2053872000,464523,9956552.0000,2,0.714651,1,0.839554,0
2001-06-05,sh.600388,3.2263179000,3.2816347500,3.2263179000,3.2607040500,3.2322981000,447488,9776225.0000,2,0.688443,1,0.878810,0
2001-06-06,sh.600388,3.2726644500,3.3190110000,3.2726644500,3.2891100000,3.2607040500,681636,15011268.0000,2,1.048671,1,0.871162,0
2001-06-07,sh.600388,3.3040605000,3.3160209000,3.2442585000,3.2577139500,3.2891100000,468100,10230660.0000,2,0.720154,1,-0.954541,0
2001-06-08,sh.600388,3.2592090000,3.2831298000,3.2382783000,3.2517337500,3.2577139500,364400,7921831.0000,2,0.560615,1,-0.183575,0
2001-06-11,sh.600388,3.2412684000,3.2965852500,3.2293080000,3.2442585000,3.2517337500,463660,10109831.0000,2,0.713323,1,-0.229881,0
2001-06-12,sh.600388,3.2592090000,3.4117041000,3.2592090000,3.3937635000,3.2442585000,2891805,65123002.0000,2,4.448931,1,4.608295,0
2001-06-13,sh.600388,3.4072189500,3.4475853000,3.3803080500,3.4176843000,3.3937635000,2355448,53977201.0000,2,3.623766,1,0.704845,0
2001-06-14,sh.600388,3.4236645000,3.5133675000,3.3877833000,3.3907734000,3.4176843000,2462462,56685515.0000,2,3.788403,1,-0.787403,0
2001-06-15,sh.600388,3.3907734000,3.5148625500,3.3563872500,3.5118724500,3.3907734000,2153066,49754307.0000,2,3.312409,1,3.571426,0
2001-06-18,sh.600388,3.5208427500,3.5357932500,3.4042288500,3.4072189500,3.5118724500,1634050,37767442.0000,2,2.513923,1,-2.979987,0
2001-06-19,sh.600388,3.4161892500,3.4161892500,3.3578823000,3.3638625000,3.4072189500,833624,18825180.0000,2,1.282498,1,-1.272492,0
2001-06-20,sh.600388,3.3638625000,3.3937635000,3.2980803000,3.3130308000,3.3638625000,666860,14921488.0000,2,1.025938,1,-1.511112,0
2001-06-21,sh.600388,3.2980803000,3.3788130000,3.2980803000,3.3578823000,3.3130308000,676146,15106335.0000,2,1.040225,1,1.353787,0
2001-06-22,sh.600388,3.3758229000,3.3937635000,3.3504070500,3.3758229000,3.3578823000,420550,9482457.0000,2,0.647000,1,0.534287,0
2001-06-25,sh.600388,3.3788130000,3.4685160000,3.3788130000,3.4445952000,3.3758229000,559759,12869387.0000,2,0.861168,1,2.037205,0
2001-06-26,sh.600388,3.4535655000,3.4685160000,3.4087140000,3.4326348000,3.4445952000,421918,9687461.0000,2,0.649105,1,-0.347230,0
2001-06-27,sh.600388,3.4520704500,3.4700110500,3.4131991500,3.4670209500,3.4326348000,717228,16555323.0000,2,1.103428,1,1.001749,0
2001-06-28,sh.600388,3.4685160000,3.4924368000,3.4087140000,3.4161892500,3.4670209500,615019,14205806.0000,2,0.946183,1,-1.466150,0
2001-06-29,sh.600388,3.4161892500,3.4565556000,3.3937635000,3.3967536000,3.4161892500,337300,7705470.0000,2,0.518923,1,-0.568932,0
2001-07-02,sh.600388,3.3788130000,3.4206744000,3.3638625000,3.3832981500,3.3967536000,323250,7323412.0000,2,0.497308,1,-0.396127,0
2001-07-03,sh.600388,3.3832981500,3.4535655000,3.3354565500,3.4416051000,3.3832981500,449026,10179131.0000,2,0.690809,1,1.723382,0
2001-07-04,sh.600388,3.4520704500,3.4954269000,3.3952585500,3.4251595500,3.4416051000,323530,7440184.0000,2,0.497738,1,-0.477848,0
2001-07-05,sh.600388,3.4386150000,3.4386150000,3.3653575500,3.3713377500,3.4251595500,327167,7408327.0000,2,0.503334,1,-1.571369,0
2001-07-06,sh.600388,3.3713377500,3.4012387500,3.3309714000,3.3309714000,3.3713377500,321300,7219572.0000,2,0.494308,1,-1.197333,0
2001-07-09,sh.600388,3.3309714000,3.3638625000,3.3279813000,3.3339615000,3.3309714000,236205,5274629.0000,2,0.363392,1,0.089760,0
2001-07-10,sh.600388,3.3489120000,3.4460902500,3.3489120000,3.4386150000,3.3339615000,368055,8388336.0000,2,0.566238,1,3.139017,0
2001-07-11,sh.600388,3.4386150000,3.4386150000,3.3668526000,3.3713377500,3.4386150000,300590,6833474.0000,2,0.462446,1,-1.956525,0
2001-07-12,sh.600388,3.3638625000,3.3713377500,3.3339615000,3.3533971500,3.3713377500,186800,4187539.0000,2,0.287385,1,-0.532146,0
2001-07-13,sh.600388,3.3653575500,3.4087140000,3.3563872500,3.3563872500,3.3533971500,175450,3962331.0000,2,0.269923,1,0.089168,0
2001-07-16,sh.600388,3.4087140000,3.4356249000,3.1396050000,3.2816347500,3.3563872500,746112,16562642.0000,2,1.147865,1,-2.227171,0
2001-07-17,sh.600388,3.2666842500,3.2816347500,3.2143575000,3.2666842500,3.2816347500,355059,7707193.0000,2,0.546245,1,-0.455583,0
2001-07-18,sh.600388,3.2741595000,3.2801397000,3.2442585000,3.2651892000,3.2666842500,140640,3069785.0000,2,0.216369,1,-0.045768,0
2001-07-19,sh.600388,3.2666842500,3.2711694000,3.2412684000,3.2607040500,3.2651892000,140435,3053742.0000,2,0.216054,1,-0.137366,0
2001-07-20,sh.600388,3.2891100000,3.3489120000,3.2741595000,3.3294763500,3.2607040500,370677,8194199.0000,2,0.570272,1,2.109129,0
2001-07-23,sh.600388,3.3190110000,3.4371199500,3.3115357500,3.3533971500,3.3294763500,441350,9982130.0000,2,0.679000,1,0.718455,0
2001-07-24,sh.600388,3.3384466500,3.3384466500,3.2891100000,3.3010704000,3.3533971500,258150,5710956.0000,2,0.397154,1,-1.560412,0
2001-07-25,sh.600388,3.2891100000,3.3070506000,3.2293080000,3.2382783000,3.3010704000,250027,5468073.0000,2,0.384657,1,-1.902174,0
2001-07-26,sh.600388,3.2382783000,3.2517337500,3.1829614500,3.2038921500,3.2382783000,460536,9848823.0000,2,0.708517,1,-1.061863,0
2001-07-27,sh.600388,3.1799713500,3.2218327500,3.1216644000,3.1261495500,3.2038921500,420197,8829183.0000,2,0.646457,1,-2.426507,0
2001-07-30,sh.600388,3.0798030000,3.0798030000,2.8405950000,2.8450801500,3.1261495500,751210,14778719.0000,2,1.155708,1,-8.990910,0
2001-07-31,sh.600388,2.8346148000,2.9228227500,2.8226544000,2.8495653000,2.8450801500,525067,10044661.0000,2,0.807795,1,0.157639,0
2001-08-01,sh.600388,2.8480702500,3.0035554500,2.8480702500,2.9527237500,2.8495653000,502908,9915890.0000,2,0.773705,1,3.620150,0
2001-08-02,sh.600388,2.9721594000,3.0020604000,2.8675059000,2.9796346500,2.9527237500,545176,10706628.0000,2,0.838732,1,0.911394,0
2001-08-03,sh.600388,2.9901000000,2.9975752500,2.9213277000,2.9826247500,2.9796346500,276858,5526278.0000,2,0.425935,1,0.100353,0
2001-08-06,sh.600388,2.9542188000,2.9542188000,2.8405950000,2.8555455000,2.9826247500,403253,7744690.0000,2,0.620389,1,-4.260653,0
2001-08-07,sh.600388,2.8555455000,2.9452485000,2.8376049000,2.9198326500,2.8555455000,339731,6527462.0000,2,0.522663,1,2.251310,0
2001-08-08,sh.600388,2.9153475000,2.9362782000,2.9003970000,2.9228227500,2.9198326500,108218,2112048.0000,2,0.166489,1,0.102399,0
2001-08-09,sh.600388,2.9228227500,2.9856148500,2.9153475000,2.9661792000,2.9228227500,187390,3695868.0000,2,0.288292,1,1.483381,0
2001-08-10,sh.600388,2.9721594000,3.0020604000,2.9601990000,2.9826247500,2.9661792000,287118,5728982.0000,2,0.441720,1,0.554438,0
2001-08-13,sh.600388,2.9901000000,3.0618624000,2.9616940500,3.0588723000,2.9826247500,382144,7726251.0000,2,0.587914,1,2.556382,0
2001-08-14,sh.600388,3.0140208000,3.0768129000,2.9601990000,2.9601990000,3.0588723000,453900,9079659.0000,2,0.698308,1,-3.225806,0
2001-08-15,sh.600388,3.0125257500,3.0170109000,2.9601990000,2.9841198000,2.9601990000,164340,3274864.0000,2,0.252831,1,0.808080,0
2001-08-16,sh.600388,2.9901000000,3.0050505000,2.9601990000,2.9601990000,2.9841198000,158550,3159969.0000,2,0.243923,1,-0.801602,0
2001-08-17,sh.600388,2.9616940500,2.9871099000,2.9362782000,2.9601990000,2.9601990000,89381,1767734.0000,2,0.137509,1,0.000000,0
2001-08-20,sh.600388,2.9751495000,3.0558822000,2.9601990000,2.9646841500,2.9601990000,86172,1717211.0000,2,0.132572,1,0.151519,0
2001-08-21,sh.600388,2.9901000000,3.0050505000,2.9736544500,2.9766445500,2.9646841500,94556,1890332.0000,2,0.145471,1,0.403429,0
2001-08-22,sh.600388,2.9901000000,2.9901000000,2.9168425500,2.9392683000,2.9766445500,134240,2638798.0000,2,0.206523,1,-1.255650,0
2001-08-23,sh.600388,2.9153475000,2.9527237500,2.8555455000,2.9452485000,2.9392683000,147965,2865338.0000,2,0.227638,1,0.203463,0
2001-08-24,sh.600388,2.9377732500,2.9601990000,2.8675059000,2.8854465000,2.9452485000,131500,2553126.0000,2,0.202308,1,-2.030464,0
2001-08-27,sh.600388,2.8570405500,2.8704960000,2.8062088500,2.8106940000,2.8854465000,350500,6649988.0000,2,0.539231,1,-2.590674,0
2001-08-28,sh.600388,2.7792979500,2.8405950000,2.7553771500,2.8091989500,2.8106940000,241249,4507726.0000,2,0.371152,1,-0.053183,0
2001-08-29,sh.600388,2.8405950000,2.8974069000,2.8166742000,2.8271395500,2.8091989500,160890,3054114.0000,2,0.247523,1,0.638632,0
2001-08-30,sh.600388,2.8405950000,2.8405950000,2.8181692500,2.8405950000,2.8271395500,93900,1781219.0000,2,0.144462,1,0.475940,0
2001-08-31,sh.600388,2.8405950000,2.8405950000,2.8077039000,2.8106940000,2.8405950000,81418,1539659.0000,2,0.125258,1,-1.052636,0
2001-09-03,sh.600388,2.8241494500,2.8540504500,2.7822880500,2.7957435000,2.8106940000,103800,1956090.0000,2,0.159692,1,-0.531907,0
2001-09-04,sh.600388,2.8420900500,2.8824564000,2.7658425000,2.8704960000,2.7957435000,297823,5666946.0000,2,0.458189,1,2.673797,0
2001-09-05,sh.600388,2.8989019500,2.9048821500,2.8555455000,2.8555455000,2.8704960000,188431,3634742.0000,2,0.289894,1,-0.520835,0
2001-09-06,sh.600388,2.8480702500,2.8839514500,2.7882682500,2.7957435000,2.8555455000,311500,5869629.0000,2,0.479231,1,-2.094239,0
2001-09-07,sh.600388,2.7957435000,2.8211593500,2.6970702000,2.7045454500,2.7957435000,470118,8665165.0000,2,0.723258,1,-3.262035,0
2001-09-10,sh.600388,2.6880999000,2.8271395500,2.6178325500,2.7867732000,2.7045454500,163561,3001931.0000,2,0.251632,1,3.040349,0
2001-09-11,sh.600388,2.7987336000,2.8181692500,2.7658425000,2.7822880500,2.7867732000,157148,2925591.0000,2,0.241766,1,-0.160938,0
2001-09-12,sh.600388,2.7359415000,2.7807930000,2.5879315500,2.7224860500,2.7822880500,287085,5226796.0000,2,0.441669,1,-2.149390,0
2001-09-13,sh.600388,2.7060405000,2.7733177500,2.6955751500,2.6970702000,2.7224860500,218110,3969049.0000,2,0.335554,1,-0.933543,0
2001-09-14,sh.600388,2.7194959500,2.7464068500,2.6731494000,2.6910900000,2.6970702000,203166,3649478.0000,2,0.312563,1,-0.221735,0
2001-09-17,sh.600388,2.6821197000,2.6940801000,2.6013870000,2.6073672000,2.6910900000,354400,6263592.0000,2,0.545231,1,-3.111108,0
2001-09-18,sh.600388,2.6073672000,2.6731494000,2.6013870000,2.6133474000,2.6073672000,241800,4228555.0000,2,0.372000,1,0.229352,0
2001-09-19,sh.600388,2.6193276000,2.6596939500,2.5969018500,2.6567038500,2.6133474000,142900,2508758.0000,2,0.219846,1,1.659044,0
2001-09-20,sh.600388,2.6880999000,2.6880999000,2.5969018500,2.5983969000,2.6567038500,418800,7409958.0000,2,0.644308,1,-2.194717,0
2001-09-21,sh.600388,2.5939117500,2.6387632500,2.5939117500,2.6088622500,2.5983969000,177800,3107884.0000,2,0.273538,1,0.402771,0
2001-09-24,sh.600388,2.6133474000,2.6163375000,2.5834464000,2.5834464000,2.6088622500,122000,2126050.0000,2,0.187692,1,-0.974212,0
2001-09-25,sh.600388,2.6028820500,2.6163375000,2.5804563000,2.5849414500,2.5834464000,97300,1686088.0000,2,0.149692,1,0.057872,0
2001-09-26,sh.600388,2.5939117500,2.6043771000,2.4593572500,2.4967335000,2.5849414500,629447,10498621.0000,2,0.968380,1,-3.412378,0
2001-09-27,sh.600388,2.4967335000,2.5042087500,2.4339414000,2.4384265500,2.4967335000,238505,3925721.0000,2,0.366931,1,-2.335337,0
2001-09-28,sh.600388,2.4459018000,2.4743077500,2.4219810000,2.4518820000,2.4384265500,321910,5269551.0000,2,0.495246,1,0.551810,0
2001-10-08,sh.600388,2.4758028000,2.4967335000,2.3322780000,2.3322780000,2.4518820000,356050,5642782.0000,2,0.547769,1,-4.878044,0
2001-10-09,sh.600388,2.3248027500,2.4070305000,2.3248027500,2.3771295000,2.3322780000,93670,1478744.0000,2,0.144108,1,1.923072,0
2001-10-10,sh.600388,2.3846047500,2.3846047500,2.1992185500,2.2380898500,2.3771295000,322500,4870730.0000,2,0.496154,1,-5.849052,0
2001-10-11,sh.600388,2.2126740000,2.2709809500,2.1379215000,2.1573571500,2.2380898500,350748,5121945.0000,2,0.539612,1,-3.607214,0
2001-10-12,sh.600388,2.1693175500,2.3442384000,2.1110106000,2.2799512500,2.1573571500,1141333,17029923.0000,2,1.755897,1,5.682603,0
2001-10-15,sh.600388,2.2784562000,2.3248027500,2.2425750000,2.2575255000,2.2799512500,713803,10874571.0000,2,1.098158,1,-0.983604,0
2001-10-16,sh.600388,2.2724760000,2.2949017500,2.1827730000,2.2051987500,2.2575255000,255758,3796413.0000,2,0.393474,1,-2.317883,0
2001-10-17,sh.600388,2.2051987500,2.2051987500,2.1409116000,2.1543670500,2.2051987500,250149,3622885.0000,2,0.384845,1,-2.305086,0
2001-10-18,sh.600388,2.1528720000,2.1902482500,2.0945650500,2.1154957500,2.1543670500,198581,2833777.0000,2,0.305509,1,-1.804304,0
2001-10-19,sh.600388,2.1080205000,2.1349314000,1.9764561000,2.0272878000,2.1154957500,822664,11132161.0000,2,1.265637,1,-4.169606,0
2001-10-22,sh.600388,1.9884165000,2.0482185000,1.9585155000,1.9779511500,2.0272878000,457232,6095502.0000,2,0.703434,1,-2.433635,0
2001-10-23,sh.600388,2.1752977500,2.1752977500,2.1349314000,2.1752977500,1.9779511500,1135747,16504437.0000,2,1.747303,1,9.977329,0
2001-10-24,sh.600388,2.2724760000,2.3935750500,2.2724760000,2.3741394000,2.1752977500,3509948,55343985.0000,2,5.399920,1,9.140893,0
2001-10-25,sh.600388,2.3472285000,2.3890899000,2.2724760000,2.3188225500,2.3741394000,1036613,16203508.0000,2,1.594789,1,-2.329974,0
2001-10-26,sh.600388,2.3218126500,2.3651691000,2.2784562000,2.3591889000,2.3188225500,602737,9373695.0000,2,0.927288,1,1.740809,0
2001-10-29,sh.600388,2.3771295000,2.5400899500,2.3771295000,2.5251394500,2.3591889000,2448308,40599263.0000,2,3.766628,1,7.034218,0
2001-10-30,sh.600388,2.5251394500,2.5251394500,2.4668325000,2.4907533000,2.5251394500,965209,16124030.0000,2,1.484937,1,-1.361750,0
2001-10-31,sh.600388,2.4369315000,2.5191592500,2.4115156500,2.5176642000,2.4907533000,659869,10846811.0000,2,1.015183,1,1.080434,0
2001-11-01,sh.600388,2.5161691500,2.5415850000,2.4758028000,2.5161691500,2.5176642000,667623,11259948.0000,2,1.027112,1,-0.059384,0
2001-11-02,sh.600388,2.5101889500,2.5101889500,2.4294562500,2.4488919000,2.5161691500,467400,7708173.0000,2,0.719077,1,-2.673801,0
2001-11-05,sh.600388,2.4444067500,2.4668325000,2.3995552500,2.4279612000,2.4488919000,281957,4577730.0000,2,0.433780,1,-0.854697,0
2001-11-06,sh.600388,2.4279612000,2.4518820000,2.3935750500,2.4070305000,2.4279612000,286061,4611389.0000,2,0.440094,1,-0.862065,0
2001-11-07,sh.600388,2.4010503000,2.4085255500,2.2126740000,2.2156641000,2.4070305000,878830,13369464.0000,2,1.352046,1,-7.950315,0
2001-11-08,sh.600388,2.1723076500,2.2919116500,2.1394165500,2.2799512500,2.2156641000,712538,10572488.0000,2,1.096212,1,2.901487,0
2001-11-09,sh.600388,2.2276245000,2.3322780000,2.2276245000,2.3173275000,2.2799512500,536516,8233018.0000,2,0.825409,1,1.639344,0
2001-11-12,sh.600388,2.2724760000,2.3457334500,2.2724760000,2.2978918500,2.3173275000,267844,4156161.0000,2,0.412068,1,-0.838711,0
2001-11-13,sh.600388,2.2754661000,2.2754661000,2.2246344000,2.2395849000,2.2978918500,235915,3554975.0000,2,0.362946,1,-2.537413,0
2001-11-14,sh.600388,2.2365948000,2.2724760000,2.2261294500,2.2261294500,2.2395849000,113200,1698178.0000,2,0.174154,1,-0.600796,0
2001-11-15,sh.600388,2.2261294500,2.2739710500,2.2261294500,2.2500502500,2.2261294500,112610,1691170.0000,2,0.173246,1,1.074546,0
2001-11-16,sh.600388,2.4758028000,2.4758028000,2.3561988000,2.3591889000,2.2500502500,2231775,36062536.0000,2,3.433500,1,4.850495,0
2001-11-19,sh.600388,2.3636740500,2.4638424000,2.3636740500,2.4638424000,2.3591889000,1044906,17044045.0000,2,1.607548,1,4.435994,0
2001-11-20,sh.600388,2.4668325000,2.5565355000,2.4668325000,2.5057038000,2.4638424000,2119165,35726261.0000,2,3.260254,1,1.699033,0
2001-11-21,sh.600388,2.5086939000,2.5311196500,2.4668325000,2.5176642000,2.5057038000,742350,12418903.0000,2,1.142077,1,0.477326,0
2001-11-22,sh.600388,2.5116840000,2.5385949000,2.4967335000,2.5326147000,2.5176642000,550070,9264779.0000,2,0.846262,1,0.593827,0
2001-11-23,sh.600388,2.5251394500,2.5356048000,2.4817830000,2.5101889500,2.5326147000,446660,7509189.0000,2,0.687169,1,-0.885476,0
2001-11-26,sh.600388,2.5042087500,2.5057038000,2.4668325000,2.4892582500,2.5101889500,373470,6195425.0000,2,0.574569,1,-0.833837,0
2001-11-27,sh.600388,2.4862681500,2.5565355000,2.4862681500,2.5490602500,2.4892582500,380935,6454850.0000,2,0.586054,1,2.402400,0
2001-11-28,sh.600388,2.5550404500,2.5894266000,2.5430800500,2.5595256000,2.5490602500,766682,13159799.0000,2,1.179511,1,0.410567,0
2001-11-29,sh.600388,2.5385949000,2.5834464000,2.5236444000,2.5266345000,2.5595256000,540531,9187406.0000,2,0.831586,1,-1.285054,0
2001-11-30,sh.600388,2.5266345000,2.5714860000,2.5266345000,2.5670008500,2.5266345000,485445,8281090.0000,2,0.746838,1,1.597636,0
2001-12-03,sh.600388,2.5864365000,2.6193276000,2.5670008500,2.5879315500,2.5670008500,668137,11605902.0000,2,1.027903,1,0.815372,0
2001-12-04,sh.600388,2.5804563000,2.6088622500,2.5535454000,2.6028820500,2.5879315500,432282,7438719.0000,2,0.665049,1,0.577703,0
2001-12-05,sh.600388,2.5894266000,2.5969018500,2.5116840000,2.5236444000,2.6028820500,756251,12942104.0000,2,1.163463,1,-3.044231,0
2001-12-06,sh.600388,2.5116840000,2.5415850000,2.4967335000,2.5251394500,2.5236444000,361798,6091622.0000,2,0.556612,1,0.059243,0
2001-12-07,sh.600388,2.5266345000,2.5341097500,2.5161691500,2.5221493500,2.5251394500,201560,3404698.0000,2,0.310092,1,-0.118405,0
2001-12-10,sh.600388,2.5191592500,2.5415850000,2.4967335000,2.5400899500,2.5221493500,154509,2597284.0000,2,0.237706,1,0.711315,0
2001-12-11,sh.600388,2.5535454000,2.5714860000,2.4907533000,2.5042087500,2.5400899500,484840,8199578.0000,2,0.745908,1,-1.412594,0
2001-12-12,sh.600388,2.5042087500,2.5116840000,2.4668325000,2.4743077500,2.5042087500,276615,4597426.0000,2,0.425562,1,-1.194034,0
2001-12-13,sh.600388,2.4952384500,2.4952384500,2.4160008000,2.4324463500,2.4743077500,281055,4620321.0000,2,0.432392,1,-1.691836,0
2001-12-14,sh.600388,2.4189909000,2.4444067500,2.3920800000,2.3965651500,2.4324463500,318360,5140504.0000,2,0.489785,1,-1.475106,0
2001-12-17,sh.600388,2.3965651500,2.3965651500,2.3965651500,2.3965651500,2.3965651500,0,0.0000,2,,0,0.000000,0
2001-12-18,sh.600388,2.4145057500,2.4189909000,2.3248027500,2.4189909000,2.3965651500,557571,8822400.0000,2,0.857802,1,0.935743,0
2001-12-19,sh.600388,2.4174958500,2.4189909000,2.3502186000,2.3547037500,2.4189909000,252049,4029323.0000,2,0.387768,1,-2.657604,0
2001-12-20,sh.600388,2.3412483000,2.3442384000,2.2889215500,2.2978918500,2.3547037500,365379,5648051.0000,2,0.562122,1,-2.412699,0
2001-12-21,sh.600388,2.2963968000,2.3352681000,2.2963968000,2.3248027500,2.2978918500,191176,2952574.0000,2,0.294117,1,1.171115,0
2001-12-24,sh.600388,2.2799512500,2.3248027500,2.2201492500,2.2261294500,2.3248027500,505000,7577741.0000,2,0.776923,1,-4.244372,0
2001-12-25,sh.600388,2.2306146000,2.2904166000,2.2276245000,2.2620106500,2.2261294500,247272,3738077.0000,2,0.380418,1,1.611818,0
2001-12-26,sh.600388,2.2799512500,2.3098522500,2.2620106500,2.3068621500,2.2620106500,195316,2995602.0000,2,0.300486,1,1.982817,0
2001-12-27,sh.600388,2.3143374000,2.3322780000,2.2949017500,2.3023770000,2.3068621500,231100,3574873.0000,2,0.355538,1,-0.194431,0
2001-12-28,sh.600388,2.3023770000,2.3696542500,2.2919116500,2.3696542500,2.3023770000,282484,4398962.0000,2,0.434591,1,2.922083,0
2001-12-31,sh.600388,2.3741394000,2.3890899000,2.3487235500,2.3547037500,2.3696542500,214752,3399877.0000,2,0.330388,1,-0.630917,0
2002-01-04,sh.600388,2.3621790000,2.3621790000,2.2694859000,2.2724760000,2.3547037500,228165,3492773.0000,2,0.351023,1,-3.492065,0
2002-01-07,sh.600388,2.2515453000,2.2724760000,2.2336047000,2.2694859000,2.2724760000,207070,3112776.0000,2,0.318569,1,-0.131576,0
2002-01-08,sh.600388,2.2515453000,2.2814463000,2.2440700500,2.2485552000,2.2694859000,108700,1645843.0000,2,0.167231,1,-0.922268,0
2002-01-09,sh.600388,2.3576938500,2.4040404000,2.2724760000,2.3292879000,2.2485552000,1506410,23552454.0000,2,2.317554,1,3.590425,0
2002-01-10,sh.600388,2.3322780000,2.5251394500,2.2575255000,2.4847731000,2.3292879000,1681243,26642584.0000,2,2.586528,1,6.675231,0
2002-01-11,sh.600388,2.4668325000,2.4817830000,2.3621790000,2.3905849500,2.4847731000,2231080,36204635.0000,2,3.432431,1,-3.790620,0
2002-01-14,sh.600388,2.3487235500,2.5086939000,2.3322780000,2.4473968500,2.3905849500,3336774,54080857.0000,2,5.133498,1,2.376492,0
2002-01-15,sh.600388,2.4294562500,2.4967335000,2.4189909000,2.4279612000,2.4473968500,2310927,37961242.0000,2,3.555272,1,-0.794142,0
2002-01-16,sh.600388,2.4219810000,2.5176642000,2.4070305000,2.5071988500,2.4279612000,2861209,47458940.0000,2,4.401860,1,3.263551,0
2002-01-17,sh.600388,2.4967335000,2.5101889500,2.3472285000,2.3681592000,2.5071988500,2054423,33369566.0000,2,3.160651,1,-5.545619,0
2002-01-18,sh.600388,2.3203176000,2.4040404000,2.1498819000,2.3322780000,2.3681592000,2547044,39343302.0000,2,3.918529,1,-1.515150,0
2002-01-21,sh.600388,2.2724760000,2.3397532500,2.2425750000,2.2650007500,2.3322780000,1169085,17800224.0000,2,1.798592,1,-2.884620,0
2002-01-22,sh.600388,2.2440700500,2.3771295000,2.2276245000,2.2874265000,2.2650007500,1214084,18722355.0000,2,1.867822,1,0.990103,0
2002-01-23,sh.600388,2.2889215500,2.4937434000,2.2515453000,2.4787929000,2.2874265000,1683145,26755224.0000,2,2.589454,1,8.366011,0
2002-01-24,sh.600388,2.4488919000,2.5535454000,2.3920800000,2.5027137000,2.4787929000,4057552,67973519.0000,2,6.242388,1,0.965017,0
2002-01-25,sh.600388,2.4937434000,2.5684959000,2.4683275500,2.5400899500,2.5027137000,2498611,42265760.0000,2,3.844017,1,1.493429,0
2002-01-28,sh.600388,2.5400899500,2.5415850000,2.3860998000,2.4055354500,2.5400899500,2683224,43926175.0000,2,4.128037,1,-5.297232,0
2002-01-29,sh.600388,2.3920800000,2.5415850000,2.3771295000,2.5400899500,2.4055354500,2447159,40458944.0000,2,3.764860,1,5.593534,0
2002-01-30,sh.600388,2.5415850000,2.5640107500,2.4668325000,2.5116840000,2.5400899500,1983713,33515507.0000,2,3.051866,1,-1.118308,0
2002-01-31,sh.600388,2.5714860000,2.7194959500,2.5714860000,2.6701593000,2.5116840000,5826994,103925713.0000,2,8.964606,1,6.309532,0
2002-02-01,sh.600388,2.6716543500,2.7120207000,2.6387632500,2.6821197000,2.6701593000,3278681,58676223.0000,2,5.044125,1,0.447928,0
2002-02-04,sh.600388,2.7209910000,2.7434167500,2.6537137500,2.7150108000,2.6821197000,1986390,35939686.0000,2,3.055985,1,1.226306,0
2002-02-05,sh.600388,2.7135157500,2.7135157500,2.6462385000,2.6761395000,2.7150108000,1903955,34043735.0000,2,2.929162,1,-1.431719,0
2002-02-06,sh.600388,2.6477335500,2.6746444500,2.6013870000,2.6028820500,2.6761395000,2108068,37077762.0000,2,3.243182,1,-2.737429,0
2002-02-07,sh.600388,2.5954068000,2.6970702000,2.5954068000,2.6925850500,2.6028820500,1383728,24722672.0000,2,2.128812,1,3.446297,0
2002-02-08,sh.600388,2.7239811000,2.7359415000,2.6432484000,2.6492286000,2.6925850500,932081,16744849.0000,2,1.433971,1,-1.610222,0
2002-02-25,sh.600388,2.7239811000,2.7269712000,2.6492286000,2.6552088000,2.6492286000,1099039,19653504.0000,2,1.690829,1,0.225739,0
2002-02-26,sh.600388,2.6387632500,2.6611890000,2.5939117500,2.6507236500,2.6552088000,835213,14602923.0000,2,1.284943,1,-0.168923,0
2002-02-27,sh.600388,2.6402583000,2.7030504000,2.6238127500,2.6761395000,2.6507236500,654312,11675798.0000,2,1.006634,1,0.958827,0
2002-02-28,sh.600388,2.6866048500,2.6910900000,2.6133474000,2.6193276000,2.6761395000,569057,10080015.0000,2,0.875472,1,-2.122900,0
2002-03-01,sh.600388,2.6088622500,2.6163375000,2.5804563000,2.5864365000,2.6193276000,768560,13332962.0000,2,1.182400,1,-1.255715,0
2002-03-04,sh.600388,2.5729810500,2.6611890000,2.5610206500,2.6581989000,2.5864365000,522716,9153431.0000,2,0.804178,1,2.774575,0
2002-03-05,sh.600388,2.6746444500,2.7135157500,2.6626840500,2.6970702000,2.6581989000,1388097,25004272.0000,2,2.135534,1,1.462318,0
2002-03-06,sh.600388,2.7000603000,2.7299613000,2.6731494000,2.6761395000,2.6970702000,2015862,36497656.0000,2,3.101326,1,-0.776060,0
2002-03-07,sh.600388,2.6910900000,2.8316247000,2.6761395000,2.8151791500,2.6761395000,3016809,56393813.0000,2,4.641245,1,5.195532,0
2002-03-08,sh.600388,2.8256445000,2.8480702500,2.7658425000,2.8151791500,2.8151791500,2079719,38880933.0000,2,3.199568,1,0.000000,0
2002-03-11,sh.600388,2.8256445000,2.8376049000,2.7688326000,2.8062088500,2.8151791500,1375663,25664665.0000,2,2.116405,1,-0.318638,0
2002-03-12,sh.600388,2.7927534000,2.8555455000,2.7419217000,2.8346148000,2.8062088500,2264679,42234004.0000,2,3.484122,1,1.012246,0
2002-03-13,sh.600388,2.8331197500,2.8540504500,2.7733177500,2.7763078500,2.8346148000,922876,17377045.0000,2,1.419809,1,-2.056959,0
2002-03-14,sh.600388,2.7748128000,2.8136841000,2.7583672500,2.8121890500,2.7763078500,1062655,19751621.0000,2,1.634854,1,1.292406,0
2002-03-15,sh.600388,2.8077039000,2.8106940000,2.6910900000,2.6940801000,2.8121890500,1123339,20737052.0000,2,1.728214,1,-4.199889,0
2002-03-18,sh.600388,2.7359415000,2.7658425000,2.6312880000,2.6611890000,2.6940801000,1106102,19816811.0000,2,1.701695,1,-1.220872,0
2002-03-19,sh.600388,2.6312880000,2.7628524000,2.6312880000,2.7598623000,2.6611890000,1129325,20554614.0000,2,1.737423,1,3.707865,0
2002-03-20,sh.600388,2.7658425000,2.8106940000,2.7209910000,2.7553771500,2.7598623000,1007617,18696555.0000,2,1.550180,1,-0.162507,0
2002-03-21,sh.600388,2.7583672500,2.7927534000,2.7135157500,2.7269712000,2.7553771500,822755,15115115.0000,2,1.265777,1,-1.030931,0
2002-03-22,sh.600388,2.7359415000,2.7508920000,2.6791296000,2.7015553500,2.7269712000,608933,10998105.0000,2,0.936820,1,-0.932018,0
2002-03-25,sh.600388,2.7135157500,2.7658425000,2.6940801000,2.7434167500,2.7015553500,485200,8888768.0000,2,0.746462,1,1.549533,0
2002-03-26,sh.600388,2.7419217000,2.7942484500,2.7135157500,2.7508920000,2.7434167500,823802,15220878.0000,2,1.267388,1,0.272475,0
2002-03-27,sh.600388,2.7359415000,2.7583672500,2.6910900000,2.7434167500,2.7508920000,419428,7654492.0000,2,0.645274,1,-0.271735,0
2002-03-28,sh.600388,2.7284662500,2.7434167500,2.6611890000,2.6626840500,2.7434167500,900718,16198606.0000,2,1.385720,1,-2.942784,0
2002-03-29,sh.600388,2.6626840500,2.6791296000,2.5804563000,2.5969018500,2.6626840500,995991,17378953.0000,2,1.532294,1,-2.470515,0
2002-04-01,sh.600388,2.5819513500,2.6178325500,2.5415850000,2.5998919500,2.5969018500,373129,6458251.0000,2,0.574045,1,0.115133,0
2002-04-02,sh.600388,2.5983969000,2.6088622500,2.5341097500,2.5505553000,2.5998919500,478977,8178736.0000,2,0.736888,1,-1.897642,0
2002-04-03,sh.600388,2.5415850000,2.5983969000,2.5415850000,2.5610206500,2.5505553000,347018,5946465.0000,2,0.533874,1,0.410315,0
2002-04-04,sh.600388,2.5565355000,2.6746444500,2.5251394500,2.6611890000,2.5610206500,603700,10536258.0000,2,0.928769,1,3.911268,0
2002-04-05,sh.600388,2.6297929500,2.6686642500,2.5954068000,2.6013870000,2.6611890000,385450,6760867.0000,2,0.593000,1,-2.247189,0
2002-04-08,sh.600388,2.5864365000,2.6537137500,2.5864365000,2.6342781000,2.6013870000,328387,5788597.0000,2,0.505211,1,1.264375,0
2002-04-09,sh.600388,2.5415850000,2.6432484000,2.5415850000,2.6013870000,2.6342781000,821344,14234649.0000,2,1.263606,1,-1.248588,0
2002-04-10,sh.600388,2.6013870000,2.6238127500,2.5670008500,2.6118523500,2.6013870000,622618,10786013.0000,2,0.957874,1,0.402297,0
2002-04-11,sh.600388,2.6163375000,2.6238127500,2.5729810500,2.5774662000,2.6118523500,399323,6904885.0000,2,0.614343,1,-1.316540,0
2002-04-12,sh.600388,2.6013870000,2.6013870000,2.5699909500,2.5819513500,2.5774662000,290805,5025693.0000,2,0.447392,1,0.174018,0
2002-04-15,sh.600388,2.5939117500,2.5939117500,2.5251394500,2.5385949000,2.5819513500,485215,8251010.0000,2,0.746485,1,-1.679218,0
2002-04-16,sh.600388,2.5341097500,2.5684959000,2.5116840000,2.5326147000,2.5385949000,384100,6507165.0000,2,0.590923,1,-0.235565,0
2002-04-17,sh.600388,2.5341097500,2.5550404500,2.5116840000,2.5415850000,2.5326147000,274730,4661826.0000,2,0.422662,1,0.354188,0
2002-04-18,sh.600388,2.5430800500,2.5610206500,2.5116840000,2.5221493500,2.5415850000,251601,4258675.0000,2,0.387078,1,-0.764701,0
2002-04-19,sh.600388,2.5191592500,2.5296246000,2.4787929000,2.5296246000,2.5221493500,281729,4701602.0000,2,0.433429,1,0.296380,0
2002-04-22,sh.600388,2.5356048000,2.5356048000,2.4937434000,2.5206543000,2.5296246000,201324,3381313.0000,2,0.309729,1,-0.354607,0
2002-04-23,sh.600388,2.5176642000,2.5341097500,2.4787929000,2.5191592500,2.5206543000,583095,9760040.0000,2,0.897069,1,-0.059313,0
2002-04-24,sh.600388,2.4967335000,2.5176642000,2.4817830000,2.4967335000,2.5191592500,136259,2273360.0000,2,0.209629,1,-0.890205,0
2002-04-25,sh.600388,2.4967335000,2.5116840000,2.4668325000,2.5027137000,2.4967335000,231830,3862189.0000,2,0.356662,1,0.239515,0
2002-04-26,sh.600388,2.5161691500,2.5475652000,2.5086939000,2.5311196500,2.5027137000,380778,6467728.0000,2,0.585812,1,1.135009,0
2002-04-29,sh.600388,2.5385949000,2.5819513500,2.5385949000,2.5595256000,2.5311196500,385222,6608469.0000,2,0.592649,1,1.122271,0
2002-04-30,sh.600388,2.5819513500,2.5819513500,2.5385949000,2.5580305500,2.5595256000,317730,5420492.0000,2,0.488815,1,-0.058413,0
2002-05-08,sh.600388,2.5415850000,2.5640107500,2.5415850000,2.5460701500,2.5580305500,137300,2342600.0000,2,0.211231,1,-0.467562,0
2002-05-09,sh.600388,2.5415850000,2.5670008500,2.5400899500,2.5580305500,2.5460701500,202822,3468162.0000,2,0.312034,1,0.469759,0
2002-05-10,sh.600388,2.5610206500,2.5714860000,2.5086939000,2.5131790500,2.5580305500,139001,2350836.0000,2,0.213848,1,-1.753367,0
2002-05-13,sh.600388,2.4817830000,2.5086939000,2.4219810000,2.4294562500,2.5131790500,377526,6215942.0000,2,0.580809,1,-3.331347,0
2002-05-14,sh.600388,2.4309513000,2.4309513000,2.3846047500,2.3875948500,2.4294562500,526200,8457755.0000,2,0.809538,1,-1.723075,0
2002-05-15,sh.600388,2.3875948500,2.3875948500,2.3875948500,2.3875948500,2.3875948500,0,0.0000,2,,0,0.000000,0
2002-05-16,sh.600388,2.2425750000,2.3427433500,2.2425750000,2.3008819500,2.3875948500,779470,12109446.0000,2,1.199185,1,-3.631809,0
2002-05-17,sh.600388,2.2844364000,2.3621790000,2.2844364000,2.3352681000,2.3008819500,651364,10132506.0000,2,1.002098,1,1.494474,0
2002-05-20,sh.600388,2.3307829500,2.3307829500,2.2575255000,2.2635057000,2.3352681000,296355,4514550.0000,2,0.455931,1,-3.072980,0
2002-05-21,sh.600388,2.3023770000,2.3846047500,2.3023770000,2.3427433500,2.2635057000,625371,9793699.0000,2,0.962109,1,3.500659,0
2002-05-22,sh.600388,2.3412483000,2.3472285000,2.2694859000,2.2904166000,2.3427433500,280853,4328227.0000,2,0.432082,1,-2.233570,0
2002-05-23,sh.600388,2.3173275000,2.3771295000,2.3023770000,2.3098522500,2.2904166000,131030,2038315.0000,2,0.201585,1,0.848565,0
2002-05-24,sh.600388,2.3023770000,2.3023770000,2.2515453000,2.2724760000,2.3098522500,197745,3003078.0000,2,0.304223,1,-1.618123,0
2002-05-27,sh.600388,2.2724760000,2.3158324500,2.2694859000,2.2754661000,2.2724760000,200412,3050476.0000,2,0.308326,1,0.131582,0
2002-05-28,sh.600388,2.2949017500,2.3397532500,2.2949017500,2.2993869000,2.2754661000,153001,2371200.0000,2,0.235386,1,1.051247,0
2002-05-29,sh.600388,2.3098522500,2.3098522500,2.2694859000,2.2739710500,2.2993869000,192310,2928730.0000,2,0.295862,1,-1.105332,0
2002-05-30,sh.600388,2.2724760000,2.2934067000,2.2440700500,2.2784562000,2.2739710500,263851,4009876.0000,2,0.405925,1,0.197237,0
2002-05-31,sh.600388,2.3068621500,2.3068621500,2.2545354000,2.2575255000,2.2784562000,225325,3430736.0000,2,0.346654,1,-0.918631,0
2002-06-03,sh.600388,2.2291195500,2.2291195500,2.1767928000,2.1887532000,2.2575255000,265005,3896561.0000,2,0.407700,1,-3.046358,0
2002-06-04,sh.600388,2.2096839000,2.2096839000,2.1244660500,2.1663274500,2.1887532000,682633,9848788.0000,2,1.050205,1,-1.024594,0
2002-06-05,sh.600388,2.1453967500,2.1453967500,2.1125056500,2.1140007000,2.1663274500,214000,3042899.0000,2,0.329231,1,-2.415455,0
2002-06-06,sh.600388,2.1140007000,2.2605156000,2.1140007000,2.2276245000,2.1140007000,492590,7261210.0000,2,0.757831,1,5.374818,0
2002-06-07,sh.600388,2.2395849000,2.2874265000,2.2051987500,2.2620106500,2.2276245000,746763,11281959.0000,2,1.148866,1,1.543628,0
2002-06-10,sh.600388,2.2620106500,2.2724760000,2.2171591500,2.2605156000,2.2620106500,192281,2893401.0000,2,0.295817,1,-0.066095,0
2002-06-11,sh.600388,2.2575255000,2.2799512500,2.2306146000,2.2799512500,2.2605156000,173690,2628613.0000,2,0.267215,1,0.859789,0
2002-06-12,sh.600388,2.2799512500,2.2799512500,2.2620106500,2.2754661000,2.2799512500,149548,2269421.0000,2,0.230074,1,-0.196720,0
2002-06-13,sh.600388,2.2679908500,2.2679908500,2.2365948000,2.2470601500,2.2754661000,151800,2280943.0000,2,0.233538,1,-1.248361,0
2002-06-14,sh.600388,2.2276245000,2.2350997500,2.2081888500,2.2126740000,2.2470601500,171100,2544169.0000,2,0.263231,1,-1.530270,0
2002-06-17,sh.600388,2.1797829000,2.2395849000,2.1797829000,2.2126740000,2.2126740000,115000,1697162.0000,2,0.176923,1,0.000000,0
2002-06-18,sh.600388,2.2126740000,2.2575255000,2.2126740000,2.2530403500,2.2126740000,103710,1558020.0000,2,0.159554,1,1.824321,0
2002-06-19,sh.600388,2.2470601500,2.2560304500,2.2425750000,2.2515453000,2.2530403500,69119,1040115.0000,2,0.106337,1,-0.066352,0
2002-06-20,sh.600388,2.2470601500,2.2769611500,2.2470601500,2.2650007500,2.2515453000,103950,1574690.0000,2,0.159923,1,0.597604,0
2002-06-21,sh.600388,2.2096839000,2.3472285000,2.2096839000,2.3337730500,2.2650007500,501255,7786199.0000,2,0.771162,1,3.036304,0
2002-06-24,sh.600388,2.5670008500,2.5670008500,2.4668325000,2.5670008500,2.3337730500,2336061,39673373.0000,2,3.593940,1,9.993597,0
2002-06-25,sh.600388,2.5775088900,2.5775088900,2.4739281600,2.4874386900,2.5670007000,1036532,17391091.0000,2,1.594665,1,-3.099419,0
2002-06-26,sh.600388,2.4619188000,2.4619188000,2.4033731700,2.4409024200,2.4874386900,757656,12288193.0000,2,1.165625,1,-1.870848,0
2002-06-27,sh.600388,2.4394012500,2.4844363500,2.4048743400,2.4799328400,2.4409024200,559910,9122174.0000,2,0.861400,1,1.599017,0
2002-06-28,sh.600388,2.4619188000,2.4634199700,2.4108790200,2.4529117800,2.4799328400,488751,7931226.0000,2,0.751925,1,-1.089590,0
2002-07-01,sh.600388,2.4544129500,2.4544129500,2.4093778500,2.4093778500,2.4529117800,174300,2807268.0000,2,0.268154,1,-1.770000,0
2002-07-02,sh.600388,2.4108790200,2.4243895500,2.3868603000,2.4243895500,2.4093778500,203600,3266193.0000,2,0.313231,1,0.620000,0
2002-07-03,sh.600388,2.4469071000,2.4469071000,2.4198860400,2.4273918900,2.4243895500,136821,2216352.0000,2,0.210494,1,0.120000,0
2002-07-04,sh.600388,2.4033731700,2.4168837000,2.3868603000,2.3883614700,2.4273918900,264530,4233068.0000,2,0.406969,1,-1.610000,0
2002-07-05,sh.600388,2.3868603000,2.4769305000,2.3793544500,2.4709258200,2.3883614700,316810,5104883.0000,2,0.487400,1,3.460000,0
2002-07-08,sh.600388,2.4469071000,2.5264691100,2.4409024200,2.5204644300,2.4709258200,762472,12732646.0000,2,1.173034,1,2.000000,0
2002-07-09,sh.600388,2.5219656000,2.5670007000,2.4964457100,2.5159609200,2.5204644300,728400,12275856.0000,2,1.120615,1,-0.180000,0
2002-07-10,sh.600388,2.5024503900,2.5024503900,2.4814340100,2.4919422000,2.5159609200,274516,4555331.0000,2,0.422332,1,-0.950000,0
2002-07-11,sh.600388,2.4694246500,2.4904410300,2.4604176300,2.4694246500,2.4919422000,158180,2606088.0000,2,0.243354,1,-0.900000,0
2002-07-12,sh.600388,2.4694246500,2.4844363500,2.4619188000,2.4739281600,2.4694246500,121311,1998834.0000,2,0.186632,1,0.180000,0
2002-07-15,sh.600388,2.5219656000,2.5219656000,2.4379000800,2.4394012500,2.4739281600,108460,1777557.0000,2,0.166862,1,-1.400000,0
2002-07-16,sh.600388,2.4544129500,2.4619188000,2.4168837000,2.4318954000,2.4394012500,144719,2344466.0000,2,0.222645,1,-0.310000,0
2002-07-17,sh.600388,2.4333965700,2.4469071000,2.4033731700,2.4439047600,2.4318954000,138934,2233460.0000,2,0.213745,1,0.490000,0
2002-07-18,sh.600388,2.4439047600,2.4604176300,2.4273918900,2.4288930600,2.4439047600,99400,1616418.0000,2,0.152923,1,-0.610000,0
2002-07-19,sh.600388,2.4333965700,2.4709258200,2.4333965700,2.4469071000,2.4288930600,66100,1074919.0000,2,0.101692,1,0.740000,0
2002-07-22,sh.600388,2.4213872100,2.4213872100,2.4018720000,2.4153825300,2.4469071000,140015,2245975.0000,2,0.215408,1,-1.290000,0
2002-07-23,sh.600388,2.4018720000,2.4168837000,2.3988696600,2.4018720000,2.4153825300,136220,2180941.0000,2,0.209569,1,-0.560000,0
2002-07-24,sh.600388,2.4018720000,2.4018720000,2.3688462600,2.3808556200,2.4018720000,164859,2616370.0000,2,0.253629,1,-0.880000,0
2002-07-25,sh.600388,2.3718486000,2.4033731700,2.3718486000,2.4018720000,2.3808556200,142680,2272861.0000,2,0.219508,1,0.880000,0
2002-07-26,sh.600388,2.3868603000,2.4063755100,2.3583380700,2.3898626400,2.4018720000,46680,744686.0000,2,0.071815,1,-0.499999,0
2002-07-29,sh.600388,2.3658439200,2.3868603000,2.3583380700,2.3838579600,2.3898626400,62471,987032.0000,2,0.096109,1,-0.250000,0
2002-07-30,sh.600388,2.3718486000,2.3853591300,2.3718486000,2.3808556200,2.3838579600,33421,528942.0000,2,0.051417,1,-0.130000,0
2002-07-31,sh.600388,2.3733497700,2.4003708300,2.3718486000,2.3823567900,2.3808556200,53000,839399.0000,2,0.081538,1,0.060000,0
2002-08-01,sh.600388,2.3718486000,2.3838579600,2.3538345600,2.3748509400,2.3823567900,93983,1482581.0000,2,0.144589,1,-0.320000,0
2002-08-02,sh.600388,2.3748509400,2.4108790200,2.3418252000,2.3583380700,2.3748509400,70900,1115610.0000,2,0.109077,1,-0.700000,0
2002-08-05,sh.600388,2.3418252000,2.4168837000,2.3418252000,2.4063755100,2.3583380700,171077,2707608.0000,2,0.263195,1,2.040000,0
2002-08-06,sh.600388,2.4063755100,2.4544129500,2.3868603000,2.4469071000,2.4063755100,209067,3391025.0000,2,0.321642,1,1.680000,0
2002-08-07,sh.600388,2.4544129500,2.4544129500,2.4123801900,2.4454059300,2.4469071000,129800,2098447.0000,2,0.199692,1,-0.060000,0
2002-08-08,sh.600388,2.4318954000,2.4318954000,2.3898626400,2.3943661500,2.4454059300,36900,592055.0000,2,0.056769,1,-2.090000,0
2002-08-09,sh.600388,2.3943661500,2.3943661500,2.3658439200,2.3733497700,2.3943661500,57800,914517.0000,2,0.088923,1,-0.880000,0
2002-08-12,sh.600388,2.3598392400,2.3763521100,2.3568369000,2.3718486000,2.3733497700,54685,863863.0000,2,0.084131,1,-0.060000,0
2002-08-13,sh.600388,2.3748509400,2.3793544500,2.3718486000,2.3718486000,2.3718486000,25250,399140.0000,2,0.038846,1,0.000000,0
2002-08-14,sh.600388,2.3718486000,2.3928649800,2.3568369000,2.3763521100,2.3718486000,43230,683148.0000,2,0.066508,1,0.190000,0
2002-08-15,sh.600388,2.3718486000,2.3838579600,2.3718486000,2.3838579600,2.3763521100,128800,2035512.0000,2,0.198154,1,0.320000,0
2002-08-16,sh.600388,2.2817784000,2.4288930600,2.2817784000,2.4258907200,2.3838579600,118468,1896074.0000,2,0.182258,1,1.760000,0
2002-08-19,sh.600388,2.4228883800,2.5039515600,2.4228883800,2.4273918900,2.4258907200,397895,6479711.0000,2,0.612146,1,0.060000,0
2002-08-20,sh.600388,2.4018720000,2.4273918900,2.3718486000,2.3928649800,2.4273918900,138164,2197609.0000,2,0.212560,1,-1.420000,0
2002-08-21,sh.600388,2.3943661500,2.4018720000,2.3583380700,2.4018720000,2.3928649800,112902,1792884.0000,2,0.173695,1,0.380000,0
2002-08-22,sh.600388,2.3988696600,2.4379000800,2.3943661500,2.4228883800,2.4018720000,713121,11498459.0000,2,1.097109,1,0.880000,0
2002-08-23,sh.600388,2.4439047600,2.4469071000,2.4138813600,2.4153825300,2.4228883800,64500,1041746.0000,2,0.099231,1,-0.310000,0
2002-08-26,sh.600388,2.4093778500,2.4469071000,2.4033731700,2.4258907200,2.4153825300,121200,1953105.0000,2,0.186462,1,0.440000,0
2002-08-27,sh.600388,2.4138813600,2.4769305000,2.4138813600,2.4589164600,2.4258907200,1164794,18995083.0000,2,1.791991,1,1.360000,0
2002-08-28,sh.600388,2.4604176300,2.4769305000,2.4093778500,2.4454059300,2.4589164600,210143,3417217.0000,2,0.323297,1,-0.550000,0
2002-08-29,sh.600388,2.4333965700,2.4348977400,2.4108790200,2.4108790200,2.4454059300,171221,2755396.0000,2,0.263417,1,-1.410000,0
2002-08-30,sh.600388,2.4123801900,2.4394012500,2.4063755100,2.4288930600,2.4108790200,46201,743743.0000,2,0.071078,1,0.750000,0
2002-09-02,sh.600388,2.4288930600,2.4288930600,2.4063755100,2.4138813600,2.4288930600,32985,529922.0000,2,0.050746,1,-0.620000,0
2002-09-03,sh.600388,2.4093778500,2.4544129500,2.4048743400,2.4183848700,2.4138813600,142050,2305526.0000,2,0.218538,1,0.190000,0
2002-09-04,sh.600388,2.4198860400,2.4469071000,2.4093778500,2.4123801900,2.4183848700,43305,696796.0000,2,0.066623,1,-0.250000,0
2002-09-05,sh.600388,2.4303942300,2.4303942300,2.2832795700,2.3658439200,2.4123801900,116900,1854620.0000,2,0.179846,1,-1.930000,0
2002-09-06,sh.600388,2.3628415800,2.3838579600,2.3388228600,2.3403240300,2.3658439200,118050,1848432.0000,2,0.181615,1,-1.080000,0
2002-09-09,sh.600388,2.3283146700,2.3433263700,2.3012936100,2.3388228600,2.3403240300,91950,1424307.0000,2,0.141462,1,-0.060000,0
2002-09-10,sh.600388,2.3418252000,2.3508322200,2.3343193500,2.3418252000,2.3388228600,51800,808705.0000,2,0.079692,1,0.130000,0
2002-09-11,sh.600388,2.3313170100,2.3448275400,2.3193076500,2.3373216900,2.3418252000,61600,957067.0000,2,0.094769,1,-0.190000,0
2002-09-12,sh.600388,2.3343193500,2.3418252000,2.3193076500,2.3343193500,2.3373216900,64100,994167.0000,2,0.098615,1,-0.130000,0
2002-09-13,sh.600388,2.3268135000,2.3388228600,2.3193076500,2.3238111600,2.3343193500,96940,1502732.0000,2,0.149138,1,-0.450000,0
2002-09-16,sh.600388,2.3418252000,2.3418252000,2.2637643600,2.2697690400,2.3238111600,224150,3411206.0000,2,0.344846,1,-2.330000,0
2002-09-17,sh.600388,2.2787760600,2.2937877600,2.2637643600,2.2757737200,2.2697690400,83050,1257594.0000,2,0.127769,1,0.260000,0
2002-09-18,sh.600388,2.2817784000,2.2817784000,2.2667667000,2.2667667000,2.2757737200,39500,597077.0000,2,0.060769,1,-0.400000,0
2002-09-19,sh.600388,2.2667667000,2.3118018000,2.2472514900,2.2952889300,2.2667667000,233931,3559783.0000,2,0.359894,1,1.260000,0
2002-09-20,sh.600388,2.2952889300,2.2952889300,2.2952889300,2.2952889300,2.2952889300,0,0.0000,2,,0,0.000000,0
2002-09-23,sh.600388,2.2667667000,2.2877830800,2.2607620200,2.2817784000,2.2952889300,37850,572681.0000,2,0.058231,1,-0.590000,0
2002-09-24,sh.600388,2.2742725500,2.3268135000,2.2682678700,2.2847807400,2.2817784000,85478,1298779.0000,2,0.131505,1,0.130000,0
2002-09-25,sh.600388,2.2757737200,2.3268135000,2.2742725500,2.3133029700,2.2847807400,54601,834128.0000,2,0.084002,1,1.250000,0
2002-09-26,sh.600388,2.3087994600,2.3087994600,2.2742725500,2.2847807400,2.3133029700,47630,724930.0000,2,0.073277,1,-1.230000,0
2002-09-27,sh.600388,2.2937877600,2.2937877600,2.2637643600,2.2667667000,2.2847807400,89536,1353429.0000,2,0.137748,1,-0.790000,0
2002-10-08,sh.600388,2.2592608500,2.2592608500,2.2037175600,2.2097222400,2.2667667000,110431,1626855.0000,2,0.169894,1,-2.520000,0
2002-10-09,sh.600388,2.2097222400,2.2097222400,2.1766965000,2.1842023500,2.2097222400,93930,1367008.0000,2,0.144508,1,-1.150000,0
2002-10-10,sh.600388,2.1827011800,2.1902070300,2.1631859700,2.1721929900,2.1842023500,47200,685186.0000,2,0.072615,1,-0.550000,0
2002-10-11,sh.600388,2.1721929900,2.1842023500,2.1616848000,2.1631859700,2.1721929900,93700,1358062.0000,2,0.144154,1,-0.410000,0
2002-10-14,sh.600388,2.1571812900,2.1571812900,2.1091438500,2.1406684200,2.1631859700,164895,2341373.0000,2,0.253685,1,-1.040000,0
2002-10-15,sh.600388,2.1241555500,2.1691906500,2.1241555500,2.1346637400,2.1406684200,48850,697716.0000,2,0.075154,1,-0.280000,0
2002-10-16,sh.600388,2.1616848000,2.2127245800,2.1616848000,2.1721929900,2.1346637400,164944,2396348.0000,2,0.253760,1,1.760000,0
2002-10-17,sh.600388,2.1736941600,2.1736941600,2.1286590600,2.1391672500,2.1721929900,53300,762162.0000,2,0.082000,1,-1.520000,0
2002-10-18,sh.600388,2.1316614000,2.1466731000,2.1166497000,2.1466731000,2.1391672500,50496,717200.0000,2,0.077686,1,0.350000,0
2002-10-21,sh.600388,2.1331625700,2.1571812900,2.1166497000,2.1511766100,2.1466731000,47500,677723.0000,2,0.073077,1,0.210000,0
2002-10-22,sh.600388,2.1736941600,2.1887058600,2.1481742700,2.1646871400,2.1511766100,50500,731709.0000,2,0.077692,1,0.630000,0
2002-10-23,sh.600388,2.1646871400,2.1766965000,2.1541789500,2.1766965000,2.1646871400,40800,588896.0000,2,0.062769,1,0.550000,0
2002-10-24,sh.600388,2.1616848000,2.1661883100,2.1286590600,2.1316614000,2.1766965000,48200,692059.0000,2,0.074154,1,-2.070000,0
2002-10-25,sh.600388,2.1316614000,2.1391672500,2.0581040700,2.0806216200,2.1316614000,182600,2563172.0000,2,0.280923,1,-2.390000,0
2002-10-28,sh.600388,2.0761181100,2.0791204500,1.9965561000,2.0175724800,2.0806216200,185114,2485206.0000,2,0.284791,1,-3.030000,0
2002-10-29,sh.600388,1.9965561000,2.0265795000,1.9590268500,2.0250783300,2.0175724800,185874,2449745.0000,2,0.285960,1,0.370000,0
2002-10-30,sh.600388,2.0235771600,2.0235771600,1.9515210000,1.9665327000,2.0250783300,863800,11294503.0000,2,1.328923,1,-2.890000,0
2002-10-31,sh.600388,1.9515210000,1.9815444000,1.9515210000,1.9635303600,1.9665327000,152559,1998884.0000,2,0.234706,1,-0.150000,0
2002-11-01,sh.600388,1.9635303600,1.9830455700,1.9635303600,1.9815444000,1.9635303600,72400,950982.0000,2,0.111385,1,0.920000,0
2002-11-04,sh.600388,1.9890502500,2.0190736500,1.9815444000,2.0115678000,1.9815444000,203000,2699738.0000,2,0.312308,1,1.520000,0
2002-11-05,sh.600388,2.0130689700,2.0716146000,2.0130689700,2.0490970500,2.0115678000,415646,5675447.0000,2,0.639455,1,1.870000,0
2002-11-06,sh.600388,2.0596052400,2.0596052400,2.0190736500,2.0340853500,2.0490970500,285700,3869957.0000,2,0.439538,1,-0.730000,0
2002-11-07,sh.600388,2.0490970500,2.0536005600,2.0190736500,2.0340853500,2.0340853500,96117,1299368.0000,2,0.147872,1,0.000000,0
2002-11-08,sh.600388,2.0671110900,2.0776192800,1.9710362100,1.9815444000,2.0340853500,254100,3407784.0000,2,0.390923,1,-2.580000,0
2002-11-11,sh.600388,1.9665327000,1.9965561000,1.9455163200,1.9710362100,1.9815444000,214505,2799892.0000,2,0.330008,1,-0.530000,0
2002-11-12,sh.600388,1.9815444000,1.9815444000,1.8839683500,1.8884718600,1.9710362100,389200,5032029.0000,2,0.598769,1,-4.190000,0
2002-11-13,sh.600388,1.8779636700,1.8869706900,1.8404344200,1.8839683500,1.8884718600,228236,2815737.0000,2,0.351132,1,-0.240000,0
2002-11-14,sh.600388,1.8779636700,1.8809660100,1.8149145300,1.8239215500,1.8839683500,160999,1978048.0000,2,0.247691,1,-3.190000,0
2002-11-15,sh.600388,1.8164157000,1.8584484600,1.8089098500,1.8344297400,1.8239215500,187200,2297066.0000,2,0.288000,1,0.580000,0
2002-11-18,sh.600388,1.8464391000,1.8539449500,1.8179168700,1.8464391000,1.8344297400,163597,2003394.0000,2,0.251688,1,0.650000,0
2002-11-19,sh.600388,1.8614508000,1.8659543100,1.8359309100,1.8614508000,1.8464391000,176912,2182893.0000,2,0.272172,1,0.810000,0
2002-11-20,sh.600388,1.8509426100,1.8509426100,1.7773852800,1.8119121900,1.8614508000,717999,8590166.0000,2,1.104614,1,-2.660000,0
2002-11-21,sh.600388,1.8089098500,1.8239215500,1.7263455000,1.7984016600,1.8119121900,669854,8005083.0000,2,1.030545,1,-0.750000,0
2002-11-22,sh.600388,1.7984016600,1.8284250600,1.7413572000,1.7984016600,1.7984016600,248416,2954149.0000,2,0.382178,1,0.000000,0
2002-11-25,sh.600388,1.7833899600,1.8164157000,1.7278466700,1.7848911300,1.7984016600,96389,1136098.0000,2,0.148291,1,-0.750000,0
2002-11-26,sh.600388,1.7863923000,1.8134133600,1.7263455000,1.7353525200,1.7848911300,175838,2059497.0000,2,0.270520,1,-2.780000,0
2002-11-27,sh.600388,1.7263455000,1.7263455000,1.6227647700,1.6527881700,1.7353525200,485280,5358597.0000,2,0.746585,1,-4.760000,0
2002-11-28,sh.600388,1.6512870000,1.7248443300,1.6212636000,1.7038279500,1.6527881700,396252,4397952.0000,2,0.609618,1,3.090000,0
2002-11-29,sh.600388,1.7113338000,1.7713806000,1.6888162500,1.7248443300,1.7038279500,619743,7176230.0000,2,0.953451,1,1.230000,0
2002-12-02,sh.600388,1.7263455000,1.7263455000,1.6512870000,1.6512870000,1.7248443300,237100,2660879.0000,2,0.364769,1,-4.260000,0
2002-12-03,sh.600388,1.6512870000,1.6512870000,1.6512870000,1.6512870000,1.6512870000,0,0.0000,2,,0,0.000000,0
2002-12-04,sh.600388,1.6753057200,1.8164157000,1.6753057200,1.8164157000,1.6512870000,2835312,34068598.0000,2,4.362018,1,10.000000,0
2002-12-05,sh.600388,1.8284250600,1.8629519700,1.7938981500,1.8599496300,1.8164157000,5331893,65063553.0000,2,8.202912,1,2.400000,0
2002-12-06,sh.600388,1.8389332500,1.8539449500,1.8134133600,1.8224203800,1.8599496300,1781052,21753914.0000,2,2.740080,1,-2.020000,0
2002-12-09,sh.600388,1.8074086800,1.8464391000,1.7938981500,1.8194180400,1.8224203800,1263852,15288393.0000,2,1.944388,1,-0.160000,0
2002-12-10,sh.600388,1.8194180400,1.8344297400,1.7683782600,1.7698794300,1.8194180400,1013430,12108392.0000,2,1.559123,1,-2.720000,0
2002-12-11,sh.600388,1.7683782600,1.8299262300,1.7353525200,1.8284250600,1.7698794300,1322369,15669366.0000,2,2.034414,1,3.310000,0
2002-12-12,sh.600388,1.8089098500,1.8689566500,1.8014040000,1.8284250600,1.8284250600,1496549,18327579.0000,2,2.302383,1,0.000000,0
2002-12-13,sh.600388,1.8014040000,1.8764625000,1.7728817700,1.8719589900,1.8284250600,1674811,20554740.0000,2,2.576632,1,2.380000,0
2002-12-16,sh.600388,1.8704578200,1.9139917500,1.8539449500,1.8689566500,1.8719589900,1594845,19986729.0000,2,2.453608,1,-0.160000,0
2002-12-17,sh.600388,1.8764625000,1.9244999400,1.8734601600,1.9064859000,1.8689566500,1697269,21525683.0000,2,2.611183,1,2.010000,0
2002-12-18,sh.600388,1.9004812200,1.9004812200,1.8464391000,1.8539449500,1.9064859000,1365162,17038490.0000,2,2.100249,1,-2.760000,0
2002-12-19,sh.600388,1.8479402700,1.8839683500,1.8389332500,1.8689566500,1.8539449500,907298,11227565.0000,2,1.395843,1,0.810000,0
2002-12-20,sh.600388,1.8734601600,1.8839683500,1.8419355900,1.8674554800,1.8689566500,819081,10159198.0000,2,1.260125,1,-0.080000,0
2002-12-23,sh.600388,1.8794648400,1.8839683500,1.8389332500,1.8419355900,1.8674554800,767242,9511842.0000,2,1.180372,1,-1.370000,0
2002-12-24,sh.600388,1.8374320800,1.8464391000,1.8209192100,1.8434367600,1.8419355900,463711,5658623.0000,2,0.713402,1,0.080000,0
2002-12-25,sh.600388,1.8434367600,1.8449379300,1.8149145300,1.8209192100,1.8434367600,590286,7170362.0000,2,0.908132,1,-1.220000,0
2002-12-26,sh.600388,1.8389332500,1.8689566500,1.7383548600,1.7413572000,1.8209192100,1316601,15860466.0000,2,2.025540,1,-4.370000,0
2002-12-27,sh.600388,1.7383548600,1.7398560300,1.6723033800,1.7038279500,1.7413572000,1047151,11900444.0000,2,1.611002,1,-2.160000,0
2002-12-30,sh.600388,1.6963221000,1.6978232700,1.6587928500,1.6602940200,1.7038279500,594632,6644480.0000,2,0.914818,1,-2.560000,0
2002-12-31,sh.600388,1.6693010400,1.7173384800,1.6212636000,1.6272682800,1.6602940200,816299,9007183.0000,2,1.255845,1,-1.990000,0
2003-01-02,sh.600388,1.6272682800,1.6467834900,1.5882378600,1.5942425400,1.6272682800,555650,5965638.0000,2,0.854846,1,-2.030000,0
2003-01-03,sh.600388,1.5912402000,1.6182612600,1.5792308400,1.6032495600,1.5942425400,258810,2752054.0000,2,0.398169,1,0.560000,0
2003-01-06,sh.600388,1.6032495600,1.6557905100,1.5987460500,1.6557905100,1.6032495600,579294,6298987.0000,2,0.891222,1,3.280000,0
2003-01-07,sh.600388,1.6557905100,1.7038279500,1.6332729600,1.6512870000,1.6557905100,625165,6944140.0000,2,0.961792,1,-0.270000,0
2003-01-08,sh.600388,1.6512870000,1.7038279500,1.6362753000,1.6888162500,1.6512870000,497458,5551290.0000,2,0.765320,1,2.270000,0
2003-01-09,sh.600388,1.6963221000,1.7278466700,1.6843127400,1.7218419900,1.6888162500,913433,10399612.0000,2,1.405282,1,1.960000,0
2003-01-10,sh.600388,1.7218419900,1.7413572000,1.6948209300,1.6993244400,1.7218419900,740950,8509148.0000,2,1.139923,1,-1.310000,0
2003-01-13,sh.600388,1.7008256100,1.7113338000,1.6843127400,1.7008256100,1.6993244400,342925,3877738.0000,2,0.527577,1,0.090000,0
2003-01-14,sh.600388,1.6963221000,1.8314274000,1.6798092300,1.8209192100,1.7008256100,1562169,18367758.0000,2,2.403337,1,7.060000,0
2003-01-15,sh.600388,1.8314274000,1.8584484600,1.7848911300,1.8239215500,1.8209192100,2003518,24304477.0000,2,3.082335,1,0.160000,0
2003-01-16,sh.600388,1.8239215500,1.8704578200,1.8089098500,1.8599496300,1.8239215500,929122,11402980.0000,2,1.429418,1,1.980000,0
2003-01-17,sh.600388,1.8599496300,1.8614508000,1.8164157000,1.8299262300,1.8599496300,950400,11616031.0000,2,1.462154,1,-1.610000,0
2003-01-20,sh.600388,1.8164157000,1.8344297400,1.7938981500,1.8299262300,1.8299262300,455123,5486932.0000,2,0.700189,1,0.000000,0
2003-01-21,sh.600388,1.8764625000,1.8899730300,1.7878934700,1.7893946400,1.8299262300,866604,10490074.0000,2,1.333237,1,-2.210000,0
2003-01-22,sh.600388,1.8149145300,1.8164157000,1.7818887900,1.8089098500,1.7893946400,429506,5154178.0000,2,0.660778,1,1.090000,0
2003-01-23,sh.600388,1.8074086800,1.8179168700,1.7833899600,1.7863923000,1.8089098500,346505,4152323.0000,2,0.533085,1,-1.240000,0
2003-01-24,sh.600388,1.7908958100,1.8074086800,1.7533665600,1.7938981500,1.7863923000,297950,3538769.0000,2,0.458385,1,0.420000,0
2003-01-27,sh.600388,1.7999028300,1.8314274000,1.7848911300,1.8269238900,1.7938981500,379237,4576196.0000,2,0.583442,1,1.840000,0
2003-01-28,sh.600388,1.8314274000,1.8314274000,1.8089098500,1.8224203800,1.8269238900,235683,2855090.0000,2,0.362589,1,-0.250000,0
2003-01-29,sh.600388,1.8314274000,1.9049847300,1.8239215500,1.8539449500,1.8224203800,1345503,16808726.0000,2,2.070005,1,1.730000,0
2003-02-10,sh.600388,1.8314274000,1.8464391000,1.8224203800,1.8374320800,1.8539449500,368440,4496329.0000,2,0.566831,1,-0.890000,0
2003-02-11,sh.600388,1.8179168700,1.8524437800,1.8179168700,1.8524437800,1.8374320800,149855,1829332.0000,2,0.230546,1,0.820000,0
2003-02-12,sh.600388,1.8539449500,1.8734601600,1.8359309100,1.8719589900,1.8524437800,354867,4389923.0000,2,0.545949,1,1.050000,0
2003-02-13,sh.600388,1.8734601600,1.9815444000,1.8659543100,1.9455163200,1.8719589900,2071844,26694667.0000,2,3.187452,1,3.930000,0
2003-02-14,sh.600388,1.9485186600,1.9740385500,1.9139917500,1.9305046200,1.9455163200,516729,6640233.0000,2,0.794968,1,-0.770000,0
2003-02-17,sh.600388,1.9290034500,1.9425139800,1.8794648400,1.8914742000,1.9305046200,671885,8542751.0000,2,1.033669,1,-2.020000,0
2003-02-18,sh.600388,1.8914742000,1.9019823900,1.8749613300,1.8929753700,1.8914742000,268634,3380703.0000,2,0.413283,1,0.080000,0
2003-02-19,sh.600388,1.8929753700,1.9410128100,1.8749613300,1.9335069600,1.8929753700,768604,9838065.0000,2,1.182468,1,2.140000,0
2003-02-20,sh.600388,1.9335069600,1.9365093000,1.9049847300,1.9049847300,1.9335069600,249580,3193085.0000,2,0.383969,1,-1.480000,0
2003-02-21,sh.600388,1.8914742000,1.9214976000,1.8779636700,1.8794648400,1.9049847300,1073421,13536899.0000,2,1.651417,1,-1.340000,0
2003-02-24,sh.600388,1.8614508000,1.9515210000,1.8614508000,1.9199964300,1.8794648400,741648,9476777.0000,2,1.140997,1,2.160000,0
2003-02-25,sh.600388,1.9184952600,1.9710362100,1.9154929200,1.9485186600,1.9199964300,760900,9874418.0000,2,1.170615,1,1.490000,0
2003-02-26,sh.600388,1.9515210000,1.9515210000,1.9184952600,1.9425139800,1.9485186600,716821,9197500.0000,2,1.102802,1,-0.310000,0
2003-02-27,sh.600388,1.9440151500,1.9455163200,1.8944765400,1.9049847300,1.9425139800,441300,5628952.0000,2,0.678923,1,-1.930000,0
2003-02-28,sh.600388,1.8914742000,1.9139917500,1.8899730300,1.9079870700,1.9049847300,284853,3602974.0000,2,0.438235,1,0.160000,0
2003-03-03,sh.600388,1.9064859000,1.9590268500,1.8989800500,1.9485186600,1.9079870700,922157,11907123.0000,2,1.418703,1,2.120000,0
2003-03-04,sh.600388,1.9455163200,1.9515210000,1.9290034500,1.9350081300,1.9485186600,267901,3469439.0000,2,0.412155,1,-0.690000,0
2003-03-05,sh.600388,1.9335069600,1.9335069600,1.9004812200,1.9139917500,1.9350081300,200688,2555394.0000,2,0.308751,1,-1.090000,0
2003-03-06,sh.600388,1.9139917500,1.9139917500,1.8734601600,1.8794648400,1.9139917500,321099,4044299.0000,2,0.493998,1,-1.800000,0
2003-03-07,sh.600388,1.9214976000,1.9214976000,1.8479402700,1.8584484600,1.8794648400,380200,4733418.0000,2,0.584923,1,-1.120000,0
2003-03-10,sh.600388,1.8584484600,1.8689566500,1.8044063400,1.8074086800,1.8584484600,556700,6791315.0000,2,0.856462,1,-2.750000,0
2003-03-11,sh.600388,1.8014040000,1.8164157000,1.7984016600,1.8134133600,1.8074086800,323200,3889639.0000,2,0.497231,1,0.330000,0
2003-03-12,sh.600388,1.8134133600,1.8314274000,1.7938981500,1.8209192100,1.8134133600,157307,1892318.0000,2,0.242011,1,0.410000,0
2003-03-13,sh.600388,1.8209192100,1.8254227200,1.7863923000,1.7908958100,1.8209192100,227800,2737663.0000,2,0.350462,1,-1.650000,0
2003-03-14,sh.600388,1.7938981500,1.8014040000,1.7788864500,1.7969004900,1.7908958100,117901,1405265.0000,2,0.181386,1,0.340000,0
2003-03-17,sh.600388,1.7818887900,1.7984016600,1.7773852800,1.7863923000,1.7969004900,121060,1439869.0000,2,0.186246,1,-0.580000,0
2003-03-18,sh.600388,1.8014040000,1.8089098500,1.7728817700,1.7923969800,1.7863923000,101900,1217950.0000,2,0.156769,1,0.340000,0
2003-03-19,sh.600388,1.7863923000,1.7893946400,1.7563689000,1.7833899600,1.7923969800,139960,1654032.0000,2,0.215323,1,-0.500000,0
2003-03-20,sh.600388,1.7833899600,1.7833899600,1.7353525200,1.7428583700,1.7833899600,286237,3343528.0000,2,0.440365,1,-2.270000,0
2003-03-21,sh.600388,1.7413572000,1.7668770900,1.7398560300,1.7668770900,1.7428583700,431636,5034326.0000,2,0.664055,1,1.380000,0
2003-03-24,sh.600388,1.7668770900,1.7773852800,1.7503642200,1.7608724100,1.7668770900,72800,854010.0000,2,0.112000,1,-0.340000,0
2003-03-25,sh.600388,1.7608724100,1.7608724100,1.7143361400,1.7173384800,1.7608724100,210000,2426506.0000,2,0.323077,1,-2.470000,0
2003-03-26,sh.600388,1.7173384800,1.7218419900,1.6753057200,1.6828115700,1.7173384800,177100,2002085.0000,2,0.272462,1,-2.010000,0
2003-03-27,sh.600388,1.6858139100,1.7938981500,1.6813104000,1.7488630500,1.6828115700,201589,2325817.0000,2,0.310137,1,3.930000,0
2003-03-28,sh.600388,1.7533665600,1.7683782600,1.7278466700,1.7383548600,1.7488630500,208601,2424964.0000,2,0.320925,1,-0.600000,0
2003-03-31,sh.600388,1.7488630500,1.7548677300,1.7263455000,1.7533665600,1.7383548600,335387,3888939.0000,2,0.515980,1,0.860000,0
2003-04-01,sh.600388,1.7683782600,1.7833899600,1.7533665600,1.7683782600,1.7533665600,298370,3525981.0000,2,0.459031,1,0.860000,0
2003-04-02,sh.600388,1.7683782600,1.7713806000,1.7578700700,1.7578700700,1.7683782600,135027,1586204.0000,2,0.207734,1,-0.590000,0
2003-04-03,sh.600388,1.7578700700,1.7923969800,1.7488630500,1.7683782600,1.7578700700,236900,2795918.0000,2,0.364462,1,0.600000,0
2003-04-04,sh.600388,1.7984016600,1.8209192100,1.7788864500,1.7863923000,1.7683782600,358000,4266074.0000,2,0.550769,1,1.020000,0
2003-04-07,sh.600388,1.7833899600,1.7833899600,1.7428583700,1.7458607100,1.7863923000,181900,2133841.0000,2,0.279846,1,-2.270000,0
2003-04-08,sh.600388,1.7443595400,1.7653759200,1.7413572000,1.7473618800,1.7458607100,255738,2982089.0000,2,0.393443,1,0.090000,0
2003-04-09,sh.600388,1.7443595400,1.7563689000,1.7068302900,1.7413572000,1.7473618800,307996,3532066.0000,2,0.473840,1,-0.340000,0
2003-04-10,sh.600388,1.7398560300,1.7773852800,1.7113338000,1.7608724100,1.7413572000,475758,5485785.0000,2,0.731935,1,1.120000,0
2003-04-11,sh.600388,1.7683782600,1.8044063400,1.7623735800,1.7984016600,1.7608724100,554235,6573918.0000,2,0.852669,1,2.130000,0
2003-04-14,sh.600388,1.8029051700,1.8884718600,1.8029051700,1.8704578200,1.7984016600,1425817,17500197.0000,2,2.193565,1,4.010000,0
2003-04-15,sh.600388,1.8629519700,1.8824671800,1.8389332500,1.8449379300,1.8704578200,590300,7273214.0000,2,0.908154,1,-1.360000,0
2003-04-16,sh.600388,1.8479402700,1.8689566500,1.7953993200,1.7969004900,1.8449379300,587411,7174443.0000,2,0.903709,1,-2.600000,0
2003-04-17,sh.600388,1.7908958100,1.8164157000,1.7503642200,1.7713806000,1.7969004900,497434,5881298.0000,2,0.765283,1,-1.420000,0
2003-04-18,sh.600388,1.7683782600,1.7713806000,1.7173384800,1.7668770900,1.7713806000,1518166,17490541.0000,2,2.335640,1,-0.250000,0
2003-04-21,sh.600388,1.7488630500,1.7653759200,1.7263455000,1.7383548600,1.7668770900,342648,3979270.0000,2,0.527151,1,-1.610000,0
2003-04-22,sh.600388,1.7383548600,1.7923969800,1.7113338000,1.7833899600,1.7383548600,495550,5827304.0000,2,0.762385,1,2.590000,0
2003-04-23,sh.600388,1.7833899600,1.7863923000,1.7218419900,1.7383548600,1.7833899600,594031,6906036.0000,2,0.913894,1,-2.530000,0
2003-04-24,sh.600388,1.7263455000,1.7263455000,1.6723033800,1.6723033800,1.7383548600,566410,6377909.0000,2,0.871400,1,-3.800000,0
2003-04-25,sh.600388,1.6662987000,1.6873150800,1.6437811500,1.6452823200,1.6723033800,310200,3428154.0000,2,0.477231,1,-1.620000,0
2003-04-28,sh.600388,1.6407788100,1.6798092300,1.5852355200,1.6662987000,1.6452823200,473409,5109203.0000,2,0.728322,1,1.280000,0
2003-04-29,sh.600388,1.6632963600,1.6963221000,1.6362753000,1.6768068900,1.6662987000,396771,4395989.0000,2,0.610417,1,0.630000,0
2003-04-30,sh.600388,1.6768068900,1.7173384800,1.6768068900,1.7113338000,1.6768068900,413754,4683448.0000,2,0.636545,1,2.060000,0
2003-05-12,sh.600388,1.7113338000,1.7113338000,1.6242659400,1.6512870000,1.7113338000,247400,2729034.0000,2,0.380615,1,-3.510000,0
2003-05-13,sh.600388,1.6512870000,1.6512870000,1.5146805300,1.5642191400,1.6512870000,1081501,11279416.0000,2,1.663848,1,-5.270000,0
2003-05-14,sh.600388,1.5612168000,1.5882378600,1.5326945700,1.5807320100,1.5642191400,281440,2945509.0000,2,0.432985,1,1.060000,0
2003-05-15,sh.600388,1.5807320100,1.6482846600,1.5687226500,1.6302706200,1.5807320100,280129,3005120.0000,2,0.430968,1,3.130000,0
2003-05-16,sh.600388,1.6212636000,1.6482846600,1.6137577500,1.6467834900,1.6302706200,303536,3292862.0000,2,0.466978,1,1.010000,0
2003-05-19,sh.600388,1.6362753000,1.6587928500,1.6287694500,1.6452823200,1.6467834900,139628,1527433.0000,2,0.214812,1,-0.090000,0
2003-05-20,sh.600388,1.6362753000,1.6392776400,1.6047507300,1.6137577500,1.6452823200,150700,1622024.0000,2,0.231846,1,-1.920000,0
2003-05-21,sh.600388,1.6137577500,1.6422799800,1.6137577500,1.6422799800,1.6137577500,143338,1554221.0000,2,0.220520,1,1.770000,0
2003-05-22,sh.600388,1.6587928500,1.6587928500,1.6332729600,1.6512870000,1.6422799800,218201,2396689.0000,2,0.335694,1,0.550000,0
2003-05-23,sh.600388,1.6783080600,1.7038279500,1.6392776400,1.6783080600,1.6512870000,532967,5951292.0000,2,0.819949,1,1.640000,0
2003-05-26,sh.600388,1.6783080600,1.7263455000,1.6512870000,1.7188396500,1.6783080600,1376006,15623452.0000,2,2.116932,1,2.420000,0
2003-05-27,sh.600388,1.7188396500,1.7638747500,1.6933197600,1.7563689000,1.7188396500,1273986,14831711.0000,2,1.959978,1,2.180000,0
2003-05-28,sh.600388,1.7563689000,1.7563689000,1.7563689000,1.7563689000,1.7563689000,0,0.0000,2,,0,0.000000,0
2003-05-29,sh.600388,1.7248443300,1.7563689000,1.7188396500,1.7443595400,1.7563689000,400532,4647385.0000,2,0.616203,1,-0.680000,0
2003-05-30,sh.600388,1.7473618800,1.7548677300,1.7278466700,1.7413572000,1.7443595400,278850,3238140.0000,2,0.429000,1,-0.170000,0
2003-06-02,sh.600388,1.7413572000,1.7413572000,1.7113338000,1.7263455000,1.7413572000,388935,4457043.0000,2,0.598362,1,-0.860000,0
2003-06-03,sh.600388,1.7263455000,1.7263455000,1.6888162500,1.6918185900,1.7263455000,219451,2507926.0000,2,0.337617,1,-2.000000,0
2003-06-04,sh.600388,1.6918185900,1.7368536900,1.6783080600,1.7248443300,1.6918185900,183415,2076927.0000,2,0.282177,1,1.950000,0
2003-06-05,sh.600388,1.7233431600,1.7338513500,1.7038279500,1.7083314600,1.7248443300,189355,2170833.0000,2,0.291315,1,-0.960000,0
2003-06-06,sh.600388,1.6978232700,1.7068302900,1.6768068900,1.6783080600,1.7083314600,126400,1420315.0000,2,0.194462,1,-1.760000,0
2003-06-09,sh.600388,1.6662987000,1.6903174200,1.6512870000,1.6813104000,1.6783080600,172835,1924944.0000,2,0.265900,1,0.180000,0
2003-06-10,sh.600388,1.6813104000,1.6963221000,1.6813104000,1.6918185900,1.6813104000,100622,1132298.0000,2,0.154803,1,0.630000,0
2003-06-11,sh.600388,1.6888162500,1.7293478400,1.6813104000,1.7218419900,1.6918185900,126500,1444666.0000,2,0.194615,1,1.770000,0
2003-06-12,sh.600388,1.6978232700,1.7443595400,1.6813104000,1.7113338000,1.7218419900,152800,1738365.0000,2,0.235077,1,-0.610000,0
2003-06-13,sh.600388,1.7038279500,1.7428583700,1.7038279500,1.7413572000,1.7113338000,246856,2837179.0000,2,0.379778,1,1.750000,0
2003-06-16,sh.600388,1.7413572000,1.7443595400,1.7188396500,1.7338513500,1.7413572000,89600,1032157.0000,2,0.137846,1,-0.430000,0
2003-06-17,sh.600388,1.7338513500,1.7338513500,1.7143361400,1.7203408200,1.7338513500,80989,929341.0000,2,0.124598,1,-0.780000,0
2003-06-18,sh.600388,1.7263455000,1.7623735800,1.7158373100,1.7293478400,1.7203408200,275300,3204425.0000,2,0.423538,1,0.520000,0
2003-06-19,sh.600388,1.7398560300,1.7398560300,1.6873150800,1.6948209300,1.7293478400,197991,2252554.0000,2,0.304602,1,-2.000000,0
2003-06-20,sh.600388,1.7008256100,1.7083314600,1.6828115700,1.6933197600,1.6948209300,131734,1483918.0000,2,0.202668,1,-0.090000,0
2003-06-23,sh.600388,1.6738045500,1.7263455000,1.6738045500,1.6963221000,1.6933197600,108270,1226582.0000,2,0.166569,1,0.180000,0
2003-06-24,sh.600388,1.6963221000,1.7143361400,1.6918185900,1.7068302900,1.6963221000,101259,1151811.0000,2,0.155783,1,0.620000,0
2003-06-25,sh.600388,1.6813104000,1.7263455000,1.6813104000,1.7173384800,1.7068302900,125700,1434541.0000,2,0.193385,1,0.620000,0
2003-06-26,sh.600388,1.7173384800,1.7353525200,1.6512870000,1.7173384800,1.7173384800,250961,2859250.0000,2,0.386094,1,0.000000,0
2003-06-27,sh.600388,1.7263455000,1.7788864500,1.7128349700,1.7638747500,1.7173384800,1159871,13587336.0000,2,1.784417,1,2.710000,0
2003-06-30,sh.600388,1.7593712400,1.7593712400,1.7308490100,1.7383548600,1.7638747500,296980,3453387.0000,2,0.456892,1,-1.450000,0
2003-07-01,sh.600388,1.7533665600,1.7743829400,1.7338513500,1.7428583700,1.7383548600,337017,3930492.0000,2,0.518488,1,0.260000,0
2003-07-02,sh.600388,1.7413572000,1.7518653900,1.7233431600,1.7368536900,1.7428583700,179650,2073570.0000,2,0.276385,1,-0.340000,0
2003-07-03,sh.600388,1.7488630500,1.7773852800,1.7383548600,1.7743829400,1.7368536900,384523,4521093.0000,2,0.591574,1,2.160000,0
2003-07-04,sh.600388,1.7758841100,1.7788864500,1.7263455000,1.7413572000,1.7743829400,433548,5053186.0000,2,0.666997,1,-1.860000,0
2003-07-07,sh.600388,1.7488630500,1.7488630500,1.7113338000,1.7143361400,1.7413572000,231602,2653706.0000,2,0.356311,1,-1.550000,0
2003-07-08,sh.600388,1.7143361400,1.7338513500,1.7098326300,1.7293478400,1.7143361400,146266,1673860.0000,2,0.225025,1,0.880000,0
2003-07-09,sh.600388,1.7263455000,1.7353525200,1.7038279500,1.7098326300,1.7293478400,188000,2150489.0000,2,0.289231,1,-1.130000,0
2003-07-10,sh.600388,1.7098326300,1.7263455000,1.6843127400,1.7248443300,1.7098326300,285290,3242134.0000,2,0.438908,1,0.880000,0
2003-07-11,sh.600388,1.7308490100,1.7353525200,1.6948209300,1.6948209300,1.7248443300,190380,2161035.0000,2,0.292892,1,-1.740000,0
2003-07-14,sh.600388,1.6948209300,1.7188396500,1.6873150800,1.6993244400,1.6948209300,141350,1594794.0000,2,0.217462,1,0.270000,0
2003-07-15,sh.600388,1.6933197600,1.7173384800,1.6933197600,1.7173384800,1.6993244400,117424,1336626.0000,2,0.180652,1,1.060000,0
2003-07-16,sh.600388,1.7308490100,1.7308490100,1.7008256100,1.7158373100,1.7173384800,70400,804004.0000,2,0.108308,1,-0.090000,0
2003-07-17,sh.600388,1.7173384800,1.7173384800,1.6783080600,1.6858139100,1.7158373100,210510,2383663.0000,2,0.323862,1,-1.750000,0
2003-07-18,sh.600388,1.6948209300,1.7083314600,1.6768068900,1.6783080600,1.6858139100,158669,1783153.0000,2,0.244106,1,-0.450000,0
2003-07-21,sh.600388,1.6692461500,1.6843524500,1.6012678000,1.6571611100,1.6783099300,209620,2294288.0000,2,0.322492,1,-1.260000,0
2003-07-22,sh.600388,1.6541398500,1.6873737100,1.6390335500,1.6677355200,1.6571611100,99200,1086901.0000,2,0.152615,1,0.640000,0
2003-07-23,sh.600388,1.6556504800,1.6767993000,1.6390335500,1.6465867000,1.6677355200,93700,1020499.0000,2,0.144154,1,-1.270000,0
2003-07-24,sh.600388,1.6465867000,1.6541398500,1.6239272500,1.6405441800,1.6465867000,114300,1238456.0000,2,0.175846,1,-0.370000,0
2003-07-25,sh.600388,1.6375229200,1.6541398500,1.6178847300,1.6360122900,1.6405441800,104600,1129000.0000,2,0.160923,1,-0.280000,0
2003-07-28,sh.600388,1.6012678000,1.6541398500,1.6012678000,1.6299697700,1.6360122900,65700,713412.0000,2,0.101077,1,-0.370000,0
2003-07-29,sh.600388,1.6299697700,1.6586717400,1.6118422100,1.6284591400,1.6299697700,43700,473362.0000,2,0.067231,1,-0.090000,0
2003-07-30,sh.600388,1.6299697700,1.6465867000,1.6193953600,1.6450760700,1.6284591400,79280,857577.0000,2,0.121969,1,1.020000,0
2003-07-31,sh.600388,1.6390335500,1.6586717400,1.6375229200,1.6526292200,1.6450760700,49400,537890.0000,2,0.076000,1,0.460000,0
2003-08-01,sh.600388,1.5438638600,1.6556504800,1.5438638600,1.6465867000,1.6526292200,98200,1063511.0000,2,0.151077,1,-0.370000,0
2003-08-04,sh.600388,1.6042890600,1.6465867000,1.6012678000,1.6465867000,1.6465867000,67400,727162.0000,2,0.103692,1,0.000000,0
2003-08-05,sh.600388,1.6450760700,1.6541398500,1.6329910300,1.6390335500,1.6465867000,62250,676975.0000,2,0.095769,1,-0.460000,0
2003-08-06,sh.600388,1.6390335500,1.6601823700,1.6269485100,1.6496079600,1.6390335500,70700,768808.0000,2,0.108769,1,0.650000,0
2003-08-07,sh.600388,1.6345016600,1.6571611100,1.6299697700,1.6314804000,1.6496079600,265300,2881732.0000,2,0.408154,1,-1.100000,0
2003-08-08,sh.600388,1.6088209500,1.6465867000,1.6088209500,1.6345016600,1.6314804000,87960,950911.0000,2,0.135323,1,0.190000,0
2003-08-11,sh.600388,1.6420548100,1.6450760700,1.6329910300,1.6360122900,1.6345016600,54010,586036.0000,2,0.083092,1,0.090000,0
2003-08-12,sh.600388,1.6390335500,1.6737780400,1.6314804000,1.6586717400,1.6360122900,116450,1273104.0000,2,0.179154,1,1.390000,0
2003-08-13,sh.600388,1.6586717400,1.6662248900,1.6541398500,1.6616930000,1.6586717400,107800,1184103.0000,2,0.165846,1,0.180000,0
2003-08-14,sh.600388,1.6767993000,1.6979481200,1.6767993000,1.6888843400,1.6616930000,452175,5054374.0000,2,0.695654,1,1.640000,0
2003-08-15,sh.600388,1.6843524500,1.6919056000,1.6632036300,1.6737780400,1.6888843400,79400,883249.0000,2,0.122154,1,-0.890000,0
2003-08-18,sh.600388,1.6767993000,1.7100331600,1.6616930000,1.6647142600,1.6737780400,58800,650161.0000,2,0.090462,1,-0.540000,0
2003-08-19,sh.600388,1.6647142600,1.6858630800,1.6541398500,1.6677355200,1.6647142600,57650,635552.0000,2,0.088692,1,0.180000,0
2003-08-20,sh.600388,1.6616930000,1.6843524500,1.6405441800,1.6480973300,1.6677355200,58620,640720.0000,2,0.090185,1,-1.180000,0
2003-08-21,sh.600388,1.6360122900,1.6465867000,1.6224166200,1.6224166200,1.6480973300,73800,797750.0000,2,0.113538,1,-1.560000,0
2003-08-22,sh.600388,1.6284591400,1.6465867000,1.6269485100,1.6345016600,1.6224166200,52901,571377.0000,2,0.081386,1,0.740000,0
2003-08-25,sh.600388,1.6360122900,1.6360122900,1.6103315800,1.6314804000,1.6345016600,49650,533595.0000,2,0.076385,1,-0.180000,0
2003-08-26,sh.600388,1.6390335500,1.6465867000,1.6148634700,1.6239272500,1.6314804000,65700,704404.0000,2,0.101077,1,-0.460000,0
2003-08-27,sh.600388,1.6435654400,1.6435654400,1.6148634700,1.6178847300,1.6239272500,31500,337698.0000,2,0.048462,1,-0.370000,0
2003-08-28,sh.600388,1.6148634700,1.6284591400,1.6027784300,1.6027784300,1.6178847300,44300,473597.0000,2,0.068154,1,-0.930000,0
2003-08-29,sh.600388,1.6133528400,1.6133528400,1.5861615000,1.6012678000,1.6027784300,35099,371015.0000,2,0.053998,1,-0.090000,0
2003-09-01,sh.600388,1.6057996900,1.6496079600,1.5997571700,1.6345016600,1.6012678000,98549,1060126.0000,2,0.151614,1,2.080000,0
2003-09-02,sh.600388,1.6209059900,1.6556504800,1.6178847300,1.6360122900,1.6345016600,90262,978060.0000,2,0.138865,1,0.090000,0
2003-09-03,sh.600388,1.6345016600,1.6496079600,1.6269485100,1.6480973300,1.6360122900,66840,723416.0000,2,0.102831,1,0.740000,0
2003-09-04,sh.600388,1.6465867000,1.6465867000,1.6314804000,1.6420548100,1.6480973300,55750,604506.0000,2,0.085769,1,-0.370000,0
2003-09-05,sh.600388,1.6405441800,1.6405441800,1.6088209500,1.6209059900,1.6420548100,144170,1546009.0000,2,0.221800,1,-1.290000,0
2003-09-08,sh.600388,1.5861615000,1.6314804000,1.5861615000,1.6148634700,1.6209059900,36900,396864.0000,2,0.056769,1,-0.370000,0
2003-09-09,sh.600388,1.6088209500,1.6314804000,1.5831402400,1.5861615000,1.6148634700,159914,1684765.0000,2,0.246022,1,-1.780000,0
2003-09-10,sh.600388,1.5725658300,1.6133528400,1.5725658300,1.5831402400,1.5861615000,66740,703933.0000,2,0.102677,1,-0.190000,0
2003-09-11,sh.600388,1.5982465400,1.6118422100,1.5861615000,1.6012678000,1.5831402400,45000,477406.0000,2,0.069231,1,1.150000,0
2003-09-12,sh.600388,1.6012678000,1.6767993000,1.6012678000,1.6571611100,1.6012678000,524309,5722467.0000,2,0.806629,1,3.490000,0
2003-09-15,sh.600388,1.6571611100,1.6677355200,1.6345016600,1.6632036300,1.6571611100,234970,2573868.0000,2,0.361492,1,0.360000,0
2003-09-16,sh.600388,1.6616930000,1.7039906400,1.6390335500,1.6949268600,1.6632036300,372247,4145399.0000,2,0.572688,1,1.910000,0
2003-09-17,sh.600388,1.6919056000,1.7070119000,1.6662248900,1.6949268600,1.6949268600,234400,2623245.0000,2,0.360615,1,0.000000,0
2003-09-18,sh.600388,1.6949268600,1.6949268600,1.6949268600,1.6949268600,1.6949268600,0,0.0000,2,,0,0.000000,0
2003-09-19,sh.600388,1.6949268600,1.7296713500,1.6858630800,1.7206075700,1.6949268600,456373,5191506.0000,2,0.702112,1,1.520000,0
2003-09-22,sh.600388,1.7206075700,1.7221182000,1.6919056000,1.6979481200,1.7206075700,311745,3535527.0000,2,0.479608,1,-1.320000,0
2003-09-23,sh.600388,1.6919056000,1.7372245000,1.6692461500,1.7266500900,1.6979481200,291119,3268987.0000,2,0.447875,1,1.690000,0
2003-09-24,sh.600388,1.7266500900,1.8097347400,1.7070119000,1.7644158400,1.7266500900,640783,7460282.0000,2,0.985820,1,2.190000,0
2003-09-25,sh.600388,1.7462882800,1.7644158400,1.7190969400,1.7296713500,1.7644158400,214170,2472722.0000,2,0.329492,1,-1.970000,0
2003-09-26,sh.600388,1.7372245000,1.7523308000,1.7130544200,1.7175863100,1.7296713500,104805,1194972.0000,2,0.161238,1,-0.700000,0
2003-09-29,sh.600388,1.6934162300,1.7070119000,1.6888843400,1.6979481200,1.7175863100,75989,852456.0000,2,0.116906,1,-1.140000,0
2003-09-30,sh.600388,1.6994587500,1.7342032400,1.6979481200,1.7055012700,1.6979481200,145381,1648457.0000,2,0.223663,1,0.440000,0
2003-10-08,sh.600388,1.6949268600,1.7281607200,1.6934162300,1.7281607200,1.7055012700,91210,1033181.0000,2,0.140323,1,1.330000,0
2003-10-09,sh.600388,1.7206075700,1.7477989100,1.7206075700,1.7372245000,1.7281607200,106109,1220109.0000,2,0.163245,1,0.520000,0
2003-10-10,sh.600388,1.7372245000,1.7704583600,1.7281607200,1.7583733200,1.7372245000,232248,2691751.0000,2,0.357305,1,1.220000,0
2003-10-13,sh.600388,1.7734796200,1.7749902500,1.7462882800,1.7462882800,1.7583733200,178450,2075202.0000,2,0.274538,1,-0.690000,0
2003-10-14,sh.600388,1.7447776500,1.7674371000,1.7447776500,1.7613945800,1.7462882800,246800,2867939.0000,2,0.379692,1,0.870000,0
2003-10-15,sh.600388,1.7613945800,1.7613945800,1.7296713500,1.7326926100,1.7613945800,198609,2293824.0000,2,0.305552,1,-1.630000,0
2003-10-16,sh.600388,1.7372245000,1.7387351300,1.7070119000,1.7100331600,1.7326926100,245930,2795749.0000,2,0.378354,1,-1.310000,0
2003-10-17,sh.600388,1.7070119000,1.7175863100,1.6964374900,1.7100331600,1.7100331600,59392,671410.0000,2,0.091372,1,0.000000,0
2003-10-20,sh.600388,1.7039906400,1.7070119000,1.6903949700,1.6919056000,1.7100331600,87700,983546.0000,2,0.134923,1,-1.060000,0
2003-10-21,sh.600388,1.6888843400,1.7221182000,1.6888843400,1.7024800100,1.6919056000,62200,700224.0000,2,0.095692,1,0.630000,0
2003-10-22,sh.600388,1.8444792300,1.8444792300,1.7085225300,1.7553520600,1.7024800100,230228,2668688.0000,2,0.354197,1,3.110000,0
2003-10-23,sh.600388,1.7523308000,1.7523308000,1.7236288300,1.7251394600,1.7553520600,132280,1518613.0000,2,0.203508,1,-1.720000,0
2003-10-24,sh.600388,1.7115437900,1.7130544200,1.6949268600,1.7039906400,1.7251394600,145950,1646852.0000,2,0.224538,1,-1.230000,0
2003-10-27,sh.600388,1.6767993000,1.7070119000,1.6767993000,1.6903949700,1.7039906400,116800,1310427.0000,2,0.179692,1,-0.800000,0
2003-10-28,sh.600388,1.6767993000,1.6919056000,1.6314804000,1.6360122900,1.6903949700,324158,3571139.0000,2,0.498705,1,-3.220000,0
2003-10-29,sh.600388,1.6767993000,1.6767993000,1.5861615000,1.6239272500,1.6360122900,146186,1566423.0000,2,0.224902,1,-0.740000,0
2003-10-30,sh.600388,1.6012678000,1.6284591400,1.6012678000,1.6133528400,1.6239272500,55585,594533.0000,2,0.085515,1,-0.650000,0
2003-10-31,sh.600388,1.5891827600,1.6314804000,1.5876721300,1.6133528400,1.6133528400,98489,1051835.0000,2,0.151522,1,0.000000,0
2003-11-03,sh.600388,1.6133528400,1.6586717400,1.5906933900,1.6239272500,1.6133528400,36590,391173.0000,2,0.056292,1,0.660000,0
2003-11-04,sh.600388,1.6269485100,1.6586717400,1.6163741000,1.6450760700,1.6239272500,100500,1089136.0000,2,0.154615,1,1.300000,0
2003-11-05,sh.600388,1.6193953600,1.6420548100,1.5710552000,1.5861615000,1.6450760700,191777,2030306.0000,2,0.295042,1,-3.580000,0
2003-11-06,sh.600388,1.5831402400,1.5861615000,1.5181831500,1.5227150400,1.5861615000,234915,2389168.0000,2,0.361408,1,-4.000000,0
2003-11-07,sh.600388,1.5227150400,1.5483957500,1.4215028300,1.4471835400,1.5227150400,307368,2959645.0000,2,0.472874,1,-4.960000,0
2003-11-10,sh.600388,1.4350985000,1.4350985000,1.3323756600,1.3520138500,1.4471835400,431730,3889872.0000,2,0.664200,1,-6.580000,0
2003-11-11,sh.600388,1.3414394400,1.3414394400,1.2870567600,1.3369075500,1.3520138500,228865,2002821.0000,2,0.352100,1,-1.120000,0
2003-11-12,sh.600388,1.3248225100,1.3248225100,1.3066949500,1.3082055800,1.3369075500,209900,1824342.0000,2,0.322923,1,-2.150000,0
2003-11-13,sh.600388,1.3082055800,1.3505032200,1.3021630600,1.3263331400,1.3082055800,55653,485575.0000,2,0.085620,1,1.390000,0
2003-11-14,sh.600388,1.3278437700,1.3640988900,1.3263331400,1.3474819600,1.3263331400,69102,617581.0000,2,0.106311,1,1.590000,0
2003-11-17,sh.600388,1.3625882600,1.3625882600,1.3369075500,1.3414394400,1.3474819600,40599,361820.0000,2,0.062460,1,-0.448430,0
2003-11-18,sh.600388,1.3051024800,1.3505236800,1.2990463200,1.3323552000,1.3414394400,109300,959910.0000,2,0.168154,1,-0.680000,0
2003-11-19,sh.600388,1.3035884400,1.3656640800,1.3035884400,1.3656640800,1.3323552000,97950,871478.0000,2,0.150692,1,2.500000,0
2003-11-20,sh.600388,1.3626360000,1.4201695200,1.3217569200,1.4050291200,1.3656640800,210140,1942801.0000,2,0.323292,1,2.880000,0
2003-11-21,sh.600388,1.4080572000,1.4201695200,1.3671781200,1.3717202400,1.4050291200,153000,1407430.0000,2,0.235385,1,-2.370000,0
2003-11-24,sh.600388,1.3732342800,1.4156274000,1.3429534800,1.4095712400,1.3717202400,245554,2267525.0000,2,0.377775,1,2.760000,0
2003-11-25,sh.600388,1.4095712400,1.4459082000,1.4004870000,1.4171414400,1.4095712400,591880,5558173.0000,2,0.910585,1,0.540000,0
2003-11-26,sh.600388,1.4201695200,1.4262256800,1.4020010400,1.4186554800,1.4171414400,172868,1614027.0000,2,0.265951,1,0.110000,0
2003-11-27,sh.600388,1.4186554800,1.4186554800,1.3626360000,1.3626360000,1.4186554800,159400,1456861.0000,2,0.245231,1,-3.950000,0
2003-11-28,sh.600388,1.3626360000,1.3747483200,1.3293271200,1.3444675200,1.3626360000,250197,2222608.0000,2,0.384918,1,-1.330000,0
2003-12-01,sh.600388,1.3399254000,1.3868606400,1.3293271200,1.3853466000,1.3444675200,214036,1919517.0000,2,0.329286,1,3.040000,0
2003-12-02,sh.600388,1.4201695200,1.4580205200,1.4020010400,1.4080572000,1.3853466000,401297,3773815.0000,2,0.617380,1,1.640000,0
2003-12-03,sh.600388,1.4110852800,1.4701328400,1.3898887200,1.4353099200,1.4080572000,581334,5538237.0000,2,0.894360,1,1.940000,0
2003-12-04,sh.600388,1.4368239600,1.4428801200,1.4201695200,1.4322818400,1.4353099200,207613,1957218.0000,2,0.319405,1,-0.210000,0
2003-12-05,sh.600388,1.4307678000,1.4504503200,1.4307678000,1.4474222400,1.4322818400,279739,2667851.0000,2,0.430368,1,1.060000,0
2003-12-08,sh.600388,1.4504503200,1.4610486000,1.4307678000,1.4337958800,1.4474222400,247400,2359873.0000,2,0.380615,1,-0.940000,0
2003-12-09,sh.600388,1.4262256800,1.4262256800,1.3929168000,1.4125993200,1.4337958800,187470,1739480.0000,2,0.288415,1,-1.480000,0
2003-12-10,sh.600388,1.4171414400,1.4292537600,1.4035150800,1.4277397200,1.4125993200,264130,2463494.0000,2,0.406354,1,1.070000,0
2003-12-11,sh.600388,1.4247116400,1.4307678000,1.4080572000,1.4125993200,1.4277397200,433383,4058852.0000,2,0.666743,1,-1.060000,0
2003-12-12,sh.600388,1.4231976000,1.4474222400,1.4110852800,1.4413660800,1.4125993200,324163,3049711.0000,2,0.498712,1,2.040000,0
2003-12-15,sh.600388,1.4353099200,1.4383380000,1.4262256800,1.4383380000,1.4413660800,93751,886723.0000,2,0.144232,1,-0.210000,0
2003-12-16,sh.600388,1.4398520400,1.4398520400,1.3914027600,1.4216835600,1.4383380000,151300,1403351.0000,2,0.232769,1,-1.160000,0
2003-12-17,sh.600388,1.4095712400,1.4186554800,1.3641500400,1.3898887200,1.4216835600,234491,2151285.0000,2,0.360755,1,-2.240000,0
2003-12-18,sh.600388,1.3853466000,1.4307678000,1.3384113600,1.4231976000,1.3898887200,441760,4002513.0000,2,0.679631,1,2.400000,0
2003-12-19,sh.600388,1.4247116400,1.4262256800,1.3096446000,1.3474956000,1.4231976000,492997,4433032.0000,2,0.758457,1,-5.320000,0
2003-12-22,sh.600388,1.3247850000,1.3853466000,1.3172148000,1.3777764000,1.3474956000,380156,3381408.0000,2,0.584855,1,2.250000,0
2003-12-23,sh.600388,1.3762623600,1.3853466000,1.3505236800,1.3611219600,1.3777764000,263371,2361898.0000,2,0.405186,1,-1.210000,0
2003-12-24,sh.600388,1.3671781200,1.3702062000,1.3414394400,1.3671781200,1.3611219600,384097,3452260.0000,2,0.590918,1,0.440000,0
2003-12-25,sh.600388,1.3671781200,1.4050291200,1.3474956000,1.4004870000,1.3671781200,564933,5149623.0000,2,0.869128,1,2.440000,0
2003-12-26,sh.600388,1.4231976000,1.4337958800,1.3959448800,1.4292537600,1.4004870000,711310,6660644.0000,2,1.094323,1,2.050000,0
2003-12-29,sh.600388,1.4186554800,1.4595345600,1.3929168000,1.4383380000,1.4292537600,591499,5606239.0000,2,0.909998,1,0.640000,0
2003-12-30,sh.600388,1.4322818400,1.5367506000,1.4110852800,1.4958715200,1.4383380000,1552153,15222825.0000,2,2.387928,1,4.000000,0
2003-12-31,sh.600388,1.5458348400,1.5458348400,1.4474222400,1.5276663600,1.4958715200,2058148,20474297.0000,2,3.166382,1,2.130000,0
2004-01-02,sh.600388,1.4837592000,1.4837592000,1.4459082000,1.4549924400,1.5276663600,702270,6776765.0000,2,1.080415,1,-4.760000,0
2004-01-05,sh.600388,1.4549924400,1.4686188000,1.4231976000,1.4398520400,1.4549924400,582311,5537729.0000,2,0.895863,1,-1.040000,0
2004-01-06,sh.600388,1.4353099200,1.4489362800,1.3747483200,1.4095712400,1.4398520400,640713,5944358.0000,2,0.985712,1,-2.100000,0
2004-01-07,sh.600388,1.4080572000,1.4080572000,1.3596079200,1.3823185200,1.4095712400,927011,8395279.0000,2,1.426171,1,-1.930000,0
2004-01-08,sh.600388,1.3853466000,1.4504503200,1.3747483200,1.4504503200,1.3823185200,1012697,9561613.0000,2,1.557995,1,4.930000,0
2004-01-09,sh.600388,1.4655907200,1.5957981600,1.4655907200,1.4988996000,1.4504503200,2600616,26319707.0000,2,4.000948,1,3.340000,0
2004-01-12,sh.600388,1.4958715200,1.5382646400,1.4837592000,1.5125259600,1.4988996000,734299,7335522.0000,2,1.129691,1,0.910000,0
2004-01-13,sh.600388,1.5291804000,1.5518910000,1.5049557600,1.5140400000,1.5125259600,576200,5799178.0000,2,0.886462,1,0.100000,0
2004-01-14,sh.600388,1.5140400000,1.5291804000,1.4852732400,1.5140400000,1.5140400000,415221,4161694.0000,2,0.638802,1,0.000000,0
2004-01-15,sh.600388,1.5110119200,1.5110119200,1.4746749600,1.4792170800,1.5140400000,312474,3062550.0000,2,0.480729,1,-2.300000,0
2004-01-16,sh.600388,1.4761890000,1.5216102000,1.4761890000,1.5110119200,1.4792170800,372316,3682854.0000,2,0.572794,1,2.150000,0
2004-01-29,sh.600388,1.5140400000,1.5715735200,1.5140400000,1.5700594800,1.5110119200,488925,5011986.0000,2,0.752192,1,3.910000,0
2004-01-30,sh.600388,1.5700594800,1.6169947200,1.5443208000,1.5443208000,1.5700594800,476441,4982583.0000,2,0.732986,1,-1.640000,0
2004-02-02,sh.600388,1.5594612000,1.6154806800,1.5412927200,1.5534050400,1.5443208000,705750,7250529.0000,2,1.085769,1,0.590000,0
2004-02-03,sh.600388,1.5534050400,1.6124526000,1.5412927200,1.6063964400,1.5534050400,781603,8212955.0000,2,1.202466,1,3.410000,0
2004-02-04,sh.600388,1.6048824000,1.6457614800,1.5821718000,1.6412193600,1.6063964400,855352,9129051.0000,2,1.315926,1,2.170000,0
2004-02-05,sh.600388,1.6518176400,1.7260056000,1.6442474400,1.6503036000,1.6412193600,2732363,30358837.0000,2,4.203635,1,0.550000,0
2004-02-06,sh.600388,1.6397053200,1.6442474400,1.6124526000,1.6230508800,1.6503036000,976513,10499435.0000,2,1.502328,1,-1.650000,0
2004-02-09,sh.600388,1.6230508800,1.6503036000,1.6124526000,1.6397053200,1.6230508800,482147,5190847.0000,2,0.741765,1,1.030000,0
2004-02-10,sh.600388,1.6351632000,1.6851265200,1.6351632000,1.6503036000,1.6397053200,655011,7183758.0000,2,1.007709,1,0.650000,0
2004-02-11,sh.600388,1.6139666400,1.6820984400,1.6139666400,1.6654440000,1.6503036000,467350,5147386.0000,2,0.719000,1,0.920000,0
2004-02-12,sh.600388,1.6730142000,1.7714268000,1.6654440000,1.7517442800,1.6654440000,1254060,14287439.0000,2,1.929323,1,5.180000,0
2004-02-13,sh.600388,1.7487162000,1.7487162000,1.6881546000,1.6957248000,1.7517442800,459900,5182398.0000,2,0.707538,1,-3.200000,0
2004-02-16,sh.600388,1.6957248000,1.7714268000,1.6957248000,1.7578004400,1.6957248000,806122,9244428.0000,2,1.240188,1,3.660000,0
2004-02-17,sh.600388,1.7653706400,1.7714268000,1.7108652000,1.7456881200,1.7578004400,419054,4819689.0000,2,0.644698,1,-0.690000,0
2004-02-18,sh.600388,1.7411460000,1.7411460000,1.7048090400,1.7199494400,1.7456881200,568120,6442348.0000,2,0.874031,1,-1.470000,0
2004-02-19,sh.600388,1.7487162000,1.7986795200,1.7305477200,1.7986795200,1.7199494400,1353148,15869779.0000,2,2.081766,1,4.580000,0
2004-02-20,sh.600388,1.8168480000,1.8289603200,1.7638566000,1.7971654800,1.7986795200,1154670,13613094.0000,2,1.776415,1,-0.080000,0
2004-02-23,sh.600388,1.8017076000,1.8047356800,1.7653706400,1.7714268000,1.7971654800,710914,8364633.0000,2,1.093714,1,-1.430000,0
2004-02-24,sh.600388,1.7411460000,1.7608285200,1.6820984400,1.7078371200,1.7714268000,672329,7606388.0000,2,1.034352,1,-3.590000,0
2004-02-25,sh.600388,1.7078371200,1.7290336800,1.6321351200,1.6442474400,1.7078371200,603819,6761693.0000,2,0.928952,1,-3.720000,0
2004-02-26,sh.600388,1.6366772400,1.6563597600,1.6154806800,1.6472755200,1.6442474400,402861,4362360.0000,2,0.619786,1,0.180000,0
2004-02-27,sh.600388,1.6624159200,1.6911826800,1.6472755200,1.6760422800,1.6472755200,261976,2879957.0000,2,0.403040,1,1.750000,0
2004-03-01,sh.600388,1.6730142000,1.6881546000,1.6503036000,1.6805844000,1.6760422800,226500,2493728.0000,2,0.348462,1,0.270000,0
2004-03-02,sh.600388,1.6805844000,1.6881546000,1.6442474400,1.6684720800,1.6805844000,240730,2644321.0000,2,0.370354,1,-0.720000,0
2004-03-03,sh.600388,1.6639299600,1.6639299600,1.6169947200,1.6185087600,1.6684720800,261500,2827905.0000,2,0.402308,1,-2.990000,0
2004-03-04,sh.600388,1.5973122000,1.6291070400,1.5791437200,1.6275930000,1.6185087600,262286,2773654.0000,2,0.403517,1,0.560000,0
2004-03-05,sh.600388,1.6275930000,1.6291070400,1.6018543200,1.6018543200,1.6275930000,151400,1619239.0000,2,0.232923,1,-1.580000,0
2004-03-08,sh.600388,1.6018543200,1.6472755200,1.5912560400,1.6457614800,1.6018543200,397418,4265465.0000,2,0.611412,1,2.740000,0
2004-03-09,sh.600388,1.6548457200,1.6926967200,1.6351632000,1.6412193600,1.6457614800,505350,5562817.0000,2,0.777462,1,-0.280000,0
2004-03-10,sh.600388,1.6336491600,1.6805844000,1.6336491600,1.6790703600,1.6412193600,287962,3166125.0000,2,0.443018,1,2.310000,0
2004-03-11,sh.600388,1.6790703600,1.7396319600,1.6730142000,1.7229775200,1.6790703600,537615,6051004.0000,2,0.827100,1,2.610000,0
2004-03-12,sh.600388,1.7199494400,1.7638566000,1.7184354000,1.7305477200,1.7229775200,694244,7984081.0000,2,1.068068,1,0.440000,0
2004-03-15,sh.600388,1.7381179200,1.7532583200,1.7260056000,1.7441740800,1.7305477200,551006,6333325.0000,2,0.847702,1,0.790000,0
2004-03-16,sh.600388,1.7260056000,1.7381179200,1.6805844000,1.6972388400,1.7441740800,851444,9551579.0000,2,1.309914,1,-2.690000,0
2004-03-17,sh.600388,1.7108652000,1.7108652000,1.6820984400,1.7032950000,1.6972388400,378950,4244076.0000,2,0.583000,1,0.360000,0
2004-03-18,sh.600388,1.7032950000,1.7108652000,1.6684720800,1.6699861200,1.7032950000,394109,4400388.0000,2,0.606322,1,-1.960000,0
2004-03-19,sh.600388,1.6654440000,1.7396319600,1.6654440000,1.7290336800,1.6699861200,594632,6723530.0000,2,0.914818,1,3.540000,0
2004-03-22,sh.600388,1.7396319600,1.7608285200,1.7229775200,1.7411460000,1.7290336800,501038,5767686.0000,2,0.770828,1,0.700000,0
2004-03-23,sh.600388,1.7411460000,1.7487162000,1.7154073200,1.7396319600,1.7411460000,285374,3264190.0000,2,0.439037,1,-0.090000,0
2004-03-24,sh.600388,1.7214634800,1.8123058800,1.7214634800,1.8077637600,1.7396319600,2430310,28681714.0000,2,3.738938,1,3.920000,0
2004-03-25,sh.600388,1.8032216400,1.8441007200,1.7759689200,1.8017076000,1.8077637600,1681360,20090958.0000,2,2.586708,1,-0.340000,0
2004-03-26,sh.600388,1.9076904000,1.9076904000,1.7865672000,1.7986795200,1.8017076000,1534087,18564261.0000,2,2.360134,1,-0.170000,0
2004-03-29,sh.600388,1.7865672000,1.8092778000,1.7653706400,1.7895952800,1.7986795200,509410,6034673.0000,2,0.783708,1,-0.510000,0
2004-03-30,sh.600388,1.7805110400,1.8229041600,1.7714268000,1.8198760800,1.7895952800,490747,5811408.0000,2,0.754995,1,1.690000,0
2004-03-31,sh.600388,1.8183620400,1.8319884000,1.8017076000,1.8092778000,1.8198760800,424819,5096990.0000,2,0.653568,1,-0.580000,0
2004-04-01,sh.600388,1.8047356800,1.8819517200,1.8047356800,1.8652972800,1.8092778000,1090498,13346516.0000,2,1.677689,1,3.100000,0
2004-04-02,sh.600388,1.8743815200,1.8925500000,1.8562130400,1.8683253600,1.8652972800,984636,12197589.0000,2,1.514825,1,0.160000,0
2004-04-05,sh.600388,1.8683253600,1.9001202000,1.8637832400,1.8910359600,1.8683253600,633959,7892576.0000,2,0.975322,1,1.220000,0
2004-04-06,sh.600388,1.8955780800,1.9182886800,1.8849798000,1.8910359600,1.8910359600,1065487,13368331.0000,2,1.639211,1,0.000000,0
2004-04-07,sh.600388,1.8925500000,1.8925500000,1.8425866800,1.8441007200,1.8910359600,921503,11296367.0000,2,1.417697,1,-2.480000,0
2004-04-08,sh.600388,1.8441007200,1.8531849600,1.8168480000,1.8456147600,1.8441007200,661322,8011293.0000,2,1.017418,1,0.080000,0
2004-04-09,sh.600388,1.8471288000,1.8804376800,1.7714268000,1.7805110400,1.8456147600,1903826,22918187.0000,2,2.928963,1,-3.530000,0
2004-04-12,sh.600388,1.7789970000,1.8168480000,1.7714268000,1.7941374000,1.7805110400,657782,7761276.0000,2,1.011972,1,0.770000,0
2004-04-13,sh.600388,1.7986795200,1.8259322400,1.7865672000,1.7895952800,1.7941374000,546740,6548415.0000,2,0.841138,1,-0.250000,0
2004-04-14,sh.600388,1.7895952800,1.8138199200,1.7578004400,1.7774829600,1.7895952800,429013,5027261.0000,2,0.660020,1,-0.680000,0
2004-04-15,sh.600388,1.7805110400,1.8017076000,1.7532583200,1.7638566000,1.7774829600,388086,4559415.0000,2,0.597055,1,-0.770000,0
2004-04-16,sh.600388,1.7638566000,1.8380445600,1.7562864000,1.8365305200,1.7638566000,917352,10899174.0000,2,1.411311,1,4.120000,0
2004-04-19,sh.600388,1.8652972800,1.8652972800,1.8198760800,1.8380445600,1.8365305200,961289,11697911.0000,2,1.478906,1,0.080000,0
2004-04-20,sh.600388,1.8471288000,1.9061763600,1.8335024400,1.8728674800,1.8380445600,1458308,18078260.0000,2,2.243551,1,1.890000,0
2004-04-21,sh.600388,1.8728674800,1.8895219200,1.8365305200,1.8562130400,1.8728674800,727711,8912292.0000,2,1.119555,1,-0.890000,0
2004-04-22,sh.600388,1.8562130400,1.8622692000,1.7714268000,1.8183620400,1.8562130400,834222,9938575.0000,2,1.283418,1,-2.040000,0
2004-04-23,sh.600388,1.8092778000,1.8168480000,1.7714268000,1.8017076000,1.8183620400,403880,4815388.0000,2,0.621354,1,-0.920000,0
2004-04-26,sh.600388,1.7805110400,1.8017076000,1.7290336800,1.7396319600,1.8017076000,413200,4814259.0000,2,0.635692,1,-3.450000,0
2004-04-27,sh.600388,1.7396319600,1.7789970000,1.7396319600,1.7668846800,1.7396319600,567325,6602998.0000,2,0.872808,1,1.570000,0
2004-04-28,sh.600388,1.7456881200,1.7456881200,1.6669580400,1.7138932800,1.7668846800,434690,4905557.0000,2,0.668754,1,-3.000000,0
2004-04-29,sh.600388,1.6957248000,1.7214634800,1.6957248000,1.7032950000,1.7138932800,523101,5904007.0000,2,0.804771,1,-0.620000,0
2004-04-30,sh.600388,1.7002669200,1.7108652000,1.6624159200,1.6866405600,1.7032950000,233800,2602109.0000,2,0.359692,1,-0.980000,0
2004-05-10,sh.600388,1.6972388400,1.6972388400,1.6518176400,1.6654440000,1.6866405600,211399,2320708.0000,2,0.325229,1,-1.260000,0
2004-05-11,sh.600388,1.6654440000,1.6805844000,1.6397053200,1.6548457200,1.6654440000,123300,1347290.0000,2,0.189692,1,-0.640000,0
2004-05-12,sh.600388,1.6472755200,1.6957248000,1.6472755200,1.6926967200,1.6548457200,224010,2483251.0000,2,0.344631,1,2.290000,0
2004-05-13,sh.600388,1.6972388400,1.7078371200,1.6805844000,1.7048090400,1.6926967200,175810,1973033.0000,2,0.270477,1,0.720000,0
2004-05-14,sh.600388,1.6987528800,1.7017809600,1.6472755200,1.6805844000,1.7048090400,202676,2243010.0000,2,0.311809,1,-1.420000,0
2004-05-17,sh.600388,1.6699861200,1.7093511600,1.6684720800,1.6820984400,1.6805844000,151010,1680136.0000,2,0.232323,1,0.090000,0
2004-05-18,sh.600388,1.6820984400,1.6820984400,1.6820984400,1.6820984400,1.6820984400,0,0.0000,2,,0,0.000000,0
2004-05-19,sh.600388,1.7229775200,1.7229775200,1.6820984400,1.6866405600,1.6820984400,154540,1741981.0000,2,0.237754,1,0.270000,0
2004-05-20,sh.600388,1.6866405600,1.6866405600,1.6472755200,1.6503036000,1.6866405600,188376,2069638.0000,2,0.289809,1,-2.150000,0
2004-05-21,sh.600388,1.6351632000,1.6654440000,1.6351632000,1.6487895600,1.6503036000,84317,915697.0000,2,0.129718,1,-0.090000,0
2004-05-24,sh.600388,1.6503036000,1.6503036000,1.5534050400,1.5564331200,1.6487895600,456400,4801958.0000,2,0.702154,1,-5.600000,0
2004-05-25,sh.600388,1.5518910000,1.5518910000,1.5140400000,1.5200961600,1.5564331200,303976,3058116.0000,2,0.467655,1,-2.330000,0
2004-05-26,sh.600388,1.5216102000,1.5488629200,1.5200961600,1.5412927200,1.5200961600,156500,1586777.0000,2,0.240769,1,1.390000,0
2004-05-27,sh.600388,1.5412927200,1.5746016000,1.5231242400,1.5700594800,1.5412927200,200200,2059594.0000,2,0.308000,1,1.870000,0
2004-05-28,sh.600388,1.5715735200,1.5715735200,1.5518910000,1.5564331200,1.5700594800,205800,2121083.0000,2,0.316615,1,-0.870000,0
2004-05-31,sh.600388,1.5549190800,1.7108652000,1.5170680800,1.6487895600,1.5564331200,274856,2900848.0000,2,0.422855,1,5.930000,0
2004-06-01,sh.600388,1.5897420000,1.6472755200,1.5897420000,1.6457614800,1.6487895600,221864,2386227.0000,2,0.341329,1,-0.180000,0
2004-06-02,sh.600388,1.6427334000,1.6427334000,1.6079104800,1.6200228000,1.6457614800,178601,1911309.0000,2,0.274771,1,-1.560000,0
2004-06-03,sh.600388,1.6048824000,1.6079104800,1.5412927200,1.5549190800,1.6200228000,172800,1794687.0000,2,0.265846,1,-4.020000,0
2004-06-04,sh.600388,1.5549190800,1.5670314000,1.5412927200,1.5670314000,1.5549190800,107549,1104995.0000,2,0.165460,1,0.780000,0
2004-06-07,sh.600388,1.5594612000,1.6003402800,1.5382646400,1.5534050400,1.5670314000,60400,621667.0000,2,0.092923,1,-0.870000,0
2004-06-08,sh.600388,1.5458348400,1.5806577600,1.5291804000,1.5443208000,1.5534050400,98400,1004069.0000,2,0.151385,1,-0.580000,0
2004-06-09,sh.600388,1.5458348400,1.5624892800,1.5110119200,1.5140400000,1.5443208000,134100,1352705.0000,2,0.206308,1,-1.960000,0
2004-06-10,sh.600388,1.5125259600,1.5382646400,1.4655907200,1.4928434400,1.5140400000,352040,3456431.0000,2,0.541600,1,-1.400000,0
2004-06-11,sh.600388,1.5140400000,1.5534050400,1.4867872800,1.4973855600,1.4928434400,232149,2321364.0000,2,0.357152,1,0.300000,0
2004-06-14,sh.600388,1.4973855600,1.5079838400,1.4534784000,1.4716468800,1.4973855600,116750,1135367.0000,2,0.179615,1,-1.720000,0
2004-06-15,sh.600388,1.4671047600,1.5125259600,1.4565064800,1.4988996000,1.4716468800,177326,1745629.0000,2,0.272809,1,1.850000,0
2004-06-16,sh.600388,1.4716468800,1.5443208000,1.4716468800,1.5216102000,1.4988996000,166300,1676149.0000,2,0.255846,1,1.520000,0
2004-06-17,sh.600388,1.5443208000,1.5443208000,1.5004136400,1.5246382800,1.5216102000,204000,2049200.0000,2,0.313846,1,0.200000,0
2004-06-18,sh.600388,1.5443208000,1.5897420000,1.4640766800,1.4655907200,1.5246382800,639326,6381429.0000,2,0.983578,1,-3.870000,0
2004-06-21,sh.600388,1.4610486000,1.4898153600,1.4610486000,1.4852732400,1.4655907200,82252,804171.0000,2,0.126542,1,1.340000,0
2004-06-22,sh.600388,1.4837592000,1.5412927200,1.4837592000,1.5185821200,1.4852732400,739471,7381549.0000,2,1.137648,1,2.240000,0
2004-06-23,sh.600388,1.5094978800,1.5185821200,1.4898153600,1.5140400000,1.5185821200,141700,1406490.0000,2,0.218000,1,-0.300000,0
2004-06-24,sh.600388,1.5231242400,1.5412927200,1.5019276800,1.5140400000,1.5140400000,103899,1042998.0000,2,0.159845,1,0.000000,0
2004-06-25,sh.600388,1.5064698000,1.5246382800,1.4852732400,1.5034417200,1.5140400000,128949,1277944.0000,2,0.198383,1,-0.700000,0
2004-06-28,sh.600388,1.4973855600,1.5216102000,1.4837592000,1.4973855600,1.5034417200,199685,1989899.0000,2,0.307208,1,-0.400000,0
2004-06-29,sh.600388,1.4837592000,1.5140400000,1.4353099200,1.5125259600,1.4973855600,270675,2616431.0000,2,0.416423,1,1.010000,0
2004-06-30,sh.600388,1.4988996000,1.5019276800,1.4610486000,1.4913294000,1.5125259600,97150,950467.0000,2,0.149462,1,-1.400000,0
2004-07-01,sh.600388,1.4777030400,1.5291804000,1.4777030400,1.5231242400,1.4913294000,537498,5392548.0000,2,0.826920,1,2.130000,0
2004-07-02,sh.600388,1.5216102000,1.5518910000,1.5170680800,1.5352365600,1.5231242400,261770,2661605.0000,2,0.402723,1,0.800000,0
2004-07-05,sh.600388,1.5444112000,1.5444112000,1.5214744000,1.5291200000,1.5352364800,39200,390899.0000,2,0.060308,1,-0.400000,0
2004-07-06,sh.600388,1.5291200000,1.5673480000,1.5291200000,1.5520568000,1.5291200000,132069,1337230.0000,2,0.203183,1,1.500000,0
2004-07-07,sh.600388,1.5367656000,1.5704062400,1.5367656000,1.5459403200,1.5520568000,120906,1229449.0000,2,0.186009,1,-0.390000,0
2004-07-08,sh.600388,1.5367656000,1.5428820800,1.5077123200,1.5291200000,1.5459403200,55101,550807.0000,2,0.084771,1,-1.090000,0
2004-07-09,sh.600388,1.5107705600,1.5352364800,1.5092414400,1.5092414400,1.5291200000,80606,801064.0000,2,0.124009,1,-1.300000,0
2004-07-12,sh.600388,1.5092414400,1.5092414400,1.4679552000,1.4710134400,1.5092414400,99200,959450.0000,2,0.152615,1,-2.530000,0
2004-07-13,sh.600388,1.4679552000,1.5184161600,1.4679552000,1.4970084800,1.4710134400,86580,839631.0000,2,0.133200,1,1.770000,0
2004-07-14,sh.600388,1.5000667200,1.5000667200,1.3914992000,1.4266689600,1.4970084800,198208,1875168.0000,2,0.304935,1,-4.700000,0
2004-07-15,sh.600388,1.4129068800,1.4679552000,1.4006739200,1.4358436800,1.4266689600,210849,1962841.0000,2,0.324383,1,0.640000,0
2004-07-16,sh.600388,1.4373728000,1.4847755200,1.4327854400,1.4817172800,1.4358436800,294700,2821646.0000,2,0.453385,1,3.190000,0
2004-07-19,sh.600388,1.4817172800,1.4817172800,1.4511348800,1.4679552000,1.4817172800,146276,1396437.0000,2,0.225040,1,-0.930000,0
2004-07-20,sh.600388,1.4679552000,1.4679552000,1.4450184000,1.4511348800,1.4679552000,102600,975548.0000,2,0.157846,1,-1.150000,0
2004-07-21,sh.600388,1.4450184000,1.4817172800,1.4373728000,1.4511348800,1.4511348800,90856,866741.0000,2,0.139778,1,0.000000,0
2004-07-22,sh.600388,1.4511348800,1.4511348800,1.3914992000,1.4113777600,1.4511348800,109200,1013081.0000,2,0.168000,1,-2.740000,0
2004-07-23,sh.600388,1.4083195200,1.4083195200,1.3930283200,1.4067904000,1.4113777600,69535,636605.0000,2,0.106977,1,-0.330000,0
2004-07-26,sh.600388,1.4129068800,1.4129068800,1.3425673600,1.3456256000,1.4067904000,269100,2388597.0000,2,0.414000,1,-4.350000,0
2004-07-27,sh.600388,1.3593876800,1.3609168000,1.3242179200,1.3364508800,1.3456256000,91100,798674.0000,2,0.140154,1,-0.680000,0
2004-07-28,sh.600388,1.3502129600,1.3548003200,1.3303344000,1.3456256000,1.3364508800,68200,597483.0000,2,0.104923,1,0.690000,0
2004-07-29,sh.600388,1.3471547200,1.3624459200,1.3379800000,1.3609168000,1.3456256000,204628,1802359.0000,2,0.314812,1,1.140000,0
2004-07-30,sh.600388,1.3639750400,1.3639750400,1.2997520000,1.3058684800,1.3609168000,241600,2081189.0000,2,0.371692,1,-4.040000,0
2004-08-02,sh.600388,1.3058684800,1.3303344000,1.3012811200,1.3226888000,1.3058684800,214100,1845863.0000,2,0.329385,1,1.290000,0
2004-08-03,sh.600388,1.3104558400,1.3242179200,1.3104558400,1.3196305600,1.3226888000,67100,579443.0000,2,0.103231,1,-0.230000,0
2004-08-04,sh.600388,1.3211596800,1.3639750400,1.3196305600,1.3517420800,1.3196305600,383401,3349674.0000,2,0.589848,1,2.430000,0
2004-08-05,sh.600388,1.3379800000,1.3410382400,1.3119849600,1.3150432000,1.3517420800,192341,1664418.0000,2,0.295909,1,-2.710000,0
2004-08-06,sh.600388,1.3288052800,1.3303344000,1.3119849600,1.3288052800,1.3150432000,75700,653246.0000,2,0.116462,1,1.050000,0
2004-08-09,sh.600388,1.3226888000,1.3288052800,1.3150432000,1.3257470400,1.3288052800,66999,579321.0000,2,0.103075,1,-0.230000,0
2004-08-10,sh.600388,1.3181014400,1.3395091200,1.3181014400,1.3333926400,1.3257470400,55400,480897.0000,2,0.085231,1,0.580000,0
2004-08-11,sh.600388,1.3257470400,1.3379800000,1.3150432000,1.3150432000,1.3333926400,48600,420499.0000,2,0.074769,1,-1.380000,0
2004-08-12,sh.600388,1.3089267200,1.3272761600,1.2997520000,1.3028102400,1.3150432000,74141,634713.0000,2,0.114063,1,-0.930000,0
2004-08-13,sh.600388,1.2997520000,1.3257470400,1.2997520000,1.3135140800,1.3028102400,80668,691079.0000,2,0.124105,1,0.820000,0
2004-08-16,sh.600388,1.3257470400,1.3257470400,1.2538784000,1.2661113600,1.3135140800,89451,752839.0000,2,0.137617,1,-3.610000,0
2004-08-17,sh.600388,1.2508201600,1.2645822400,1.2355289600,1.2370580800,1.2661113600,120400,980152.0000,2,0.185231,1,-2.290000,0
2004-08-18,sh.600388,1.2370580800,1.2385872000,1.2049465600,1.2080048000,1.2370580800,166399,1331486.0000,2,0.255998,1,-2.350000,0
2004-08-19,sh.600388,1.2217668800,1.2217668800,1.1391944000,1.1544856000,1.2080048000,457100,3437769.0000,2,0.703231,1,-4.430000,0
2004-08-20,sh.600388,1.1468400000,1.1927136000,1.1239032000,1.1820097600,1.1544856000,174050,1316027.0000,2,0.267769,1,2.380000,0
2004-08-23,sh.600388,1.1514273600,1.1758932800,1.1453108800,1.1697768000,1.1820097600,90400,687774.0000,2,0.139077,1,-1.030000,0
2004-08-24,sh.600388,1.1774224000,1.2202377600,1.1774224000,1.2125921600,1.1697768000,326769,2588371.0000,2,0.502722,1,3.660000,0
2004-08-25,sh.600388,1.1927136000,1.2691696000,1.1927136000,1.2202377600,1.2125921600,268700,2180113.0000,2,0.413385,1,0.630000,0
2004-08-26,sh.600388,1.2202377600,1.2202377600,1.1636603200,1.1881262400,1.2202377600,129500,1002177.0000,2,0.199231,1,-2.630000,0
2004-08-27,sh.600388,1.1697768000,1.1881262400,1.1437817600,1.1682476800,1.1881262400,173600,1323022.0000,2,0.267077,1,-1.670000,0
2004-08-30,sh.600388,1.1667185600,1.1896553600,1.1437817600,1.1774224000,1.1682476800,46468,357554.0000,2,0.071489,1,0.790000,0
2004-08-31,sh.600388,1.2248251200,1.2447036800,1.2018883200,1.2187086400,1.1774224000,164721,1309125.0000,2,0.253417,1,3.510000,0
2004-09-01,sh.600388,1.1942427200,1.2110630400,1.1942427200,1.2018883200,1.2187086400,58629,461232.0000,2,0.090198,1,-1.380000,0
2004-09-02,sh.600388,1.2064756800,1.2080048000,1.1774224000,1.2064756800,1.2018883200,72800,570654.0000,2,0.112000,1,0.380000,0
2004-09-03,sh.600388,1.1865971200,1.2156504000,1.1865971200,1.1973009600,1.2064756800,48700,383390.0000,2,0.074923,1,-0.760000,0
2004-09-06,sh.600388,1.1896553600,1.2003592000,1.1850680000,1.1927136000,1.1973009600,27856,217044.0000,2,0.042855,1,-0.380000,0
2004-09-07,sh.600388,1.1927136000,1.2125921600,1.1850680000,1.1927136000,1.1927136000,26100,203417.0000,2,0.040154,1,0.000000,0
2004-09-08,sh.600388,1.1927136000,1.2080048000,1.1881262400,1.2018883200,1.1927136000,71500,558886.0000,2,0.110000,1,0.770000,0
2004-09-09,sh.600388,1.1850680000,1.1850680000,1.1361361600,1.1621312000,1.2018883200,93200,710954.0000,2,0.143385,1,-3.310000,0
2004-09-10,sh.600388,1.1544856000,1.1911844800,1.1468400000,1.1774224000,1.1621312000,69874,531889.0000,2,0.107498,1,1.320000,0
2004-09-13,sh.600388,1.1774224000,1.1774224000,1.1453108800,1.1468400000,1.1774224000,100403,756103.0000,2,0.154466,1,-2.600000,0
2004-09-14,sh.600388,1.1483691200,1.2232960000,1.1483691200,1.1927136000,1.1468400000,124095,964750.0000,2,0.190915,1,4.000000,0
2004-09-15,sh.600388,1.1896553600,1.2921064000,1.1896553600,1.2523492800,1.1927136000,423630,3449327.0000,2,0.651738,1,5.000000,0
2004-09-16,sh.600388,1.2615240000,1.2722278400,1.2447036800,1.2584657600,1.2523492800,319084,2619303.0000,2,0.490898,1,0.490000,0
2004-09-17,sh.600388,1.2814025600,1.3196305600,1.2737569600,1.3150432000,1.2584657600,549793,4684982.0000,2,0.845835,1,4.500000,0
2004-09-20,sh.600388,1.3150432000,1.3991448000,1.3150432000,1.3976156800,1.3150432000,714498,6340322.0000,2,1.099228,1,6.280000,0
2004-09-21,sh.600388,1.4006739200,1.4083195200,1.3532712000,1.3762080000,1.3976156800,537850,4853842.0000,2,0.827462,1,-1.530000,0
2004-09-22,sh.600388,1.3762080000,1.3853827200,1.3303344000,1.3410382400,1.3762080000,273568,2419456.0000,2,0.420874,1,-2.560000,0
2004-09-23,sh.600388,1.3379800000,1.3762080000,1.3196305600,1.3746788800,1.3410382400,209307,1843192.0000,2,0.322011,1,2.510000,0
2004-09-24,sh.600388,1.3777371200,1.4067904000,1.3425673600,1.3425673600,1.3746788800,489500,4434822.0000,2,0.753077,1,-2.340000,0
2004-09-27,sh.600388,1.3425673600,1.3731497600,1.3089267200,1.3165723200,1.3425673600,283568,2468199.0000,2,0.436258,1,-1.940000,0
2004-09-28,sh.600388,1.3364508800,1.3395091200,1.2936355200,1.3196305600,1.3165723200,174799,1504019.0000,2,0.268922,1,0.230000,0
2004-09-29,sh.600388,1.3288052800,1.3288052800,1.2997520000,1.3058684800,1.3196305600,190760,1637392.0000,2,0.293477,1,-1.040000,0
2004-09-30,sh.600388,1.2997520000,1.3181014400,1.2814025600,1.2875190400,1.3058684800,148534,1259149.0000,2,0.228514,1,-1.410000,0
2004-10-08,sh.600388,1.2890481600,1.3226888000,1.2691696000,1.3226888000,1.2875190400,234600,1992410.0000,2,0.360923,1,2.730000,0
2004-10-11,sh.600388,1.3211596800,1.4037321600,1.3028102400,1.3502129600,1.3226888000,1113084,9860700.0000,2,1.712437,1,2.080000,0
2004-10-12,sh.600388,1.3563294400,1.4144360000,1.3517420800,1.3762080000,1.3502129600,2079439,18779870.0000,2,3.199137,1,1.930000,0
2004-10-13,sh.600388,1.3853827200,1.4052612800,1.3502129600,1.3945574400,1.3762080000,898978,8135903.0000,2,1.383043,1,1.330000,0
2004-10-14,sh.600388,1.3945574400,1.3945574400,1.2844608000,1.2936355200,1.3945574400,587701,5141246.0000,2,0.904155,1,-7.240000,0
2004-10-15,sh.600388,1.2921064000,1.3119849600,1.2737569600,1.3043393600,1.2936355200,549340,4645137.0000,2,0.845138,1,0.830000,0
2004-10-18,sh.600388,1.3028102400,1.3043393600,1.2385872000,1.2844608000,1.3043393600,302856,2539730.0000,2,0.465932,1,-1.520000,0
2004-10-19,sh.600388,1.2875190400,1.3226888000,1.2691696000,1.2691696000,1.2844608000,256377,2174139.0000,2,0.394426,1,-1.190000,0
2004-10-20,sh.600388,1.2768152000,1.2814025600,1.2309416000,1.2706987200,1.2691696000,323476,2635229.0000,2,0.497655,1,0.120000,0
2004-10-21,sh.600388,1.2661113600,1.2844608000,1.2477619200,1.2538784000,1.2706987200,180000,1480142.0000,2,0.276923,1,-1.320000,0
2004-10-22,sh.600388,1.2706987200,1.2966937600,1.2309416000,1.2951646400,1.2538784000,347176,2875441.0000,2,0.534117,1,3.290000,0
2004-10-25,sh.600388,1.3073976000,1.3211596800,1.2783443200,1.2951646400,1.2951646400,304794,2595098.0000,2,0.468914,1,0.000000,0
2004-10-26,sh.600388,1.2982228800,1.3257470400,1.2859899200,1.3242179200,1.2951646400,516020,4398091.0000,2,0.793877,1,2.240000,0
2004-10-27,sh.600388,1.2844608000,1.3609168000,1.2844608000,1.3502129600,1.3242179200,509309,4426955.0000,2,0.783552,1,1.960000,0
2004-10-28,sh.600388,1.2431745600,1.3226888000,1.2431745600,1.2844608000,1.3502129600,756950,6400864.0000,2,1.164538,1,-4.870000,0
2004-10-29,sh.600388,1.2462328000,1.2951646400,1.2385872000,1.2661113600,1.2844608000,426150,3547973.0000,2,0.655615,1,-1.430000,0
2004-11-01,sh.600388,1.2538784000,1.2966937600,1.2447036800,1.2737569600,1.2661113600,392732,3286848.0000,2,0.604203,1,0.600000,0
2004-11-02,sh.600388,1.2554075200,1.2615240000,1.2462328000,1.2554075200,1.2737569600,172501,1414514.0000,2,0.265386,1,-1.440000,0
2004-11-03,sh.600388,1.2538784000,1.2768152000,1.2477619200,1.2722278400,1.2554075200,229449,1893369.0000,2,0.352998,1,1.340000,0
2004-11-04,sh.600388,1.2661113600,1.2814025600,1.2232960000,1.2248251200,1.2722278400,169900,1392109.0000,2,0.261385,1,-3.730000,0
2004-11-05,sh.600388,1.2232960000,1.2462328000,1.1896553600,1.2080048000,1.2248251200,382468,3029331.0000,2,0.588412,1,-1.370000,0
2004-11-08,sh.600388,1.2080048000,1.2202377600,1.1789515200,1.2202377600,1.2080048000,173720,1362024.0000,2,0.267262,1,1.010000,0
2004-11-09,sh.600388,1.2156504000,1.2263542400,1.1957718400,1.2095339200,1.2202377600,141951,1122165.0000,2,0.218386,1,-0.880000,0
2004-11-10,sh.600388,1.2294124800,1.2691696000,1.2080048000,1.2615240000,1.2095339200,332830,2705041.0000,2,0.512046,1,4.300000,0
2004-11-11,sh.600388,1.2676404800,1.2859899200,1.2477619200,1.2477619200,1.2615240000,398930,3318600.0000,2,0.613738,1,-1.090000,0
2004-11-12,sh.600388,1.2508201600,1.2768152000,1.2508201600,1.2569366400,1.2477619200,159802,1316439.0000,2,0.245849,1,0.740000,0
2004-11-15,sh.600388,1.2661113600,1.2661113600,1.2447036800,1.2508201600,1.2569366400,381400,3126224.0000,2,0.586769,1,-0.490000,0
2004-11-16,sh.600388,1.2538784000,1.2921064000,1.2508201600,1.2905772800,1.2508201600,858425,7100655.0000,2,1.320654,1,3.180000,0
2004-11-17,sh.600388,1.2982228800,1.3196305600,1.2768152000,1.3058684800,1.2905772800,1546076,13150356.0000,2,2.378578,1,1.180000,0
2004-11-18,sh.600388,1.3043393600,1.3089267200,1.2844608000,1.3058684800,1.3058684800,468062,3965729.0000,2,0.720095,1,0.000000,0
2004-11-19,sh.600388,1.3150432000,1.3150432000,1.2875190400,1.3012811200,1.3058684800,269686,2291674.0000,2,0.414902,1,-0.350000,0
2004-11-22,sh.600388,1.3073976000,1.3410382400,1.2890481600,1.3257470400,1.3012811200,1052435,9084797.0000,2,1.619131,1,1.880000,0
2004-11-23,sh.600388,1.3211596800,1.3593876800,1.3043393600,1.3364508800,1.3257470400,1710434,15015016.0000,2,2.631437,1,0.810000,0
2004-11-24,sh.600388,1.3456256000,1.3731497600,1.3272761600,1.3563294400,1.3364508800,1607263,14204406.0000,2,2.472712,1,1.490000,0
2004-11-25,sh.600388,1.3471547200,1.3838536000,1.3456256000,1.3716206400,1.3563294400,1781524,15942587.0000,2,2.740806,1,1.130000,0
2004-11-26,sh.600388,1.3762080000,1.3838536000,1.3242179200,1.3288052800,1.3716206400,1267923,11265386.0000,2,1.950651,1,-3.120000,0
2004-11-29,sh.600388,1.3181014400,1.3226888000,1.2936355200,1.2966937600,1.3288052800,722040,6152195.0000,2,1.110831,1,-2.420000,0
2004-11-30,sh.600388,1.2966937600,1.3135140800,1.2875190400,1.3135140800,1.2966937600,480389,4092520.0000,2,0.739060,1,1.300000,0
2004-12-01,sh.600388,1.3135140800,1.3379800000,1.2875190400,1.3272761600,1.3135140800,707774,6079732.0000,2,1.088883,1,1.050000,0
2004-12-02,sh.600388,1.3272761600,1.3395091200,1.3012811200,1.3349217600,1.3272761600,502732,4341958.0000,2,0.773434,1,0.580000,0
2004-12-03,sh.600388,1.3425673600,1.3425673600,1.3196305600,1.3226888000,1.3349217600,530494,4610814.0000,2,0.816145,1,-0.920000,0
2004-12-06,sh.600388,1.3181014400,1.3181014400,1.2905772800,1.3012811200,1.3226888000,430580,3657822.0000,2,0.662431,1,-1.620000,0
2004-12-07,sh.600388,1.2997520000,1.2997520000,1.2584657600,1.2599948800,1.3012811200,595700,4966810.0000,2,0.916462,1,-3.170000,0
2004-12-08,sh.600388,1.2584657600,1.2752860800,1.2523492800,1.2554075200,1.2599948800,233795,1928447.0000,2,0.359685,1,-0.360000,0
2004-12-09,sh.600388,1.2554075200,1.2768152000,1.2477619200,1.2691696000,1.2554075200,250681,2072737.0000,2,0.385663,1,1.100000,0
2004-12-10,sh.600388,1.2691696000,1.2691696000,1.2248251200,1.2263542400,1.2691696000,403500,3281725.0000,2,0.620769,1,-3.370000,0
2004-12-13,sh.600388,1.2263542400,1.2309416000,1.1973009600,1.2263542400,1.2263542400,216874,1718884.0000,2,0.333652,1,0.000000,0
2004-12-14,sh.600388,1.2370580800,1.2370580800,1.2232960000,1.2324707200,1.2263542400,166378,1336936.0000,2,0.255966,1,0.500000,0
2004-12-15,sh.600388,1.2232960000,1.2477619200,1.2156504000,1.2477619200,1.2324707200,179409,1445349.0000,2,0.276014,1,1.240000,0
2004-12-16,sh.600388,1.2462328000,1.2630531200,1.2385872000,1.2385872000,1.2477619200,128150,1047118.0000,2,0.197154,1,-0.740000,0
2004-12-17,sh.600388,1.2355289600,1.2477619200,1.2339998400,1.2385872000,1.2385872000,102040,828303.0000,2,0.156985,1,0.000000,0
2004-12-20,sh.600388,1.2018883200,1.2447036800,1.2018883200,1.2080048000,1.2385872000,188919,1503790.0000,2,0.290645,1,-2.470000,0
2004-12-21,sh.600388,1.2156504000,1.2232960000,1.2034174400,1.2156504000,1.2080048000,112904,893771.0000,2,0.173698,1,0.630000,0
2004-12-22,sh.600388,1.2248251200,1.2523492800,1.2003592000,1.2508201600,1.2156504000,272707,2196255.0000,2,0.419549,1,2.890000,0
2004-12-23,sh.600388,1.2462328000,1.2661113600,1.2355289600,1.2401163200,1.2508201600,145759,1186125.0000,2,0.224245,1,-0.860000,0
2004-12-24,sh.600388,1.2385872000,1.2477619200,1.2156504000,1.2156504000,1.2401163200,132100,1067924.0000,2,0.203231,1,-1.970000,0
2004-12-27,sh.600388,1.2156504000,1.2217668800,1.2049465600,1.2110630400,1.2156504000,344350,2724583.0000,2,0.529769,1,-0.380000,0
2004-12-28,sh.600388,1.2110630400,1.2187086400,1.2003592000,1.2034174400,1.2110630400,378361,2983958.0000,2,0.582094,1,-0.630000,0
2004-12-29,sh.600388,1.2034174400,1.2171795200,1.2003592000,1.2171795200,1.2034174400,134750,1065227.0000,2,0.207308,1,1.140000,0
2004-12-30,sh.600388,1.2294124800,1.2401163200,1.2095339200,1.2309416000,1.2171795200,258690,2078695.0000,2,0.397985,1,1.130000,0
2004-12-31,sh.600388,1.2447036800,1.2447036800,1.2095339200,1.2324707200,1.2309416000,272472,2181628.0000,2,0.419188,1,0.120000,0
2005-01-04,sh.600388,1.2080048000,1.2080048000,1.1789515200,1.1927136000,1.2324707200,306667,2391926.0000,2,0.471795,1,-3.230000,0
2005-01-05,sh.600388,1.2003592000,1.2171795200,1.1927136000,1.2003592000,1.1927136000,273510,2152509.0000,2,0.420785,1,0.640000,0
2005-01-06,sh.600388,1.2003592000,1.2202377600,1.1942427200,1.2034174400,1.2003592000,108700,853528.0000,2,0.167231,1,0.250000,0
2005-01-07,sh.600388,1.2018883200,1.2171795200,1.1865971200,1.2080048000,1.2034174400,114800,902906.0000,2,0.176615,1,0.380000,0
2005-01-10,sh.600388,1.2049465600,1.2110630400,1.1942427200,1.2110630400,1.2080048000,110700,874168.0000,2,0.170308,1,0.250000,0
2005-01-11,sh.600388,1.2049465600,1.2049465600,1.1896553600,1.1988300800,1.2110630400,170500,1334351.0000,2,0.262308,1,-1.010000,0
2005-01-12,sh.600388,1.1927136000,1.1942427200,1.1789515200,1.1911844800,1.1988300800,143420,1112362.0000,2,0.220646,1,-0.640000,0
2005-01-13,sh.600388,1.2217668800,1.2538784000,1.2217668800,1.2477619200,1.1911844800,1913481,15559273.0000,2,2.943817,1,4.750000,0
2005-01-14,sh.600388,1.2447036800,1.2645822400,1.2385872000,1.2431745600,1.2477619200,637333,5220289.0000,2,0.980512,1,-0.370000,0
2005-01-17,sh.600388,1.2324707200,1.2324707200,1.1927136000,1.2034174400,1.2431745600,249700,1974131.0000,2,0.384154,1,-3.200000,0
2005-01-18,sh.600388,1.2080048000,1.2309416000,1.2018883200,1.2263542400,1.2034174400,146699,1162856.0000,2,0.225691,1,1.910000,0
2005-01-19,sh.600388,1.2232960000,1.2385872000,1.1835388800,1.2248251200,1.2263542400,149275,1183816.0000,2,0.229654,1,-0.120000,0
2005-01-20,sh.600388,1.1927136000,1.2232960000,1.1865971200,1.2202377600,1.2248251200,247218,1942064.0000,2,0.380335,1,-0.370000,0
2005-01-21,sh.600388,1.2034174400,1.2171795200,1.1055537600,1.2034174400,1.2202377600,310740,2395309.0000,2,0.478062,1,-1.380000,0
2005-01-24,sh.600388,1.2232960000,1.2538784000,1.2034174400,1.2248251200,1.2034174400,318028,2536647.0000,2,0.489274,1,1.780000,0
2005-01-25,sh.600388,1.2385872000,1.2385872000,1.1942427200,1.2156504000,1.2248251200,148429,1182840.0000,2,0.228352,1,-0.750000,0
2005-01-26,sh.600388,1.2080048000,1.2125921600,1.1896553600,1.1911844800,1.2156504000,116000,909290.0000,2,0.178462,1,-2.010000,0
2005-01-27,sh.600388,1.1804806400,1.1804806400,1.1254323200,1.1269614400,1.1911844800,357400,2667714.0000,2,0.549846,1,-5.390000,0
2005-01-28,sh.600388,1.1437817600,1.1728350400,1.1284905600,1.1315488000,1.1269614400,252200,1888654.0000,2,0.388000,1,0.410000,0
2005-01-31,sh.600388,1.1407235200,1.1590729600,1.1254323200,1.1544856000,1.1315488000,466412,3494852.0000,2,0.717557,1,2.030000,0
2005-02-01,sh.600388,1.1422526400,1.1514273600,1.0719131200,1.0780296000,1.1544856000,393031,2871810.0000,2,0.604663,1,-6.620000,0
2005-02-02,sh.600388,1.0780296000,1.1284905600,1.0765004800,1.1269614400,1.0780296000,524000,3773864.0000,2,0.806154,1,4.540000,0
2005-02-03,sh.600388,1.1284905600,1.1590729600,1.0948499200,1.1024955200,1.1269614400,389699,2873353.0000,2,0.599537,1,-2.170000,0
2005-02-04,sh.600388,1.1040246400,1.1346070400,1.1009664000,1.1162576000,1.1024955200,287272,2095475.0000,2,0.441957,1,1.250000,0
2005-02-16,sh.600388,1.1300196800,1.1346070400,1.1162576000,1.1177867200,1.1162576000,302541,2224789.0000,2,0.465448,1,0.140000,0
2005-02-17,sh.600388,1.1208449600,1.1468400000,1.1208449600,1.1437817600,1.1177867200,260955,1928113.0000,2,0.401469,1,2.330000,0
2005-02-18,sh.600388,1.1590729600,1.1590729600,1.1315488000,1.1330779200,1.1437817600,139670,1040494.0000,2,0.214877,1,-0.940000,0
2005-02-21,sh.600388,1.1315488000,1.1651894400,1.1284905600,1.1636603200,1.1330779200,399819,3005101.0000,2,0.615106,1,2.700000,0
2005-02-22,sh.600388,1.1621312000,1.2706987200,1.1560147200,1.2538784000,1.1636603200,1520471,12153671.0000,2,2.339186,1,7.750000,0
2005-02-23,sh.600388,1.2569366400,1.2936355200,1.2477619200,1.2584657600,1.2538784000,2326313,19285502.0000,2,3.578943,1,0.370000,0
2005-02-24,sh.600388,1.2462328000,1.2462328000,1.2202377600,1.2355289600,1.2584657600,880939,7091824.0000,2,1.355291,1,-1.820000,0
2005-02-25,sh.600388,1.2447036800,1.2615240000,1.2339998400,1.2355289600,1.2355289600,496100,4039161.0000,2,0.763231,1,0.000000,0
2005-02-28,sh.600388,1.2248251200,1.2370580800,1.2110630400,1.2217668800,1.2355289600,396700,3167851.0000,2,0.610308,1,-1.110000,0
2005-03-01,sh.600388,1.2217668800,1.2339998400,1.2003592000,1.2309416000,1.2217668800,318854,2534580.0000,2,0.490545,1,0.750000,0
2005-03-02,sh.600388,1.2309416000,1.2416454400,1.1850680000,1.1911844800,1.2309416000,459701,3660385.0000,2,0.707232,1,-3.230000,0
2005-03-03,sh.600388,1.1927136000,1.2156504000,1.1865971200,1.2110630400,1.1911844800,324185,2545142.0000,2,0.498746,1,1.670000,0
2005-03-04,sh.600388,1.2110630400,1.2202377600,1.1988300800,1.2064756800,1.2110630400,203024,1601026.0000,2,0.312345,1,-0.380000,0
2005-03-07,sh.600388,1.2339998400,1.2339998400,1.2049465600,1.2049465600,1.2064756800,115000,909924.0000,2,0.176923,1,-0.130000,0
2005-03-08,sh.600388,1.2049465600,1.2339998400,1.2003592000,1.2263542400,1.2049465600,321020,2560978.0000,2,0.493877,1,1.780000,0
2005-03-09,sh.600388,1.2309416000,1.2676404800,1.2309416000,1.2630531200,1.2263542400,1121014,9202860.0000,2,1.724637,1,2.990000,0
2005-03-10,sh.600388,1.2615240000,1.2814025600,1.2202377600,1.2217668800,1.2630531200,798060,6513207.0000,2,1.227785,1,-3.270000,0
2005-03-11,sh.600388,1.2110630400,1.2691696000,1.2110630400,1.2477619200,1.2217668800,609536,4989712.0000,2,0.937748,1,2.130000,0
2005-03-14,sh.600388,1.2615240000,1.2890481600,1.2263542400,1.2768152000,1.2477619200,989988,8215828.0000,2,1.523058,1,2.330000,0
2005-03-15,sh.600388,1.2706987200,1.2829316800,1.2401163200,1.2523492800,1.2768152000,642719,5264249.0000,2,0.988798,1,-1.920000,0
2005-03-16,sh.600388,1.2462328000,1.2508201600,1.2018883200,1.2080048000,1.2523492800,468928,3745435.0000,2,0.721428,1,-3.540000,0
2005-03-17,sh.600388,1.2080048000,1.2385872000,1.2080048000,1.2080048000,1.2080048000,304500,2431386.0000,2,0.468462,1,0.000000,0
2005-03-18,sh.600388,1.1911844800,1.2080048000,1.1300196800,1.1407235200,1.2080048000,523806,3959355.0000,2,0.805855,1,-5.570000,0
2005-03-21,sh.600388,1.1468400000,1.1575438400,1.1086120000,1.1300196800,1.1407235200,392249,2880479.0000,2,0.603460,1,-0.940000,0
2005-03-22,sh.600388,1.1300196800,1.1590729600,1.0994372800,1.1086120000,1.1300196800,281450,2052760.0000,2,0.433000,1,-1.890000,0
2005-03-23,sh.600388,1.1147284800,1.1544856000,1.0933208000,1.0994372800,1.1086120000,1070946,7809670.0000,2,1.647609,1,-0.830000,0
2005-03-24,sh.600388,1.0979081600,1.1177867200,1.0856752000,1.1147284800,1.0994372800,386234,2779491.0000,2,0.594206,1,1.390000,0
2005-03-25,sh.600388,1.1147284800,1.1147284800,1.0872043200,1.0917916800,1.1147284800,428219,3081071.0000,2,0.658798,1,-2.060000,0
2005-03-28,sh.600388,1.0917916800,1.0933208000,1.0474472000,1.0734422400,1.0917916800,412610,2878749.0000,2,0.634785,1,-1.680000,0
2005-03-29,sh.600388,1.0780296000,1.0780296000,1.0474472000,1.0520345600,1.0734422400,259079,1796260.0000,2,0.398583,1,-1.990000,0
2005-03-30,sh.600388,1.0413307200,1.0413307200,0.9801659200,0.9832241600,1.0520345600,541014,3547455.0000,2,0.832329,1,-6.540000,0
2005-03-31,sh.600388,0.9862824000,1.0046318400,0.9862824000,1.0031027200,0.9832241600,254532,1652921.0000,2,0.391588,1,2.020000,0
2005-04-01,sh.600388,0.9954571200,1.0550928000,0.9740494400,1.0428598400,1.0031027200,475561,3169840.0000,2,0.731632,1,3.960000,0
2005-04-04,sh.600388,1.0367433600,1.0367433600,0.9878115200,1.0031027200,1.0428598400,743854,4865872.0000,2,1.144391,1,-3.810000,0
2005-04-05,sh.600388,0.9954571200,1.0046318400,0.9771076800,0.9893406400,1.0031027200,375531,2422000.0000,2,0.577740,1,-1.370000,0
2005-04-06,sh.600388,0.9801659200,1.0336851200,0.9511126400,1.0168648000,0.9893406400,663550,4328907.0000,2,1.020846,1,2.780000,0
2005-04-07,sh.600388,1.0153356800,1.0520345600,1.0153356800,1.0214521600,1.0168648000,768043,5197100.0000,2,1.181605,1,0.450000,0
2005-04-08,sh.600388,1.0168648000,1.0489763200,1.0061609600,1.0489763200,1.0214521600,563385,3826056.0000,2,0.866746,1,2.690000,0
2005-04-11,sh.600388,1.0398016000,1.0688548800,1.0275686400,1.0382724800,1.0489763200,411300,2821301.0000,2,0.632769,1,-1.020000,0
2005-04-12,sh.600388,1.0398016000,1.0489763200,1.0229812800,1.0260395200,1.0382724800,249477,1680874.0000,2,0.383811,1,-1.180000,0
2005-04-13,sh.600388,1.0321560000,1.0688548800,1.0321560000,1.0428598400,1.0260395200,315349,2169478.0000,2,0.485152,1,1.640000,0
2005-04-14,sh.600388,1.0979081600,1.0979081600,1.0336851200,1.0336851200,1.0428598400,338500,2331890.0000,2,0.520769,1,-0.880000,0
2005-04-15,sh.600388,1.0199230400,1.0199230400,0.9801659200,0.9862824000,1.0336851200,410385,2681986.0000,2,0.631362,1,-4.590000,0
2005-04-18,sh.600388,0.9832241600,0.9832241600,0.9557000000,0.9618164800,0.9862824000,240610,1513355.0000,2,0.370169,1,-2.480000,0
2005-04-19,sh.600388,0.9618164800,0.9755785600,0.9511126400,0.9694620800,0.9618164800,206837,1303982.0000,2,0.318211,1,0.790000,0
2005-04-20,sh.600388,0.9664038400,0.9664038400,0.9174720000,0.9190011200,0.9694620800,300300,1841740.0000,2,0.462000,1,-5.210000,0
2005-04-21,sh.600388,0.9404088000,0.9449961600,0.9021808000,0.9159428800,0.9190011200,289201,1747916.0000,2,0.444925,1,-0.330000,0
2005-04-22,sh.600388,0.9174720000,0.9205302400,0.8241956800,0.8456033600,0.9159428800,636119,3558497.0000,2,0.978645,1,-7.680000,0
2005-04-25,sh.600388,0.8379577600,0.8379577600,0.8104336000,0.8348995200,0.8456033600,473927,2549815.0000,2,0.729118,1,-1.270000,0
2005-04-26,sh.600388,0.8410160000,0.8608945600,0.8333704000,0.8563072000,0.8348995200,350900,1955074.0000,2,0.539846,1,2.560000,0
2005-04-27,sh.600388,0.8501907200,0.8777148800,0.8410160000,0.8425451200,0.8563072000,397700,2241578.0000,2,0.611846,1,-1.610000,0
2005-04-28,sh.600388,0.8532489600,0.8868896000,0.8486616000,0.8792440000,0.8425451200,404037,2289530.0000,2,0.621595,1,4.360000,0
2005-04-29,sh.600388,0.8654819200,0.8838313600,0.8593654400,0.8624236800,0.8792440000,181311,1028965.0000,2,0.278940,1,-1.910000,0
2005-05-09,sh.600388,0.8715984000,0.8761857600,0.8272539200,0.8287830400,0.8624236800,128200,703245.0000,2,0.197231,1,-3.900000,0
2005-05-10,sh.600388,0.8180792000,0.8241956800,0.7798512000,0.8134918400,0.8287830400,357748,1869813.0000,2,0.550382,1,-1.850000,0
2005-05-11,sh.600388,0.8134918400,0.8333704000,0.7982006400,0.8165500800,0.8134918400,199282,1061468.0000,2,0.306588,1,0.380000,0
2005-05-12,sh.600388,0.8241956800,0.8471324800,0.8134918400,0.8241956800,0.8165500800,148044,798197.0000,2,0.227760,1,0.940000,0
2005-05-13,sh.600388,0.8134918400,0.8501907200,0.7874968000,0.8333704000,0.8241956800,273111,1476912.0000,2,0.420171,1,1.110000,0
2005-05-16,sh.600388,0.8348995200,0.8471324800,0.8165500800,0.8318412800,0.8333704000,144001,779870.0000,2,0.221540,1,-0.180000,0
2005-05-17,sh.600388,0.8226665600,0.8486616000,0.8226665600,0.8394868800,0.8318412800,211449,1157978.0000,2,0.325306,1,0.920000,0
2005-05-18,sh.600388,0.8379577600,0.8471324800,0.8104336000,0.8394868800,0.8394868800,284701,1538078.0000,2,0.438002,1,0.000000,0
2005-05-19,sh.600388,0.8593654400,0.8654819200,0.8257248000,0.8547780800,0.8394868800,433680,2412261.0000,2,0.667200,1,1.820000,0
2005-05-20,sh.600388,0.8532489600,0.8715984000,0.8486616000,0.8608945600,0.8547780800,394000,2224739.0000,2,0.606154,1,0.720000,0
2005-05-23,sh.600388,0.8593654400,0.8593654400,0.8211374400,0.8257248000,0.8608945600,270402,1483821.0000,2,0.416003,1,-4.090000,0
2005-05-24,sh.600388,0.8226665600,0.8547780800,0.8180792000,0.8440742400,0.8257248000,221447,1221508.0000,2,0.340688,1,2.220000,0
2005-05-25,sh.600388,0.8654819200,0.8930060800,0.8608945600,0.8654819200,0.8440742400,588589,3352972.0000,2,0.905522,1,2.540000,0
2005-05-26,sh.600388,0.8654819200,0.8670110400,0.8486616000,0.8532489600,0.8654819200,233254,1305951.0000,2,0.358852,1,-1.410000,0
2005-05-27,sh.600388,0.8501907200,0.8563072000,0.8410160000,0.8456033600,0.8532489600,236949,1316898.0000,2,0.364537,1,-0.900000,0
2005-05-30,sh.600388,0.8410160000,0.8608945600,0.8333704000,0.8563072000,0.8456033600,166941,929513.0000,2,0.256832,1,1.270000,0
2005-05-31,sh.600388,0.8563072000,0.8624236800,0.8486616000,0.8501907200,0.8563072000,103050,577097.0000,2,0.158538,1,-0.710000,0
2005-06-01,sh.600388,0.8456033600,0.8593654400,0.8180792000,0.8211374400,0.8501907200,210790,1144433.0000,2,0.324292,1,-3.420000,0
2005-06-02,sh.600388,0.8226665600,0.8241956800,0.8027880000,0.8073753600,0.8211374400,245704,1304832.0000,2,0.378006,1,-1.680000,0
2005-06-03,sh.600388,0.8196083200,0.8226665600,0.7997297600,0.8089044800,0.8073753600,121260,641338.0000,2,0.186554,1,0.190000,0
2005-06-06,sh.600388,0.8027880000,0.8165500800,0.7844385600,0.8150209600,0.8089044800,164077,862625.0000,2,0.252426,1,0.760000,0
2005-06-07,sh.600388,0.8180792000,0.8394868800,0.8058462400,0.8180792000,0.8150209600,335080,1804281.0000,2,0.515508,1,0.380000,0
2005-06-08,sh.600388,0.8180792000,0.8945352000,0.8180792000,0.8899478400,0.8180792000,928156,5253231.0000,2,1.427932,1,8.790000,0
2005-06-09,sh.600388,0.8715984000,0.9113555200,0.8715984000,0.8930060800,0.8899478400,797080,4655935.0000,2,1.226277,1,0.340000,0
2005-06-10,sh.600388,0.8945352000,0.8945352000,0.8639528000,0.8670110400,0.8930060800,495518,2846188.0000,2,0.762335,1,-2.910000,0
2005-06-13,sh.600388,0.8670110400,0.9419379200,0.8654819200,0.9220593600,0.8670110400,1381470,8209910.0000,2,2.125338,1,6.350000,0
2005-06-14,sh.600388,0.9144137600,0.9358214400,0.8975934400,0.8991225600,0.9220593600,957656,5742044.0000,2,1.473317,1,-2.490000,0
2005-06-15,sh.600388,0.9159428800,0.9511126400,0.8991225600,0.9067681600,0.8991225600,1500529,9125984.0000,2,2.308506,1,0.850000,0
2005-06-16,sh.600388,0.9006516800,0.9235884800,0.8578363200,0.9098264000,0.9067681600,890351,5181108.0000,2,1.369771,1,0.340000,0
2005-06-17,sh.600388,0.9098264000,0.9098264000,0.9098264000,0.9098264000,0.9098264000,0,0.0000,2,,0,0.000000,0
2005-06-20,sh.600388,0.8960643200,0.9434670400,0.8654819200,0.9388796800,0.9098264000,1206496,7213972.0000,2,1.856148,1,3.190000,0
2005-06-21,sh.600388,0.9312340800,0.9480544000,0.9251176000,0.9312340800,0.9388796800,688782,4214107.0000,2,1.059665,1,-0.810000,0
2005-06-22,sh.600388,0.9190011200,0.9358214400,0.9082972800,0.9312340800,0.9312340800,512192,3085852.0000,2,0.787988,1,0.000000,0
2005-06-23,sh.600388,0.9358214400,0.9358214400,0.9037099200,0.9037099200,0.9312340800,311200,1868769.0000,2,0.478769,1,-2.960000,0
2005-06-24,sh.600388,0.9006516800,0.9067681600,0.8823022400,0.9021808000,0.9037099200,288053,1689270.0000,2,0.443158,1,-0.170000,0
2005-06-27,sh.600388,0.9174720000,0.9419379200,0.9174720000,0.9327632000,0.9021808000,723274,4417927.0000,2,1.112729,1,3.390000,0
2005-06-28,sh.600388,0.9297049600,0.9327632000,0.9082972800,0.9327632000,0.9327632000,483916,2917224.0000,2,0.744486,1,0.000000,0
2005-06-29,sh.600388,0.9297049600,0.9312340800,0.9098264000,0.9159428800,0.9327632000,294263,1772252.0000,2,0.452712,1,-1.800000,0
2005-06-30,sh.600388,0.9144137600,0.9144137600,0.8838313600,0.8868896000,0.9159428800,369600,2164231.0000,2,0.568615,1,-3.170000,0
2005-07-01,sh.600388,0.8792440000,0.8853604800,0.8348995200,0.8410160000,0.8868896000,460345,2571973.0000,2,0.708223,1,-5.170000,0
2005-07-04,sh.600388,0.8272539200,0.8333704000,0.8134918400,0.8303121600,0.8410160000,228849,1229985.0000,2,0.352075,1,-1.270000,0
2005-07-05,sh.600388,0.8303121600,0.8303121600,0.8043171200,0.8089044800,0.8303121600,245800,1311776.0000,2,0.378154,1,-2.580000,0
2005-07-06,sh.600388,0.8119627200,0.8318412800,0.7951424000,0.8150209600,0.8089044800,292400,1552190.0000,2,0.449846,1,0.760000,0
2005-07-07,sh.600388,0.8257248000,0.8333704000,0.8104336000,0.8287830400,0.8150209600,228261,1226631.0000,2,0.351171,1,1.690000,0
2005-07-08,sh.600388,0.8333704000,0.8333704000,0.7767929600,0.7783220800,0.8287830400,489700,2545456.0000,2,0.753385,1,-6.090000,0
2005-07-11,sh.600388,0.7951424000,0.8180792000,0.7523270400,0.7584435200,0.7783220800,324799,1659652.0000,2,0.499691,1,-2.550000,0
2005-07-12,sh.600388,0.7492688000,0.7951424000,0.7370358400,0.7920841600,0.7584435200,421750,2144347.0000,2,0.648846,1,4.440000,0
2005-07-13,sh.600388,0.7936132800,0.8104336000,0.7813803200,0.7951424000,0.7920841600,319620,1666373.0000,2,0.491723,1,0.390000,0
2005-07-14,sh.600388,0.7874968000,0.7982006400,0.7737347200,0.7798512000,0.7951424000,171099,878747.0000,2,0.263229,1,-1.920000,0
2005-07-15,sh.600388,0.7982006400,0.7982006400,0.7599726400,0.7615017600,0.7798512000,229513,1157045.0000,2,0.353097,1,-2.350000,0
2005-07-18,sh.600388,0.7523270400,0.7569144000,0.7049243200,0.7324484800,0.7615017600,287288,1364345.0000,2,0.441982,1,-3.820000,0
2005-07-19,sh.600388,0.7186864000,0.7324484800,0.7110408000,0.7293902400,0.7324484800,177049,835675.0000,2,0.272383,1,-0.420000,0
2005-07-20,sh.600388,0.7372326000,0.7419383400,0.7246839600,0.7293897000,0.7293897000,161950,756660.0000,2,0.249154,1,0.000000,0
2005-07-21,sh.600388,0.7293897000,0.7293897000,0.6917437800,0.7058610000,0.7293897000,329376,1481470.0000,2,0.506732,1,-3.230000,0
2005-07-22,sh.600388,0.7137039000,0.7435069200,0.7121353200,0.7356640200,0.7058610000,519172,2416452.0000,2,0.798726,1,4.220000,0
2005-07-25,sh.600388,0.7372326000,0.7388011800,0.7246839600,0.7325268600,0.7356640200,197120,919280.0000,2,0.303262,1,-0.430000,0
2005-07-26,sh.600388,0.7356640200,0.7623298800,0.7356640200,0.7560555600,0.7325268600,334175,1603170.0000,2,0.514115,1,3.210000,0
2005-07-27,sh.600388,0.7638984600,0.7764471000,0.7482126600,0.7748785200,0.7560555600,422376,2043163.0000,2,0.649809,1,2.490000,0
2005-07-28,sh.600388,0.7717413600,0.7811528400,0.7560555600,0.7623298800,0.7748785200,466798,2290330.0000,2,0.718151,1,-1.620000,0
2005-07-29,sh.600388,0.7529184000,0.7623298800,0.7513498200,0.7576241400,0.7623298800,364737,1759388.0000,2,0.561134,1,-0.620000,0
2005-08-01,sh.600388,0.7560555600,0.7686042000,0.7529184000,0.7623298800,0.7576241400,216568,1048230.0000,2,0.333182,1,0.621122,0
2005-08-02,sh.600388,0.7686042000,0.7905643200,0.7560555600,0.7889957400,0.7623298800,535581,2646606.0000,2,0.823971,1,3.497944,0
2005-08-03,sh.600388,0.8266416600,0.8407588800,0.8156616000,0.8156616000,0.7889957400,1921598,10092304.0000,2,2.956305,1,3.379714,0
2005-08-04,sh.600388,0.8187987600,0.8187987600,0.7921329000,0.7999758000,0.8156616000,562400,2881825.0000,2,0.865231,1,-1.923075,0
2005-08-05,sh.600388,0.7999758000,0.8235045000,0.7999758000,0.8219359200,0.7999758000,559409,2909212.0000,2,0.860629,1,2.745095,0
2005-08-08,sh.600388,0.8203673400,0.8391903000,0.8093872800,0.8313474000,0.8219359200,856991,4519642.0000,2,1.318448,1,1.145046,0
2005-08-09,sh.600388,0.8250730800,0.8407588800,0.8140930200,0.8360531400,0.8313474000,646424,3401222.0000,2,0.994498,1,0.566033,0
2005-08-10,sh.600388,0.8360531400,0.8548761000,0.8313474000,0.8533075200,0.8360531400,1009050,5430097.0000,2,1.552385,1,2.063792,0
2005-08-11,sh.600388,0.8486017800,0.8595818400,0.8376217200,0.8580132600,0.8533075200,905905,4896776.0000,2,1.393700,1,0.551466,0
2005-08-12,sh.600388,0.8580132600,0.8611504200,0.8250730800,0.8329159800,0.8580132600,1043717,5601166.0000,2,1.605718,1,-2.925043,0
2005-08-15,sh.600388,0.8313474000,0.8595818400,0.8187987600,0.8564446800,0.8329159800,923051,4933329.0000,2,1.420078,1,2.824861,0
2005-08-16,sh.600388,0.8564446800,0.8862477000,0.8533075200,0.8674247400,0.8564446800,1099245,6076810.0000,2,1.691146,1,1.282054,0
2005-08-17,sh.600388,0.8721304800,0.9411480000,0.8391903000,0.9380108400,0.8674247400,1913017,10826054.0000,2,2.943103,1,8.137428,0
2005-08-18,sh.600388,0.9254622000,0.9505594800,0.8846791200,0.8846791200,0.9380108400,1990221,11744589.0000,2,3.061878,1,-5.685621,0
2005-08-19,sh.600388,0.8768362200,0.9019335000,0.8642875800,0.8862477000,0.8846791200,1155690,6480419.0000,2,1.777985,1,0.177309,0
2005-08-22,sh.600388,0.8831105400,0.8909534400,0.8627190000,0.8909534400,0.8862477000,640401,3585580.0000,2,0.985232,1,0.530969,0
2005-08-23,sh.600388,0.8862477000,0.8862477000,0.8501703600,0.8658561600,0.8909534400,700087,3856631.0000,2,1.077057,1,-2.816899,0
2005-08-24,sh.600388,0.8595818400,0.8846791200,0.8548761000,0.8705619000,0.8658561600,631000,3507267.0000,2,0.970769,1,0.543482,0
2005-08-25,sh.600388,0.8674247400,0.8878162800,0.8548761000,0.8878162800,0.8705619000,481490,2689812.0000,2,0.740754,1,1.981976,0
2005-08-26,sh.600388,0.8862477000,0.8909534400,0.8689933200,0.8846791200,0.8878162800,321113,1799865.0000,2,0.494020,1,-0.353357,0
2005-08-29,sh.600388,0.8784048000,0.9348736800,0.8627190000,0.9082078200,0.8846791200,1167040,6654737.0000,2,1.795446,1,2.659576,0
2005-08-30,sh.600388,0.9223250400,0.9223250400,0.8705619000,0.8721304800,0.9082078200,487783,2746314.0000,2,0.750435,1,-3.972366,0
2005-08-31,sh.600388,0.8705619000,0.8909534400,0.8705619000,0.8878162800,0.8721304800,380731,2139908.0000,2,0.585740,1,1.798560,0
2005-09-01,sh.600388,0.8846791200,0.9113449800,0.8736990600,0.9082078200,0.8878162800,908120,5239404.0000,2,1.397108,1,2.296822,0
2005-09-02,sh.600388,0.9082078200,0.9725196000,0.9035020800,0.9489909000,0.9082078200,3294933,19769493.0000,2,5.069128,1,4.490505,0
2005-09-05,sh.600388,0.9536966400,0.9568338000,0.9301679400,0.9552652200,0.9489909000,1425858,8589446.0000,2,2.193628,1,0.661156,0
2005-09-06,sh.600388,0.9552652200,0.9552652200,0.9364422600,0.9380108400,0.9552652200,1706132,10244745.0000,2,2.624818,1,-1.806242,0
2005-09-07,sh.600388,0.9333051000,0.9866368200,0.9333051000,0.9866368200,0.9380108400,3024002,18769429.0000,2,4.652311,1,5.183946,0
2005-09-08,sh.600388,0.9850682400,0.9897739800,0.9709510200,0.9772253400,0.9866368200,1726192,10771585.0000,2,2.655680,1,-0.953894,0
2005-09-09,sh.600388,0.9772253400,0.9787939200,0.9505594800,0.9552652200,0.9772253400,776400,4762248.0000,2,1.194462,1,-2.247189,0
2005-09-12,sh.600388,0.9536966400,0.9631081200,0.9458537400,0.9584023800,0.9552652200,306893,1869800.0000,2,0.472143,1,0.328407,0
2005-09-13,sh.600388,0.9536966400,0.9803625000,0.9536966400,0.9803625000,0.9584023800,897367,5550148.0000,2,1.380565,1,2.291323,0
2005-09-14,sh.600388,0.9803625000,0.9960483000,0.9725196000,0.9944797200,0.9803625000,1291148,8115189.0000,2,1.986382,1,1.440002,0
2005-09-15,sh.600388,0.9960483000,0.9960483000,0.9787939200,0.9929111400,0.9944797200,649050,4097011.0000,2,0.998538,1,-0.157732,0
2005-09-16,sh.600388,0.9913425600,0.9913425600,0.9662452800,0.9740881800,0.9929111400,801070,4979081.0000,2,1.232415,1,-1.895733,0
2005-09-19,sh.600388,0.9725196000,0.9991854600,0.9584023800,0.9944797200,0.9740881800,758750,4767312.0000,2,1.167308,1,2.093400,0
2005-09-20,sh.600388,0.9929111400,0.9929111400,0.9599709600,0.9631081200,0.9944797200,865440,5361432.0000,2,1.331446,1,-3.154578,0
2005-09-21,sh.600388,0.9662452800,0.9772253400,0.9584023800,0.9646767000,0.9631081200,761587,4699398.0000,2,1.171672,1,0.162870,0
2005-09-22,sh.600388,0.9631081200,0.9631081200,0.8972277600,0.9113449800,0.9646767000,1114002,6606121.0000,2,1.713849,1,-5.528458,0
2005-09-23,sh.600388,0.9207564600,0.9207564600,0.8925220200,0.8987963400,0.9113449800,628957,3616195.0000,2,0.967626,1,-1.376935,0
2005-09-26,sh.600388,0.8987963400,0.9489909000,0.8893848600,0.9442851600,0.8987963400,1084406,6375140.0000,2,1.668317,1,5.061081,0
2005-09-27,sh.600388,0.9615395400,0.9646767000,0.9129135600,0.9176193000,0.9442851600,1276300,7744412.0000,2,1.963538,1,-2.823921,0
2005-09-28,sh.600388,0.9097764000,0.9285993600,0.9003649200,0.9050706600,0.9176193000,245700,1430813.0000,2,0.378000,1,-1.367520,0
2005-09-29,sh.600388,0.9254622000,0.9364422600,0.9082078200,0.9285993600,0.9050706600,375480,2210674.0000,2,0.577662,1,2.599655,0
2005-09-30,sh.600388,0.9254622000,0.9333051000,0.9144821400,0.9270307800,0.9285993600,209080,1232926.0000,2,0.321662,1,-0.168923,0
2005-10-10,sh.600388,0.9427165800,0.9427165800,0.8925220200,0.9050706600,0.9270307800,224500,1299558.0000,2,0.345385,1,-2.368864,0
2005-10-11,sh.600388,0.9176193000,0.9207564600,0.8940906000,0.9191878800,0.9050706600,444508,2572115.0000,2,0.683858,1,1.559795,0
2005-10-12,sh.600388,0.9191878800,0.9427165800,0.9050706600,0.9317365200,0.9191878800,660869,3912039.0000,2,1.016722,1,1.365186,0
2005-10-13,sh.600388,0.9333051000,0.9725196000,0.9254622000,0.9568338000,0.9317365200,1880024,11440092.0000,2,2.892345,1,2.693600,0
2005-10-14,sh.600388,0.9584023800,0.9960483000,0.9584023800,0.9678138600,0.9568338000,2226783,13898621.0000,2,3.425820,1,1.147544,0
2005-10-17,sh.600388,0.9646767000,0.9944797200,0.9552652200,0.9929111400,0.9678138600,1017696,6304009.0000,2,1.565686,1,2.593190,0
2005-10-18,sh.600388,0.9740881800,1.0352628000,0.9740881800,1.0117341000,0.9929111400,2312290,14910120.0000,2,3.557369,1,1.895733,0
2005-10-19,sh.600388,1.0195770000,1.0289884800,0.9913425600,0.9929111400,1.0117341000,1433503,9260934.0000,2,2.205389,1,-1.860463,0
2005-10-20,sh.600388,0.9850682400,1.0085969400,0.9615395400,1.0070283600,0.9929111400,1163396,7308095.0000,2,1.789840,1,1.421803,0
2005-10-21,sh.600388,1.0023226200,1.0195770000,0.9913425600,1.0085969400,1.0070283600,983182,6304622.0000,2,1.512588,1,0.155759,0
2005-10-24,sh.600388,1.0085969400,1.0415371200,1.0070283600,1.0336942200,1.0085969400,1496637,9827049.0000,2,2.302518,1,2.488341,0
2005-10-25,sh.600388,1.0352628000,1.0399685400,0.9929111400,0.9960483000,1.0336942200,1083650,6964703.0000,2,1.667154,1,-3.641885,0
2005-10-26,sh.600388,0.9913425600,0.9960483000,0.9615395400,0.9646767000,0.9960483000,964401,5993142.0000,2,1.483694,1,-3.149603,0
2005-10-27,sh.600388,0.9584023800,0.9944797200,0.9584023800,0.9944797200,0.9646767000,800054,4975740.0000,2,1.230852,1,3.089432,0
2005-10-28,sh.600388,0.9740881800,0.9850682400,0.8956591800,0.9003649200,0.9944797200,1247024,7357695.0000,2,1.918498,1,-9.463728,0
2005-10-31,sh.600388,0.9003649200,0.9144821400,0.8815419600,0.8925220200,0.9003649200,653900,3732505.0000,2,1.006000,1,-0.871075,0
2005-11-01,sh.600388,0.8925220200,0.8925220200,0.8376217200,0.8642875800,0.8925220200,683251,3744866.0000,2,1.051155,1,-3.163442,0
2005-11-02,sh.600388,0.8627190000,0.9160507200,0.8564446800,0.9066392400,0.8642875800,1153655,6602115.0000,2,1.774854,1,4.900181,0
2005-11-03,sh.600388,0.9097764000,0.9333051000,0.8972277600,0.9160507200,0.9066392400,834968,4861439.0000,2,1.284566,1,1.038061,0
2005-11-04,sh.600388,0.9333051000,0.9474223200,0.9207564600,0.9238936200,0.9160507200,1019766,6070741.0000,2,1.568871,1,0.856159,0
2005-11-07,sh.600388,0.9176193000,0.9285993600,0.9035020800,0.9270307800,0.9238936200,467745,2725055.0000,2,0.719608,1,0.339558,0
2005-11-08,sh.600388,0.9380108400,0.9615395400,0.9333051000,0.9521280600,0.9270307800,1075092,6495553.0000,2,1.653988,1,2.707281,0
2005-11-09,sh.600388,0.9536966400,0.9646767000,0.9395794200,0.9521280600,0.9521280600,918552,5578074.0000,2,1.413157,1,0.000000,0
2005-11-10,sh.600388,0.9521280600,0.9521280600,0.8940906000,0.8956591800,0.9521280600,724900,4232288.0000,2,1.115231,1,-5.930809,0
2005-11-11,sh.600388,0.8878162800,0.9850682400,0.8862477000,0.9850682400,0.8956591800,2261047,13976654.0000,2,3.478534,1,9.982490,0
2005-11-14,sh.600388,0.9850682400,1.0195770000,0.9693824400,0.9976168800,0.9850682400,3985492,25349542.0000,2,6.131526,1,1.273884,0
2005-11-15,sh.600388,0.9929111400,1.0023226200,0.9709510200,0.9787939200,0.9976168800,1548250,9712626.0000,2,2.381923,1,-1.886798,0
2005-11-16,sh.600388,0.9725196000,0.9944797200,0.9599709600,0.9929111400,0.9787939200,1453956,9110174.0000,2,2.236855,1,1.442310,0
2005-11-17,sh.600388,0.9976168800,1.0038912000,0.9662452800,0.9725196000,0.9929111400,828611,5182491.0000,2,1.274786,1,-2.053714,0
2005-11-18,sh.600388,0.9740881800,1.0117341000,0.9631081200,0.9960483000,0.9725196000,1785431,11281637.0000,2,2.746817,1,2.419356,0
2005-11-21,sh.600388,1.0070283600,1.0336942200,0.9882054000,1.0195770000,0.9960483000,2267368,14726617.0000,2,3.488258,1,2.362206,0
2005-11-22,sh.600388,1.0195770000,1.0603600800,1.0038912000,1.0038912000,1.0195770000,2786660,18308856.0000,2,4.287169,1,-1.538460,0
2005-11-23,sh.600388,1.0007540400,1.0509486000,0.9866368200,1.0446742800,1.0038912000,2936508,19272754.0000,2,4.517705,1,4.062496,0
2005-11-24,sh.600388,1.0446742800,1.0540857600,1.0305570600,1.0462428600,1.0446742800,1768855,11776416.0000,2,2.721315,1,0.150154,0
2005-11-25,sh.600388,1.0478114400,1.0556543400,1.0289884800,1.0462428600,1.0462428600,1232599,8188468.0000,2,1.896306,1,0.000000,0
2005-11-28,sh.600388,1.0446742800,1.0603600800,1.0227141600,1.0446742800,1.0462428600,1350239,8945599.0000,2,2.077291,1,-0.149928,0
2005-11-29,sh.600388,1.0446742800,1.0446742800,1.0070283600,1.0164398400,1.0446742800,942581,6152886.0000,2,1.450125,1,-2.702700,0
2005-11-30,sh.600388,1.0070283600,1.0133026800,0.9897739800,1.0101655200,1.0164398400,793617,5062562.0000,2,1.220949,1,-0.617283,0
2005-12-01,sh.600388,0.9960483000,1.0195770000,0.9944797200,0.9976168800,1.0101655200,471178,3016606.0000,2,0.724889,1,-1.242235,0
2005-12-02,sh.600388,0.9929111400,1.0054597800,0.9662452800,0.9678138600,0.9976168800,710700,4433924.0000,2,1.093385,1,-2.987422,0
2005-12-05,sh.600388,0.9678138600,0.9678138600,0.9678138600,0.9678138600,0.9678138600,0,0.0000,2,,0,0.000000,0
2005-12-06,sh.600388,0.9395794200,0.9615395400,0.9223250400,0.9489909000,0.9678138600,930830,5604501.0000,2,1.432046,1,-1.944893,0
2005-12-07,sh.600388,0.9489909000,0.9646767000,0.9427165800,0.9631081200,0.9489909000,234150,1424671.0000,2,0.360231,1,1.487598,0
2005-12-08,sh.600388,0.9599709600,0.9631081200,0.9333051000,0.9427165800,0.9631081200,404100,2438917.0000,2,0.621692,1,-2.117258,0
2005-12-09,sh.600388,0.9364422600,0.9819310800,0.9333051000,0.9740881800,0.9427165800,442230,2718827.0000,2,0.680354,1,3.327784,0
2005-12-12,sh.600388,0.9725196000,0.9850682400,0.9678138600,0.9803625000,0.9740881800,318690,1984784.0000,2,0.490292,1,0.644122,0
2005-12-13,sh.600388,0.9803625000,0.9850682400,0.9536966400,0.9850682400,0.9803625000,440866,2726158.0000,2,0.678255,1,0.480003,0
2005-12-14,sh.600388,0.9850682400,0.9960483000,0.9662452800,0.9882054000,0.9850682400,406301,2544947.0000,2,0.625078,1,0.318471,0
2005-12-15,sh.600388,0.9834996600,0.9960483000,0.9803625000,0.9897739800,0.9882054000,631522,3978802.0000,2,0.971572,1,0.158726,0
2005-12-16,sh.600388,0.9897739800,1.0164398400,0.9897739800,1.0117341000,0.9897739800,929735,5959876.0000,2,1.430362,1,2.218698,0
2005-12-19,sh.600388,1.0117341000,1.0133026800,0.9991854600,1.0038912000,1.0117341000,500299,3199046.0000,2,0.769691,1,-0.775189,0
2005-12-20,sh.600388,1.0007540400,1.0054597800,0.9882054000,1.0023226200,1.0038912000,594700,3770292.0000,2,0.914923,1,-0.156254,0
2005-12-21,sh.600388,0.9976168800,0.9976168800,0.9662452800,0.9693824400,1.0023226200,543369,3393401.0000,2,0.835952,1,-3.286386,0
2005-12-22,sh.600388,0.9646767000,0.9803625000,0.9646767000,0.9787939200,0.9693824400,239090,1484070.0000,2,0.367831,1,0.970873,0
2005-12-23,sh.600388,0.9756567600,0.9882054000,0.9693824400,0.9866368200,0.9787939200,312934,1959006.0000,2,0.481437,1,0.801285,0
2005-12-26,sh.600388,0.9866368200,1.0023226200,0.9866368200,1.0023226200,0.9866368200,622277,3948488.0000,2,0.957349,1,1.589824,0
2005-12-27,sh.600388,0.9991854600,1.0305570600,0.9976168800,1.0148712600,1.0023226200,864406,5584876.0000,2,1.329855,1,1.251955,0
2005-12-28,sh.600388,1.0195770000,1.0227141600,1.0038912000,1.0195770000,1.0148712600,385087,2491648.0000,2,0.592442,1,0.463682,0
2005-12-29,sh.600388,1.0195770000,1.0274199000,1.0117341000,1.0227141600,1.0195770000,850013,5540252.0000,2,1.307712,1,0.307692,0
2005-12-30,sh.600388,1.0242827400,1.0289884800,0.9929111400,0.9944797200,1.0227141600,541215,3489710.0000,2,0.832638,1,-2.760734,0
2006-01-04,sh.600388,0.9913425600,1.0933002600,0.9913425600,1.0682029800,0.9944797200,3292280,22443100.0000,2,5.065046,1,7.413246,0
2006-01-05,sh.600388,1.0682029800,1.0854573600,1.0587915000,1.0791830400,1.0682029800,1860173,12715886.0000,2,2.861805,1,1.027903,0
2006-01-06,sh.600388,1.0807516200,1.0995745800,1.0713401400,1.0838887800,1.0791830400,2231788,15469539.0000,2,3.433520,1,0.436043,0
2006-01-09,sh.600388,1.0838887800,1.1199661200,1.0697715600,1.1089860600,1.0838887800,2357235,16427963.0000,2,3.626515,1,2.315490,0
2006-01-10,sh.600388,1.1011431600,1.1074174800,1.0744773000,1.1011431600,1.1089860600,1205690,8397305.0000,2,1.854908,1,-0.707216,0
2006-01-11,sh.600388,1.1011431600,1.1152603800,1.0744773000,1.0823202000,1.1011431600,1643778,11412478.0000,2,2.528889,1,-1.709400,0
2006-01-12,sh.600388,1.0682029800,1.1136918000,1.0682029800,1.1074174800,1.0823202000,1927877,13454710.0000,2,2.965965,1,2.318838,0
2006-01-13,sh.600388,1.1074174800,1.1387890800,1.0917316800,1.1278090200,1.1074174800,2350537,16780316.0000,2,3.616211,1,1.841361,0
2006-01-16,sh.600388,1.1278090200,1.1372205000,1.0885945200,1.0933002600,1.1278090200,1193063,8485704.0000,2,1.835482,1,-3.059809,0
2006-01-17,sh.600388,1.0901631000,1.0917316800,1.0697715600,1.0744773000,1.0933002600,1116032,7662838.0000,2,1.716972,1,-1.721663,0
2006-01-18,sh.600388,1.0760458800,1.1215347000,1.0697715600,1.1089860600,1.0744773000,974704,6832030.0000,2,1.499545,1,3.211683,0
2006-01-19,sh.600388,1.1105546400,1.1387890800,1.0901631000,1.1387890800,1.1089860600,1861290,13270254.0000,2,2.863523,1,2.687412,0
2006-01-20,sh.600388,1.1372205000,1.1372205000,1.1011431600,1.1152603800,1.1387890800,1504145,10741634.0000,2,2.314069,1,-2.066117,0
2006-01-23,sh.600388,1.1136918000,1.1576120400,1.0838887800,1.1482005600,1.1152603800,1717014,12298228.0000,2,2.641560,1,2.953587,0
2006-01-24,sh.600388,1.1434948200,1.1921208000,1.1340833400,1.1685921000,1.1482005600,1913127,14220542.0000,2,2.943272,1,1.775951,0
2006-01-25,sh.600388,1.1591806200,1.1732978400,1.1215347000,1.1576120400,1.1685921000,1129243,8274118.0000,2,1.737297,1,-0.939593,0
2006-02-06,sh.600388,1.1576120400,1.1827093200,1.1497691400,1.1701606800,1.1576120400,943085,7001550.0000,2,1.450900,1,1.084010,0
2006-02-07,sh.600388,1.1701606800,1.1764350000,1.1215347000,1.1325147600,1.1701606800,1526255,11112577.0000,2,2.348085,1,-3.217161,0
2006-02-08,sh.600388,1.1325147600,1.1419262400,1.1168289600,1.1387890800,1.1325147600,875822,6321322.0000,2,1.347418,1,0.554023,0
2006-02-09,sh.600388,1.1356519200,1.1450634000,1.0870259400,1.0964374200,1.1387890800,1314400,9336753.0000,2,2.022154,1,-3.719014,0
2006-02-10,sh.600388,1.0980060000,1.1136918000,1.0917316800,1.0995745800,1.0964374200,1109101,7779483.0000,2,1.706309,1,0.286130,0
2006-02-13,sh.600388,1.0980060000,1.1183975400,1.0980060000,1.1105546400,1.0995745800,684782,4833896.0000,2,1.053511,1,0.998569,0
2006-02-14,sh.600388,1.1121232200,1.1278090200,1.0980060000,1.1121232200,1.1105546400,694127,4919308.0000,2,1.067888,1,0.141246,0
2006-02-15,sh.600388,1.1121232200,1.1121232200,1.1121232200,1.1121232200,1.1121232200,0,0.0000,2,,0,0.000000,0
2006-02-16,sh.600388,1.1215347000,1.1215347000,1.0540857600,1.0540857600,1.1121232200,1128305,7742806.0000,2,1.735854,1,-5.218623,0
2006-02-17,sh.600388,1.0509486000,1.0666344000,1.0446742800,1.0462428600,1.0540857600,718700,4837391.0000,2,1.105692,1,-0.744043,0
2006-02-20,sh.600388,1.0462428600,1.0493800200,1.0352628000,1.0383999600,1.0462428600,571648,3796304.0000,2,0.879458,1,-0.749628,0
2006-02-21,sh.600388,1.0321256400,1.0619286600,1.0227141600,1.0603600800,1.0383999600,597351,3961397.0000,2,0.919002,1,2.114809,0
2006-02-22,sh.600388,1.0587915000,1.0713401400,1.0493800200,1.0525171800,1.0603600800,484193,3273282.0000,2,0.744912,1,-0.739648,0
2006-02-23,sh.600388,1.0525171800,1.0634972400,1.0431057000,1.0525171800,1.0525171800,363439,2432447.0000,2,0.559137,1,0.000000,0
2006-02-24,sh.600388,1.0587915000,1.0854573600,1.0540857600,1.0838887800,1.0525171800,673194,4599642.0000,2,1.035683,1,2.980623,0
2006-02-27,sh.600388,1.0870259400,1.0901631000,1.0556543400,1.0666344000,1.0838887800,713029,4863676.0000,2,1.096968,1,-1.591891,0
2006-02-28,sh.600388,1.0603600800,1.0603600800,1.0289884800,1.0525171800,1.0666344000,801778,5309980.0000,2,1.233505,1,-1.323532,0
2006-03-01,sh.600388,1.0556543400,1.0682029800,1.0446742800,1.0666344000,1.0525171800,545737,3690273.0000,2,0.839595,1,1.341284,0
2006-03-02,sh.600388,1.0666344000,1.0901631000,1.0587915000,1.0587915000,1.0666344000,1113119,7620705.0000,2,1.712491,1,-0.735297,0
2006-03-03,sh.600388,1.0587915000,1.0713401400,1.0368313800,1.0619286600,1.0587915000,603190,4056470.0000,2,0.927985,1,0.296296,0
2006-03-06,sh.600388,1.0650658200,1.0776144600,1.0415371200,1.0744773000,1.0619286600,671128,4553493.0000,2,1.032505,1,1.181683,0
2006-03-07,sh.600388,1.0729087200,1.0744773000,1.0336942200,1.0383999600,1.0744773000,686718,4604041.0000,2,1.056489,1,-3.357665,0
2006-03-08,sh.600388,1.0289884800,1.0383999600,1.0038912000,1.0368313800,1.0383999600,883742,5759386.0000,2,1.359603,1,-0.151054,0
2006-03-09,sh.600388,1.0336942200,1.0525171800,1.0242827400,1.0509486000,1.0368313800,684995,4559225.0000,2,1.053838,1,1.361568,0
2006-03-10,sh.600388,1.0478114400,1.0509486000,1.0383999600,1.0478114400,1.0509486000,307710,2046655.0000,2,0.473400,1,-0.298507,0
2006-03-13,sh.600388,1.0321256400,1.0823202000,1.0305570600,1.0791830400,1.0478114400,855587,5805747.0000,2,1.316288,1,2.994016,0
2006-03-14,sh.600388,1.0791830400,1.1340833400,1.0760458800,1.1325147600,1.0791830400,3571310,25409173.0000,2,5.494323,1,4.941856,0
2006-03-15,sh.600388,1.1325147600,1.1466319800,1.1168289600,1.1325147600,1.1325147600,4828654,34966705.0000,2,7.428698,1,0.000000,0
2006-03-16,sh.600388,1.1325147600,1.1419262400,1.1199661200,1.1340833400,1.1325147600,883184,6360753.0000,2,1.358745,1,0.138507,0
2006-03-17,sh.600388,1.1325147600,1.1560434600,1.1246718600,1.1387890800,1.1340833400,1080425,7874076.0000,2,1.662192,1,0.414941,0
2006-03-20,sh.600388,1.1419262400,1.1450634000,1.1168289600,1.1403576600,1.1387890800,506551,3651574.0000,2,0.779309,1,0.137738,0
2006-03-21,sh.600388,1.1419262400,1.1419262400,1.1183975400,1.1215347000,1.1403576600,1043655,7500732.0000,2,1.605623,1,-1.650617,0
2006-03-22,sh.600388,1.1215347000,1.1544748800,1.1168289600,1.1450634000,1.1215347000,1323637,9625371.0000,2,2.036365,1,2.097903,0
2006-03-23,sh.600388,1.1450634000,1.1701606800,1.1262404400,1.1623177800,1.1450634000,1548898,11384650.0000,2,2.382920,1,1.506845,0
2006-03-24,sh.600388,1.1623177800,1.1623177800,1.1105546400,1.1231032800,1.1623177800,1316660,9525258.0000,2,2.025631,1,-3.373819,0
2006-03-27,sh.600388,1.1168289600,1.1434948200,1.0980060000,1.1325147600,1.1231032800,1386162,9902645.0000,2,2.132557,1,0.837988,0
2006-03-28,sh.600388,1.1278090200,1.1623177800,1.1215347000,1.1576120400,1.1325147600,2632522,19340551.0000,2,4.050034,1,2.216071,0
2006-03-29,sh.600388,1.1591806200,1.1638863600,1.1356519200,1.1513377200,1.1576120400,1385965,10160432.0000,2,2.132254,1,-0.542005,0
2006-03-30,sh.600388,1.1560434600,1.1576120400,1.1074174800,1.1136918000,1.1513377200,1595200,11408913.0000,2,2.454154,1,-3.269758,0
2006-03-31,sh.600388,1.1278090200,1.1325147600,1.1105546400,1.1293776000,1.1136918000,1052981,7541178.0000,2,1.619971,1,1.408449,0
2006-04-03,sh.600388,1.1293776000,1.1293776000,1.1293776000,1.1293776000,1.1293776000,0,0.0000,2,,0,0.000000,0
2006-04-04,sh.600388,1.1293776000,1.1293776000,1.1293776000,1.1293776000,1.1293776000,0,0.0000,2,,0,0.000000,0
2006-04-05,sh.600388,1.1293776000,1.1293776000,1.1293776000,1.1293776000,1.1293776000,0,0.0000,2,,0,0.000000,0
2006-04-06,sh.600388,1.1293776000,1.1293776000,1.1293776000,1.1293776000,1.1293776000,0,0.0000,2,,0,0.000000,0
2006-04-07,sh.600388,1.1293776000,1.1293776000,1.1293776000,1.1293776000,1.1293776000,0,0.0000,2,,0,0.000000,0
2006-04-10,sh.600388,1.1293776000,1.1293776000,1.1293776000,1.1293776000,1.1293776000,0,0.0000,2,,0,0.000000,0
2006-04-11,sh.600388,1.1293776000,1.1293776000,1.1293776000,1.1293776000,1.1293776000,0,0.0000,2,,0,0.000000,0
2006-04-12,sh.600388,1.1293776000,1.1293776000,1.1293776000,1.1293776000,1.1293776000,0,0.0000,2,,0,0.000000,0
2006-04-13,sh.600388,1.1293776000,1.1293776000,1.1293776000,1.1293776000,1.1293776000,0,0.0000,2,,0,0.000000,0
2006-04-14,sh.600388,1.1293776000,1.1293776000,1.1293776000,1.1293776000,1.1293776000,0,0.0000,2,,0,0.000000,0
2006-04-17,sh.600388,1.2423153600,1.2423153600,1.1764350000,1.2297667200,1.1293776000,5120232,39957730.0000,2,7.877280,1,8.888893,0
2006-04-18,sh.600388,1.2203552400,1.2470211000,1.1889836400,1.2454525200,1.2297667200,2702929,20961479.0000,2,4.158352,1,1.275509,0
2006-04-19,sh.600388,1.2470211000,1.2517268400,1.1889836400,1.2203552400,1.2454525200,4488071,34912042.0000,2,6.904725,1,-2.015111,0
2006-04-20,sh.600388,1.2203552400,1.2203552400,1.2203552400,1.2203552400,1.2203552400,0,0.0000,2,,0,0.000000,0
2006-04-21,sh.600388,1.2203552400,1.2203552400,1.2203552400,1.2203552400,1.2203552400,0,0.0000,2,,0,0.000000,0
2006-04-24,sh.600388,1.2203552400,1.2203552400,1.2203552400,1.2203552400,1.2203552400,0,0.0000,2,,0,0.000000,0
2006-04-25,sh.600388,1.2203552400,1.2203552400,1.2203552400,1.2203552400,1.2203552400,0,0.0000,2,,0,0.000000,0
2006-04-26,sh.600388,1.2203552400,1.2203552400,1.2203552400,1.2203552400,1.2203552400,0,0.0000,2,,0,0.000000,0
2006-04-27,sh.600388,1.2203552400,1.2203552400,1.2203552400,1.2203552400,1.2203552400,0,0.0000,2,,0,0.000000,0
2006-04-28,sh.600388,1.2203552400,1.2203552400,1.2203552400,1.2203552400,1.2203552400,0,0.0000,2,,0,0.000000,0
2006-05-08,sh.600388,1.2203552400,1.2203552400,1.2203552400,1.2203552400,1.2203552400,0,0.0000,2,,0,0.000000,0
2006-05-09,sh.600388,1.2203552400,1.2203552400,1.2203552400,1.2203552400,1.2203552400,0,0.0000,2,,0,0.000000,0
2006-05-10,sh.600388,1.2203552400,1.2203552400,1.2203552400,1.2203552400,1.2203552400,0,0.0000,2,,0,0.000000,0
2006-05-11,sh.600388,1.2203552400,1.2203552400,1.2203552400,1.2203552400,1.2203552400,0,0.0000,2,,0,0.000000,0
2006-05-12,sh.600388,1.2203552400,1.2203552400,1.2203552400,1.2203552400,1.2203552400,0,0.0000,2,,0,0.000000,0
2006-05-15,sh.600388,1.1748664200,1.2360410400,1.0509486000,1.1936893800,1.2203552400,14811982,106436958.0000,2,17.802863,1,-2.185091,0
2006-05-16,sh.600388,1.1764350000,1.1795721600,1.0744773000,1.0791830400,1.1936893800,6393331,46013461.0000,2,7.684292,1,-9.592641,0
2006-05-17,sh.600388,1.0823202000,1.1121232200,1.0634972400,1.0964374200,1.0791830400,3008877,20858905.0000,2,3.616439,1,1.598832,0
2006-05-18,sh.600388,1.0744773000,1.0964374200,1.0509486000,1.0901631000,1.0964374200,2252636,15422090.0000,2,2.707495,1,-0.572245,0
2006-05-19,sh.600388,1.0838887800,1.1278090200,1.0713401400,1.1199661200,1.0901631000,2978389,21075415.0000,2,3.579794,1,2.733814,0
2006-05-22,sh.600388,1.1183975400,1.1717292600,1.1027117400,1.1544748800,1.1199661200,4091016,29853625.0000,2,4.917087,1,3.081236,0
2006-05-23,sh.600388,1.1450634000,1.1450634000,1.0744773000,1.0760458800,1.1544748800,2553460,17951483.0000,2,3.069062,1,-6.793478,0
2006-05-24,sh.600388,1.0666344000,1.0964374200,1.0038912000,1.0227141600,1.0760458800,2620002,17479770.0000,2,3.149041,1,-4.956270,0
2006-05-25,sh.600388,1.0274199000,1.0556543400,1.0195770000,1.0415371200,1.0227141600,1052705,6924213.0000,2,1.265270,1,1.840489,0
2006-05-26,sh.600388,1.0383999600,1.0587915000,1.0383999600,1.0540857600,1.0415371200,1163796,7802016.0000,2,1.398793,1,1.204818,0
2006-05-29,sh.600388,1.0634972400,1.0791830400,1.0540857600,1.0791830400,1.0540857600,1391262,9480859.0000,2,1.672190,1,2.380957,0
2006-05-30,sh.600388,1.0791830400,1.0917316800,1.0540857600,1.0776144600,1.0791830400,1628528,11138335.0000,2,1.957365,1,-0.145352,0
2006-05-31,sh.600388,1.0760458800,1.0980060000,1.0650658200,1.0885945200,1.0776144600,2486022,17120925.0000,2,2.988007,1,1.018925,0
2006-06-01,sh.600388,1.0838887800,1.1403576600,1.0823202000,1.1309461800,1.0885945200,3425245,24293995.0000,2,4.116881,1,3.890490,0
2006-06-02,sh.600388,1.1262404400,1.1576120400,1.0964374200,1.1356519200,1.1309461800,3474182,24924459.0000,2,4.175700,1,0.416085,0
2006-06-05,sh.600388,1.1356519200,1.1450634000,1.1105546400,1.1450634000,1.1356519200,2097651,15111721.0000,2,2.521215,1,0.828735,0
2006-06-06,sh.600388,1.1450634000,1.1529063000,1.0980060000,1.1074174800,1.1450634000,2167539,15535510.0000,2,2.605215,1,-3.287674,0
2006-06-07,sh.600388,1.1074174800,1.1074174800,1.0133026800,1.0211455800,1.1074174800,2437991,16314673.0000,2,2.930278,1,-7.790364,0
2006-06-08,sh.600388,1.0180084200,1.0180084200,0.9803625000,1.0117341000,1.0211455800,1282990,8212842.0000,2,1.542055,1,-0.921665,0
2006-06-09,sh.600388,1.0117341000,1.0258513200,0.9725196000,0.9740881800,1.0117341000,1309235,8346320.0000,2,1.573600,1,-3.720927,0
2006-06-12,sh.600388,0.9568338000,0.9882054000,0.9489909000,0.9772253400,0.9740881800,727085,4499396.0000,2,0.873900,1,0.322061,0
2006-06-13,sh.600388,0.9756567600,1.0054597800,0.9740881800,0.9866368200,0.9772253400,658929,4152957.0000,2,0.791982,1,0.963081,0
2006-06-14,sh.600388,0.9866368200,0.9866368200,0.9599709600,0.9803625000,0.9866368200,559438,3473346.0000,2,0.672401,1,-0.635930,0
2006-06-15,sh.600388,0.9866368200,0.9991854600,0.9678138600,0.9756567600,0.9803625000,495598,3099221.0000,2,0.595671,1,-0.480003,0
2006-06-16,sh.600388,0.9897739800,1.0038912000,0.9819310800,1.0038912000,0.9756567600,802818,5091226.0000,2,0.964925,1,2.893896,0
2006-06-19,sh.600388,0.9960483000,1.0289884800,0.9756567600,1.0211455800,1.0038912000,1383702,8902111.0000,2,1.663103,1,1.718752,0
2006-06-20,sh.600388,1.0336942200,1.0399685400,1.0117341000,1.0368313800,1.0211455800,1435436,9394357.0000,2,1.725284,1,1.536097,0
2006-06-21,sh.600388,1.0399685400,1.0666344000,1.0352628000,1.0415371200,1.0368313800,2694788,18044370.0000,2,3.238928,1,0.453854,0
2006-06-22,sh.600388,1.0164398400,1.0399685400,1.0054597800,1.0227141600,1.0415371200,977078,6347942.0000,2,1.174373,1,-1.807227,0
2006-06-23,sh.600388,1.0085969400,1.0415371200,1.0085969400,1.0336942200,1.0227141600,686988,4504930.0000,2,0.825707,1,1.073622,0
2006-06-26,sh.600388,1.0383999600,1.0713401400,1.0336942200,1.0587915000,1.0336942200,1490943,10057627.0000,2,1.791999,1,2.427919,0
2006-06-27,sh.600388,1.0587915000,1.0697715600,1.0431057000,1.0619286600,1.0587915000,1020769,6840653.0000,2,1.226886,1,0.296296,0
2006-06-28,sh.600388,1.0634972400,1.0697715600,1.0431057000,1.0462428600,1.0619286600,800236,5379217.0000,2,0.961822,1,-1.477103,0
2006-06-29,sh.600388,1.0462428600,1.0462428600,1.0462428600,1.0462428600,1.0462428600,0,0.0000,2,,0,0.000000,0
2006-06-30,sh.600388,1.0666344000,1.0901631000,1.0587915000,1.0666344000,1.0462428600,1652418,11247371.0000,2,1.986079,1,1.949027,0
2006-07-03,sh.600388,1.0697715600,1.0854573600,1.0525171800,1.0807516200,1.0666344000,1549427,10597068.0000,2,1.862292,1,1.323525,0
2006-07-04,sh.600388,1.0791830400,1.0823202000,1.0540857600,1.0634972400,1.0807516200,1425851,9719659.0000,2,1.713763,1,-1.596512,0
2006-07-05,sh.600388,1.0650658200,1.0650658200,1.0383999600,1.0415371200,1.0634972400,1180092,7868124.0000,2,1.418380,1,-2.064902,0
2006-07-06,sh.600388,1.0415371200,1.0901631000,1.0383999600,1.0791830400,1.0415371200,1450271,9958095.0000,2,1.743114,1,3.614462,0
2006-07-07,sh.600388,1.0791830400,1.0885945200,1.0697715600,1.0838887800,1.0791830400,1432499,9851723.0000,2,1.721754,1,0.436043,0
2006-07-10,sh.600388,1.0823202000,1.1121232200,1.0587915000,1.1042803200,1.0838887800,1600943,11099834.0000,2,1.924210,1,1.881333,0
2006-07-11,sh.600388,1.1042803200,1.1168289600,1.0854573600,1.0980060000,1.1042803200,1234001,8640849.0000,2,1.483174,1,-0.568181,0
2006-07-12,sh.600388,1.0948688400,1.1246718600,1.0933002600,1.1042803200,1.0980060000,2064696,14603045.0000,2,2.481606,1,0.571428,0
2006-07-13,sh.600388,1.0980060000,1.0980060000,1.0038912000,1.0038912000,1.1042803200,2440037,16274354.0000,2,2.932737,1,-9.090907,0
2006-07-14,sh.600388,0.9960483000,1.0227141600,0.9913425600,1.0054597800,1.0038912000,1039679,6691801.0000,2,1.249614,1,0.156246,0
2006-07-17,sh.600388,1.0070283600,1.0274199000,0.9991854600,1.0211455800,1.0054597800,636670,4128942.0000,2,0.765228,1,1.560068,0
2006-07-18,sh.600388,1.0211455800,1.0227141600,1.0038912000,1.0195770000,1.0211455800,800627,5161119.0000,2,0.962292,1,-0.153613,0
2006-07-19,sh.600388,1.0117341000,1.0525171800,1.0070283600,1.0478114400,1.0195770000,1426031,9383793.0000,2,1.713980,1,2.769228,0
2006-07-20,sh.600388,1.0431057000,1.0603600800,1.0289884800,1.0462428600,1.0478114400,720806,4798809.0000,2,0.866353,1,-0.149697,0
2006-07-21,sh.600388,1.0383999600,1.0478114400,1.0368313800,1.0431057000,1.0462428600,501452,3332822.0000,2,0.602707,1,-0.299850,0
2006-07-24,sh.600388,1.0195770000,1.0336942200,1.0038912000,1.0289884800,1.0431057000,558940,3614646.0000,2,0.671803,1,-1.353386,0
2006-07-25,sh.600388,1.0227141600,1.0509486000,1.0227141600,1.0462428600,1.0289884800,776954,5154984.0000,2,0.933839,1,1.676831,0
2006-07-26,sh.600388,1.0462428600,1.0760458800,1.0383999600,1.0634972400,1.0462428600,1413288,9561777.0000,2,1.698663,1,1.649177,0
2006-07-27,sh.600388,1.0587915000,1.1199661200,1.0493800200,1.1074174800,1.0634972400,2869367,19929911.0000,2,3.448758,1,4.129789,0
2006-07-28,sh.600388,1.1027117400,1.1419262400,1.0854573600,1.1278090200,1.1074174800,4919917,35030028.0000,2,5.913362,1,1.841361,0
2006-07-31,sh.600388,1.1325147600,1.1482005600,1.0682029800,1.1372205000,1.1278090200,5247569,37468603.0000,2,6.307174,1,0.834492,0
2006-08-01,sh.600388,1.1089860600,1.1623177800,1.1089860600,1.1168289600,1.1372205000,3724819,26992065.0000,2,4.476946,1,-1.793105,0
2006-08-02,sh.600388,1.1183975400,1.1529063000,1.0823202000,1.1466319800,1.1168289600,2843428,20104309.0000,2,3.417582,1,2.668540,0
2006-08-03,sh.600388,1.1576120400,1.2078066000,1.1466319800,1.1905522200,1.1466319800,6985758,52662994.0000,2,8.396344,1,3.830372,0
2006-08-04,sh.600388,1.1985450000,1.2097314200,1.1362206600,1.1490051400,1.1905547000,5085380,37407247.0000,2,6.112236,1,-3.489930,0
2006-08-07,sh.600388,1.1394167800,1.1985450000,1.1106517000,1.1889566400,1.1490051400,3405748,24829813.0000,2,4.093447,1,3.477051,0
2006-08-08,sh.600388,1.1873585800,1.3072130800,1.1825644000,1.2848402400,1.1889566400,11276224,90295732.0000,2,13.553154,1,8.064515,0
2006-08-09,sh.600388,1.2592712800,1.2976247200,1.2368984400,1.2768499400,1.2848402400,6222746,49188672.0000,2,7.479262,1,-0.621893,0
2006-08-10,sh.600388,1.2752518800,1.2816441200,1.2337023200,1.2704577000,1.2768499400,3791355,29914079.0000,2,4.556917,1,-0.500625,0
2006-08-11,sh.600388,1.2656635200,1.3455665200,1.2640654600,1.2688596400,1.2704577000,6255828,51082102.0000,2,7.519024,1,-0.125783,0
2006-08-14,sh.600388,1.2512809800,1.2576732200,1.1681818600,1.1921527600,1.2688596400,4735072,36022638.0000,2,5.691192,1,-6.045341,0
2006-08-15,sh.600388,1.1921527600,1.2241139600,1.1745741000,1.2209178400,1.1921527600,2583202,19382691.0000,2,3.104810,1,2.412866,0
2006-08-16,sh.600388,1.2161236600,1.2544771000,1.1953488800,1.2353003800,1.2209178400,2760233,21211865.0000,2,3.317588,1,1.178012,0
2006-08-17,sh.600388,1.2289081400,1.2321042600,1.1825644000,1.2097314200,1.2353003800,1835181,13798760.0000,2,2.205746,1,-2.069856,0
2006-08-18,sh.600388,1.2081333600,1.2289081400,1.1873585800,1.1889566400,1.2097314200,1391434,10498890.0000,2,1.672397,1,-1.717307,0
2006-08-21,sh.600388,1.1202400600,1.1985450000,1.1170439400,1.1873585800,1.1889566400,1875736,13593589.0000,2,2.254490,1,-0.134412,0
2006-08-22,sh.600388,1.1985450000,1.2416926200,1.1985450000,1.2033391800,1.1873585800,2774425,21237711.0000,2,3.334645,1,1.345900,0
2006-08-23,sh.600388,1.2049372400,1.2289081400,1.1905547000,1.2033391800,1.2033391800,2009688,15191461.0000,2,2.415490,1,0.000000,0
2006-08-24,sh.600388,1.1921527600,1.2704577000,1.1873585800,1.2672615800,1.2033391800,3174760,24471075.0000,2,3.815817,1,5.312080,0
2006-08-25,sh.600388,1.2704577000,1.2784480000,1.2464868000,1.2576732200,1.2672615800,2404905,19006119.0000,2,2.890511,1,-0.756620,0
2006-08-28,sh.600388,1.2592712800,1.3199975600,1.2592712800,1.3104092000,1.2576732200,4250927,34603440.0000,2,5.109287,1,4.193138,0
2006-08-29,sh.600388,1.3120072600,1.3199975600,1.2816441200,1.2896344200,1.3104092000,3189112,25962801.0000,2,3.833067,1,-1.585367,0
2006-08-30,sh.600388,1.2800460600,1.2944286000,1.2480848600,1.2880363600,1.2896344200,2519543,20103578.0000,2,3.028297,1,-0.123907,0
2006-08-31,sh.600388,1.2912324800,1.3503607000,1.2544771000,1.3391742800,1.2880363600,3698700,30355815.0000,2,4.445553,1,3.970219,0
2006-09-01,sh.600388,1.3391742800,1.3887141400,1.2992227800,1.3024189000,1.3391742800,6579116,55578725.0000,2,7.907591,1,-2.744636,0
2006-09-04,sh.600388,1.3104092000,1.3487626400,1.2864383000,1.3375762200,1.3024189000,3799062,31401843.0000,2,4.566180,1,2.699390,0
2006-09-05,sh.600388,1.3311839800,1.3423704000,1.2960266600,1.3072130800,1.3375762200,2727569,22477650.0000,2,3.278328,1,-2.270007,0
2006-09-06,sh.600388,1.3152033800,1.3183995000,1.2672615800,1.2864383000,1.3072130800,3318593,26693689.0000,2,3.988694,1,-1.589244,0
2006-09-07,sh.600388,1.2816441200,1.3551548800,1.2752518800,1.3247917400,1.2864383000,4573666,37692846.0000,2,5.497195,1,2.981364,0
2006-09-08,sh.600388,1.3199975600,1.3375762200,1.2976247200,1.3104092000,1.3247917400,2130482,17549305.0000,2,2.560675,1,-1.085647,0
2006-09-11,sh.600388,1.3040169600,1.3199975600,1.2624674000,1.2880363600,1.3104092000,2188278,17579451.0000,2,2.630142,1,-1.707310,0
2006-09-12,sh.600388,1.2864383000,1.3056150200,1.2752518800,1.3040169600,1.2880363600,1881252,15218019.0000,2,2.261120,1,1.240688,0
2006-09-13,sh.600388,1.2944286000,1.2992227800,1.2640654600,1.2704577000,1.3040169600,1786008,14341370.0000,2,2.146644,1,-2.573530,0
2006-09-14,sh.600388,1.2688596400,1.2752518800,1.2161236600,1.2273100800,1.2704577000,2940511,22728985.0000,2,3.534268,1,-3.396226,0
2006-09-15,sh.600388,1.2241139600,1.2512809800,1.2145256000,1.2400945600,1.2273100800,1897183,14706343.0000,2,2.280268,1,1.041672,0
2006-09-18,sh.600388,1.2400945600,1.2576732200,1.2273100800,1.2528790400,1.2400945600,1514453,11784980.0000,2,1.820256,1,1.030927,0
2006-09-19,sh.600388,1.2592712800,1.3263898000,1.2464868000,1.2976247200,1.2528790400,3299984,26556649.0000,2,3.966327,1,3.571425,0
2006-09-20,sh.600388,1.2912324800,1.3072130800,1.2624674000,1.2848402400,1.2976247200,1567542,12550592.0000,2,1.884065,1,-0.985221,0
2006-09-21,sh.600388,1.2784480000,1.2928305400,1.2464868000,1.2768499400,1.2848402400,1199970,9590904.0000,2,1.442272,1,-0.621893,0
2006-09-22,sh.600388,1.2768499400,1.2880363600,1.2400945600,1.2432906800,1.2768499400,1219984,9593726.0000,2,1.466327,1,-2.628280,0
2006-09-25,sh.600388,1.2416926200,1.2544771000,1.2113294800,1.2161236600,1.2432906800,1534249,11757173.0000,2,1.844049,1,-2.185091,0
2006-09-26,sh.600388,1.2225159000,1.2432906800,1.2113294800,1.2209178400,1.2161236600,1189893,9145099.0000,2,1.430160,1,0.394215,0
2006-09-27,sh.600388,1.2241139600,1.2416926200,1.2225159000,1.2384965000,1.2209178400,741970,5712010.0000,2,0.891791,1,1.439792,0
2006-09-28,sh.600388,1.2384965000,1.2544771000,1.2273100800,1.2432906800,1.2384965000,1090092,8472600.0000,2,1.310207,1,0.387099,0
2006-09-29,sh.600388,1.2528790400,1.2624674000,1.2432906800,1.2528790400,1.2432906800,1075345,8431509.0000,2,1.292482,1,0.771208,0
2006-10-09,sh.600388,1.2656635200,1.3040169600,1.2624674000,1.2800460600,1.2528790400,2273058,18263682.0000,2,2.732041,1,2.168368,0
2006-10-10,sh.600388,1.2784480000,1.2880363600,1.2656635200,1.2672615800,1.2800460600,1460329,11639806.0000,2,1.755203,1,-0.998757,0
2006-10-11,sh.600388,1.2672615800,1.3040169600,1.2576732200,1.3008208400,1.2672615800,1680486,13461950.0000,2,2.019815,1,2.648178,0
2006-10-12,sh.600388,1.3088111400,1.3343801000,1.2800460600,1.2832421800,1.3008208400,3696201,30427820.0000,2,4.442549,1,-1.351359,0
2006-10-13,sh.600388,1.2768499400,1.2832421800,1.2448887400,1.2704577000,1.2832421800,1831528,14464399.0000,2,2.201356,1,-0.996263,0
2006-10-16,sh.600388,1.2688596400,1.2784480000,1.2544771000,1.2560751600,1.2704577000,772700,6115424.0000,2,0.928726,1,-1.132071,0
2006-10-17,sh.600388,1.2560751600,1.2736538200,1.2464868000,1.2672615800,1.2560751600,1020334,8055790.0000,2,1.226363,1,0.890581,0
2006-10-18,sh.600388,1.2672615800,1.2880363600,1.2512809800,1.2864383000,1.2672615800,888956,7060184.0000,2,1.068457,1,1.513245,0
2006-10-19,sh.600388,1.2864383000,1.3183995000,1.2720557600,1.2992227800,1.2864383000,2258158,18379245.0000,2,2.714132,1,0.993788,0
2006-10-20,sh.600388,1.2864383000,1.3088111400,1.2624674000,1.2784480000,1.2992227800,1126602,9025793.0000,2,1.354089,1,-1.599017,0
2006-10-23,sh.600388,1.2720557600,1.3951063800,1.2704577000,1.3503607000,1.2784480000,7270831,60707434.0000,2,8.738980,1,5.624998,0
2006-10-24,sh.600388,1.3439684600,1.4302637000,1.3311839800,1.4254695200,1.3503607000,8371046,72859214.0000,2,10.061353,1,5.562133,0
2006-10-25,sh.600388,1.4190772800,1.4510384800,1.3919102600,1.4318617600,1.4254695200,4647583,41203087.0000,2,5.586037,1,0.448430,0
2006-10-26,sh.600388,1.4318617600,1.4526365400,1.3743316000,1.3983025000,1.4318617600,2940120,25882331.0000,2,3.533798,1,-2.343750,0
2006-10-27,sh.600388,1.3871160800,1.4829996800,1.3871160800,1.4414501200,1.3983025000,5073675,45539369.0000,2,6.098167,1,3.085720,0
2006-10-30,sh.600388,1.4382540000,1.4702152000,1.4094889200,1.4190772800,1.4414501200,3070417,27598184.0000,2,3.690405,1,-1.552110,0
2006-10-31,sh.600388,1.4158811600,1.4462443000,1.3775277200,1.4142831000,1.4190772800,2395770,21216477.0000,2,2.879531,1,-0.337835,0
2006-11-01,sh.600388,1.4158811600,1.4909899800,1.3983025000,1.4861958000,1.4142831000,3844870,35290092.0000,2,4.621238,1,5.084743,0
2006-11-02,sh.600388,1.4782055000,1.4798035600,1.4142831000,1.4382540000,1.4861958000,3296917,29713218.0000,2,3.962641,1,-3.225809,0
2006-11-03,sh.600388,1.4382540000,1.4622249000,1.4142831000,1.4574307200,1.4382540000,2635797,23724869.0000,2,3.168025,1,1.333332,0
2006-11-06,sh.600388,1.4254695200,1.4510384800,1.4062928000,1.4126850400,1.4574307200,2136861,19020721.0000,2,2.568343,1,-3.070173,0
2006-11-07,sh.600388,1.4094889200,1.4222734000,1.3743316000,1.3967044400,1.4126850400,1985528,17261811.0000,2,2.386452,1,-1.131226,0
2006-11-08,sh.600388,1.3935083200,1.4174792200,1.3807238400,1.3951063800,1.3967044400,974160,8510361.0000,2,1.170865,1,-0.114419,0
2006-11-09,sh.600388,1.3807238400,1.4270675800,1.3743316000,1.4126850400,1.3951063800,1033949,9131378.0000,2,1.242727,1,1.260030,0
2006-11-10,sh.600388,1.4126850400,1.4302637000,1.3295859200,1.3407723400,1.4126850400,2425982,20745630.0000,2,2.915844,1,-5.090496,0
2006-11-13,sh.600388,1.3391742800,1.3551548800,1.2592712800,1.2672615800,1.3407723400,2361620,19179880.0000,2,2.838486,1,-5.482724,0
2006-11-14,sh.600388,1.2672615800,1.3024189000,1.2496829200,1.2992227800,1.2672615800,1306113,10411594.0000,2,1.569847,1,2.522072,0
2006-11-15,sh.600388,1.2928305400,1.3231936800,1.2704577000,1.3199975600,1.2992227800,1305437,10631358.0000,2,1.569035,1,1.599017,0
2006-11-16,sh.600388,1.3183995000,1.3183995000,1.2672615800,1.2752518800,1.3199975600,1924771,15558055.0000,2,2.313427,1,-3.389833,0
2006-11-17,sh.600388,1.2624674000,1.2784480000,1.2480848600,1.2656635200,1.2752518800,1563870,12364542.0000,2,1.879651,1,-0.751879,0
2006-11-20,sh.600388,1.2672615800,1.3247917400,1.2592712800,1.3104092000,1.2656635200,1893658,15308303.0000,2,2.276031,1,3.535350,0
2006-11-21,sh.600388,1.3104092000,1.3407723400,1.2880363600,1.3311839800,1.3104092000,1622540,13366280.0000,2,1.950168,1,1.585367,0
2006-11-22,sh.600388,1.3343801000,1.3519587600,1.3152033800,1.3231936800,1.3311839800,1600247,13382879.0000,2,1.923374,1,-0.600242,0
2006-11-23,sh.600388,1.3231936800,1.3695374200,1.3152033800,1.3407723400,1.3231936800,1520333,12776484.0000,2,1.827323,1,1.328510,0
2006-11-24,sh.600388,1.3423704000,1.3471645800,1.3104092000,1.3343801000,1.3407723400,1746491,14490638.0000,2,2.099148,1,-0.476758,0
2006-11-27,sh.600388,1.3311839800,1.3855180200,1.3183995000,1.3791257800,1.3343801000,2476128,20905249.0000,2,2.976115,1,3.353290,0
2006-11-28,sh.600388,1.3807238400,1.4062928000,1.3647432400,1.3903122000,1.3791257800,1978271,17142928.0000,2,2.377730,1,0.811120,0
2006-11-29,sh.600388,1.3903122000,1.4206753400,1.3551548800,1.4174792200,1.3903122000,2405581,21028314.0000,2,2.891323,1,1.954024,0
2006-11-30,sh.600388,1.4222734000,1.4270675800,1.4014986200,1.4190772800,1.4174792200,2348117,20796699.0000,2,2.822256,1,0.112742,0
2006-12-01,sh.600388,1.4238714600,1.4334598200,1.4030966800,1.4174792200,1.4190772800,2502452,22133456.0000,2,3.007755,1,-0.112615,0
2006-12-04,sh.600388,1.4142831000,1.4542346000,1.4078908600,1.4206753400,1.4174792200,2530368,22672497.0000,2,3.041308,1,0.225484,0
2006-12-05,sh.600388,1.4254695200,1.4638229600,1.4110869800,1.4494404200,1.4206753400,2697508,24314908.0000,2,3.242197,1,2.024740,0
2006-12-06,sh.600388,1.4398520600,1.4494404200,1.3551548800,1.3839199600,1.4494404200,3155557,27487382.0000,2,3.792737,1,-4.520395,0
2006-12-07,sh.600388,1.3839199600,1.4158811600,1.3663413000,1.3679393600,1.3839199600,1948672,16985015.0000,2,2.342154,1,-1.154728,0
2006-12-08,sh.600388,1.3743316000,1.4670190800,1.3679393600,1.4062928000,1.3679393600,4637187,41316228.0000,2,5.573542,1,2.803735,0
2006-12-11,sh.600388,1.4222734000,1.5421279000,1.4190772800,1.5261473000,1.4062928000,6685818,62903354.0000,2,8.035839,1,8.522727,0
2006-12-12,sh.600388,1.5261473000,1.5261473000,1.5261473000,1.5261473000,1.5261473000,0,0.0000,2,,0,0.000000,0
2006-12-13,sh.600388,1.6779630000,1.6795610600,1.5581085000,1.5820794000,1.5261473000,8521377,85982855.0000,2,10.242040,1,3.664915,0
2006-12-14,sh.600388,1.5900697000,1.6220309000,1.5421279000,1.5980600000,1.5820794000,4202958,41571342.0000,2,5.051632,1,1.010105,0
2006-12-15,sh.600388,1.6140406000,1.7434834600,1.5852755200,1.7338951000,1.5980600000,7260111,76575890.0000,2,8.726095,1,8.500004,0
2006-12-18,sh.600388,1.7594640600,1.7818369000,1.7195125600,1.7370912200,1.7338951000,4952240,54155030.0000,2,5.952212,1,0.184327,0
2006-12-19,sh.600388,1.7275028600,1.8153961600,1.6795610600,1.8137981000,1.7370912200,4892431,53015489.0000,2,5.880326,1,4.415828,0
2006-12-20,sh.600388,1.8010136200,1.8026116800,1.7514737600,1.7642582400,1.8137981000,3480498,38576327.0000,2,4.183291,1,-2.731281,0
2006-12-21,sh.600388,1.7722485400,1.7770427200,1.6827571800,1.6907474800,1.7642582400,3402818,36869889.0000,2,4.089925,1,-4.166667,0
2006-12-22,sh.600388,1.6779630000,1.7386892800,1.6619824000,1.7179145000,1.6907474800,2944784,31334505.0000,2,3.539404,1,1.606806,0
2006-12-25,sh.600388,1.7035319600,1.7530718200,1.6907474800,1.7243067400,1.7179145000,2395424,25892764.0000,2,2.879115,1,0.372093,0
2006-12-26,sh.600388,1.7227086800,1.7370912200,1.6507959800,1.6635804600,1.7243067400,1849698,19449478.0000,2,2.223195,1,-3.521781,0
2006-12-27,sh.600388,1.6635804600,1.7354931600,1.6539921000,1.7147183800,1.6635804600,1881365,19860841.0000,2,2.261256,1,3.073964,0
2006-12-28,sh.600388,1.7259048000,1.7259048000,1.6635804600,1.6795610600,1.7147183800,1486432,15689403.0000,2,1.786577,1,-2.050320,0
2006-12-29,sh.600388,1.6907474800,1.7514737600,1.6907474800,1.7306989800,1.6795610600,2619937,28236494.0000,2,3.148963,1,3.044716,0
2007-01-04,sh.600388,1.7482776400,1.7786407800,1.7099242000,1.7115222600,1.7306989800,2905247,31713385.0000,2,3.491883,1,-1.108032,0
2007-01-05,sh.600388,1.7051300200,1.8329748200,1.6907474800,1.8297787000,1.7115222600,3380062,37464557.0000,2,4.062575,1,6.909429,0
2007-01-08,sh.600388,1.8313767600,1.9320545400,1.8153961600,1.8921030400,1.8297787000,4067337,47901914.0000,2,4.888626,1,3.406117,0
2007-01-09,sh.600388,1.9080836400,1.9272603600,1.8745243800,1.9160739400,1.8921030400,2362430,28037858.0000,2,2.839459,1,1.266889,0
2007-01-10,sh.600388,1.9240642400,1.9240642400,1.8569457200,1.9000933400,1.9160739400,2758096,32570153.0000,2,3.315019,1,-0.834024,0
2007-01-11,sh.600388,1.9256623000,2.0055653000,1.8921030400,1.8968972200,1.9000933400,3943088,48240093.0000,2,4.739288,1,-0.168212,0
2007-01-12,sh.600388,1.8905049800,1.8937011000,1.7706504800,1.7738466000,1.8968972200,4284425,49214972.0000,2,5.149549,1,-6.486938,0
2007-01-15,sh.600388,1.7738466000,1.8777205000,1.7738466000,1.8761224400,1.7738466000,2991512,34298558.0000,2,3.595567,1,5.765760,0
2007-01-16,sh.600388,1.8697302000,1.9624176800,1.8409651200,1.9432409600,1.8761224400,3951978,46632853.0000,2,4.749974,1,3.577514,0
2007-01-17,sh.600388,1.9592215600,2.0135556000,1.8505534800,1.8825146800,1.9432409600,4548419,55304943.0000,2,5.466850,1,-3.125001,0
2007-01-18,sh.600388,1.8729263200,1.9624176800,1.8697302000,1.9608196200,1.8825146800,3611907,43175555.0000,2,4.341234,1,4.159599,0
2007-01-19,sh.600388,1.9752021600,2.0870663600,1.9624176800,2.0854683000,1.9608196200,5876999,74406314.0000,2,7.063701,1,6.356966,0
2007-01-22,sh.600388,2.0902624800,2.1813519000,2.0902624800,2.1158314400,2.0854683000,5139799,68335973.0000,2,6.177643,1,1.455935,0
2007-01-23,sh.600388,2.1222236800,2.1254198000,2.0103594800,2.0886644200,2.1158314400,4456327,57461478.0000,2,5.356162,1,-1.283989,0
2007-01-24,sh.600388,2.0934586000,2.1078411400,2.0311342600,2.0934586000,2.0886644200,3801020,49237864.0000,2,4.568534,1,0.229539,0
2007-01-25,sh.600388,2.0598993400,2.0598993400,1.9416429000,1.9528293200,2.0934586000,4031248,50516724.0000,2,4.845250,1,-6.717558,0
2007-01-26,sh.600388,1.9224661800,1.9815944000,1.8601418400,1.9560254400,1.9528293200,3215577,38655655.0000,2,3.864876,1,0.163662,0
2007-01-29,sh.600388,1.9704079800,2.0407226200,1.9704079800,2.0279381400,1.9560254400,3011917,37854085.0000,2,3.620093,1,3.676469,0
2007-01-30,sh.600388,2.0343303800,2.0614974000,1.9911827600,2.0039672400,2.0279381400,2952192,37409960.0000,2,3.548308,1,-1.182030,0
2007-01-31,sh.600388,2.0295362000,2.0295362000,1.8841127400,1.8905049800,2.0039672400,2590974,31689636.0000,2,3.114151,1,-5.661882,0
2007-02-01,sh.600388,1.8729263200,1.9448390200,1.8697302000,1.9336526000,1.8905049800,2638207,31632482.0000,2,3.170922,1,2.282337,0
2007-02-02,sh.600388,1.9592215600,2.0023691800,1.9016914000,1.9144758800,1.9336526000,1999116,24483148.0000,2,2.402784,1,-0.991742,0
2007-02-05,sh.600388,1.9368487200,1.9975750000,1.9256623000,1.9911827600,1.9144758800,2739871,33868313.0000,2,3.293114,1,4.006682,0
2007-02-06,sh.600388,2.0039672400,2.0694877000,2.0039672400,2.0646935200,1.9911827600,2968602,38028621.0000,2,3.568031,1,3.691814,0
2007-02-07,sh.600388,2.0870663600,2.0950566600,2.0231439600,2.0678896400,2.0646935200,2584487,33337880.0000,2,3.106355,1,0.154795,0
2007-02-08,sh.600388,2.0694877000,2.1094392000,2.0455168000,2.0950566600,2.0678896400,2892973,37642091.0000,2,3.477131,1,1.313756,0
2007-02-09,sh.600388,2.0870663600,2.1078411400,2.0375265000,2.0551051600,2.0950566600,2147073,27691199.0000,2,2.580617,1,-1.906941,0
2007-02-12,sh.600388,2.0614974000,2.1573810000,2.0471148600,2.1573810000,2.0551051600,3424734,45442837.0000,2,4.116267,1,4.976675,0
2007-02-13,sh.600388,2.1765577200,2.1813519000,2.1414004000,2.1733616000,2.1573810000,2478379,33502240.0000,2,2.978821,1,0.740744,0
2007-02-14,sh.600388,2.1781557800,2.2660490800,2.1621751800,2.2372840000,2.1733616000,2757646,38595043.0000,2,3.314478,1,2.941174,0
2007-02-15,sh.600388,2.2500684800,2.3571385000,2.2372840000,2.3491482000,2.2372840000,3421353,49213495.0000,2,4.112203,1,4.999999,0
2007-02-16,sh.600388,2.3651288000,2.3651288000,2.3075986400,2.3459520800,2.3491482000,2791592,40891375.0000,2,3.355279,1,-0.136051,0
2007-02-26,sh.600388,2.3491482000,2.4290512000,2.3219811800,2.4210609000,2.3459520800,2493743,37331246.0000,2,2.997287,1,3.201630,0
2007-02-27,sh.600388,2.4210609000,2.5057580800,2.1797538400,2.1797538400,2.4210609000,4738278,68936355.0000,2,5.695046,1,-9.966991,0
2007-02-28,sh.600388,2.1797538400,2.3091967000,2.1573810000,2.2820296800,2.1797538400,3601410,50158097.0000,2,4.328618,1,4.692078,0
2007-03-01,sh.600388,2.2804316200,2.2932161000,2.1286159200,2.1557829400,2.2820296800,3561373,49132566.0000,2,4.280496,1,-5.532213,0
2007-03-02,sh.600388,2.1605771200,2.3715210400,2.1605771200,2.3715210400,2.1557829400,4542559,65340075.0000,2,5.459806,1,10.007420,0
2007-03-05,sh.600388,2.3938938800,2.4817871800,2.3012064000,2.4482279200,2.3715210400,6120490,92332099.0000,2,7.356358,1,3.234498,0
2007-03-06,sh.600388,2.4434337400,2.4434337400,2.3555404400,2.4178647800,2.4482279200,3322791,49830576.0000,2,3.993739,1,-1.240206,0
2007-03-07,sh.600388,2.4146686600,2.5552979400,2.3699229800,2.5137483800,2.4178647800,7065466,109080812.0000,2,8.492147,1,3.965627,0
2007-03-08,sh.600388,2.6847408000,2.6847408000,2.2628529600,2.4290512000,2.5137483800,12719853,195660302.0000,2,15.288285,1,-3.369356,0
2007-03-09,sh.600388,2.4338453800,2.4562182200,2.3331676000,2.3587365600,2.4290512000,8934759,132639977.0000,2,10.738893,1,-2.894734,0
2007-03-12,sh.600388,2.3747171600,2.4130706000,2.3171870000,2.4018841800,2.3587365600,6336468,94379842.0000,2,7.615947,1,1.829265,0
2007-03-13,sh.600388,2.4002861200,2.4050803000,2.3539423800,2.3747171600,2.4018841800,4766786,70787704.0000,2,5.729310,1,-1.131072,0
2007-03-14,sh.600388,2.3459520800,2.3651288000,2.3012064000,2.3331676000,2.3747171600,4935030,71653026.0000,2,5.931526,1,-1.749659,0
2007-03-15,sh.600388,2.3219811800,2.3795113400,2.3203831200,2.3459520800,2.3331676000,3599448,52903168.0000,2,4.326260,1,0.547945,0
2007-03-16,sh.600388,2.3491482000,2.4370415000,2.3491482000,2.3938938800,2.3459520800,8077416,121380922.0000,2,9.708433,1,2.043591,0
2007-03-19,sh.600388,2.3251773000,2.4370415000,2.2980102800,2.3875016400,2.3938938800,4831005,72125231.0000,2,5.806496,1,-0.267022,0
2007-03-20,sh.600388,2.3875016400,2.4913755400,2.3715210400,2.4897774800,2.3875016400,8094061,123694807.0000,2,9.728439,1,4.283804,0
2007-03-21,sh.600388,2.5904552600,2.6799466200,2.5249348000,2.5536998800,2.4897774800,14571171,238028955.0000,2,17.513427,1,2.567392,0
2007-03-22,sh.600388,2.5568960000,2.5728766000,2.5073561400,2.5281309200,2.5536998800,6462385,102404425.0000,2,7.767290,1,-1.001251,0
2007-03-23,sh.600388,2.5089542000,2.5856610800,2.5089542000,2.5712785400,2.5281309200,5204545,83036108.0000,2,6.255463,1,1.706703,0
2007-03-26,sh.600388,2.5888572000,2.6032397400,2.5425134600,2.5872591400,2.5712785400,5259467,84783203.0000,2,6.321475,1,0.621506,0
2007-03-27,sh.600388,2.5888572000,2.6000436200,2.5409154000,2.5521018200,2.5872591400,4837536,77417855.0000,2,5.814346,1,-1.358865,0
2007-03-28,sh.600388,2.5521018200,2.5888572000,2.4306492600,2.5057580800,2.5521018200,6283958,98631181.0000,2,7.552834,1,-1.815904,0
2007-03-29,sh.600388,2.5089542000,2.5329251000,2.4290512000,2.4306492600,2.5057580800,4626928,71435670.0000,2,5.561212,1,-2.997451,0
2007-03-30,sh.600388,2.4018841800,2.4706007600,2.4018841800,2.4546201600,2.4306492600,2780150,42560187.0000,2,3.341526,1,0.986191,0
2007-04-02,sh.600388,2.4546201600,2.4961697200,2.4290512000,2.4929736000,2.4546201600,3619154,55885225.0000,2,4.349945,1,1.562505,0
2007-04-03,sh.600388,2.4929736000,2.5089542000,2.4737968800,2.5041600200,2.4929736000,3357771,52269459.0000,2,4.035782,1,0.448716,0
2007-04-04,sh.600388,2.5169445000,2.5393173400,2.4690027000,2.5185425600,2.5041600200,4663098,73341672.0000,2,5.604685,1,0.574347,0
2007-04-05,sh.600388,2.5201406200,2.5792688400,2.5009639000,2.5600921200,2.5185425600,4736799,75439624.0000,2,5.693268,1,1.649748,0
2007-04-06,sh.600388,2.5377192800,2.6160242200,2.5249348000,2.5856610800,2.5600921200,5354287,86297121.0000,2,6.435441,1,0.998751,0
2007-04-09,sh.600388,2.5952494400,2.6176222800,2.5584940600,2.5872591400,2.5856610800,6517166,105406913.0000,2,7.833132,1,0.061806,0
2007-04-10,sh.600388,2.5856610800,2.5968475000,2.4929736000,2.5361212200,2.5872591400,6145651,97714617.0000,2,7.386600,1,-1.976533,0
2007-04-11,sh.600388,2.5441115200,2.6943291600,2.5441115200,2.6847408000,2.5361212200,10752505,176960140.0000,2,12.923684,1,5.860109,0
2007-04-12,sh.600388,2.6863388600,2.7071136400,2.6367990000,2.6943291600,2.6847408000,6979113,116874306.0000,2,8.388357,1,0.357151,0
2007-04-13,sh.600388,2.6943291600,2.6959272200,2.5808669000,2.6176222800,2.6943291600,6853554,114085582.0000,2,8.237445,1,-2.846984,0
2007-04-16,sh.600388,2.6288087000,2.7486632000,2.6288087000,2.7422709600,2.6176222800,7349522,124093824.0000,2,8.833560,1,4.761909,0
2007-04-17,sh.600388,2.7614476800,2.7742321600,2.6383970600,2.7550554400,2.7422709600,7136006,121181061.0000,2,8.576930,1,0.466200,0
2007-04-18,sh.600388,2.7566535000,2.8205759000,2.6863388600,2.8157817200,2.7550554400,8314950,142894124.0000,2,9.993930,1,2.204183,0
2007-04-19,sh.600388,2.8397526200,2.9516168200,2.6288087000,2.7838205200,2.8157817200,14890217,266096696.0000,2,17.896895,1,-1.135078,0
2007-04-20,sh.600388,2.7630457400,2.9404304000,2.7566535000,2.9196556200,2.7838205200,9069788,163480299.0000,2,10.901187,1,4.879451,0
2007-04-23,sh.600388,2.9324401000,3.1130208800,2.9324401000,3.0538926600,2.9196556200,7274309,138830675.0000,2,8.743160,1,4.597702,0
2007-04-24,sh.600388,3.0810596800,3.0842558000,2.9867741400,3.0011566800,3.0538926600,6813494,128658659.0000,2,8.189296,1,-1.726844,0
2007-04-25,sh.600388,3.0043528000,3.0043528000,2.8381545600,2.9132633800,3.0011566800,5493080,100105421.0000,2,6.602260,1,-2.928653,0
2007-04-26,sh.600388,2.9132633800,2.9723916000,2.8813021800,2.9404304000,2.9132633800,4170287,76607485.0000,2,5.012364,1,0.932529,0
2007-04-27,sh.600388,2.9404304000,2.9548129400,2.8605274000,2.8653215800,2.9404304000,4686484,84602798.0000,2,5.632793,1,-2.554344,0
2007-04-30,sh.600388,2.8429487400,2.8429487400,2.7566535000,2.8157817200,2.8653215800,7055979,123673023.0000,2,8.480744,1,-1.728943,0
2007-05-08,sh.600388,2.8621254600,2.9148614400,2.8477429200,2.8733118800,2.8157817200,6493742,116983340.0000,2,7.804978,1,2.043125,0
2007-05-09,sh.600388,2.8733118800,2.8733118800,2.7087117000,2.7742321600,2.8733118800,7083053,123351425.0000,2,8.513285,1,-3.448270,0
2007-05-10,sh.600388,2.7726341000,2.9068711400,2.7422709600,2.8509390400,2.7742321600,6225502,111195037.0000,2,7.482575,1,2.764974,0
2007-05-11,sh.600388,2.8333603800,2.8333603800,2.7710360400,2.8141836600,2.8509390400,4097930,71677943.0000,2,4.925397,1,-1.289235,0
2007-05-14,sh.600388,2.7806244000,2.8605274000,2.7374767800,2.8429487400,2.8141836600,5075529,89574417.0000,2,6.100395,1,1.022148,0
2007-05-15,sh.600388,2.8445468000,2.9084692000,2.7998011200,2.8013991800,2.8429487400,7652797,137047443.0000,2,6.673872,1,-1.461496,0
2007-05-16,sh.600388,2.8253700800,2.8445468000,2.7183000600,2.8125856000,2.8013991800,5685730,98400882.0000,2,4.958427,1,0.399314,0
2007-05-17,sh.600388,2.8141836600,2.9196556200,2.7982030600,2.9132633800,2.8125856000,12168392,217980751.0000,2,10.611844,1,3.579540,0
2007-05-18,sh.600388,2.9260478600,2.9260478600,2.8461448600,2.8509390400,2.9132633800,7843170,141439308.0000,2,6.839893,1,-2.139328,0
2007-05-21,sh.600388,2.7454670800,2.8349584400,2.7246923000,2.8077914200,2.8509390400,7126805,124336874.0000,2,6.215163,1,-1.513455,0
2007-05-22,sh.600388,2.8125856000,2.8733118800,2.7918108200,2.8445468000,2.8077914200,9400053,166750353.0000,2,8.197624,1,1.309047,0
2007-05-23,sh.600388,2.8525371000,2.9739896600,2.8365565000,2.9707935400,2.8445468000,11099841,201570021.0000,2,9.679979,1,4.438208,0
2007-05-24,sh.600388,2.9707935400,2.9707935400,2.9707935400,2.9707935400,2.9707935400,0,0.0000,2,,0,0.000000,0
2007-05-25,sh.600388,2.9324401000,2.9564110000,2.8621254600,2.9132633800,2.9707935400,8475348,154183939.0000,2,7.391204,1,-1.936528,0
2007-05-28,sh.600388,2.9260478600,3.0506965400,2.9260478600,2.9707935400,2.9132633800,9810659,183702546.0000,2,8.555706,1,1.974770,0
2007-05-29,sh.600388,3.0043528000,3.0283237000,2.9244498000,3.0235295200,2.9707935400,10014528,186543166.0000,2,8.733497,1,1.775148,0
2007-05-30,sh.600388,2.8125856000,2.9244498000,2.7214961800,2.7214961800,3.0235295200,9636877,169532559.0000,2,8.404154,1,-9.989426,0
2007-05-31,sh.600388,2.6847408000,2.7326826000,2.4498259800,2.5089542000,2.7214961800,9661933,151820008.0000,2,8.426005,1,-7.809752,0
2007-06-01,sh.600388,2.5217386800,2.5952494400,2.2580587800,2.2644510200,2.5089542000,9690218,145512865.0000,2,8.450671,1,-9.745221,0
2007-06-04,sh.600388,2.3491482000,2.3970900000,2.2692452000,2.2852258000,2.2644510200,12236345,178773104.0000,2,10.671105,1,0.917432,0
2007-06-05,sh.600388,2.3347656600,2.5137483800,2.3012064000,2.5137483800,2.2852258000,16186181,246616605.0000,2,14.115688,1,9.999995,0
2007-06-06,sh.600388,2.5760727200,2.7167020000,2.5664843600,2.6048378000,2.5137483800,18050767,298806654.0000,2,15.741762,1,3.623647,0
2007-06-07,sh.600388,2.6144261600,2.6767505000,2.5377192800,2.6399951200,2.6048378000,12871575,209885017.0000,2,11.225078,1,1.349701,0
2007-06-08,sh.600388,2.6447893000,2.8285662000,2.6096319800,2.7342806600,2.6399951200,13102920,225195753.0000,2,11.426830,1,3.571429,0
2007-06-11,sh.600388,2.7806244000,3.0075489200,2.7422709600,2.9835780200,2.7342806600,20012860,365482781.0000,2,17.452869,1,9.117472,0
2007-06-12,sh.600388,3.0203334000,3.2280812000,2.7326826000,3.1497762600,2.9835780200,21442838,410046161.0000,2,18.699928,1,5.570428,0
2007-06-13,sh.600388,3.1641588000,3.2440618000,3.0682752000,3.0954422200,3.1497762600,16855681,331161042.0000,2,14.699548,1,-1.725004,0
2007-06-14,sh.600388,3.0522946000,3.1769432800,2.9564110000,3.0315198200,3.0954422200,11084022,214454452.0000,2,9.666184,1,-2.065057,0
2007-06-15,sh.600388,3.0283237000,3.0490984800,2.9228517400,2.9628032400,3.0315198200,7926392,148244583.0000,2,6.912469,1,-2.266728,0
2007-06-18,sh.600388,3.0235295200,3.2584443400,3.0235295200,3.2584443400,2.9628032400,14618499,288259450.0000,2,12.748540,1,9.978416,0
2007-06-19,sh.600388,3.2440618000,3.4853688600,3.1641588000,3.2936016600,3.2584443400,15034817,312917659.0000,2,13.111604,1,1.078966,0
2007-06-20,sh.600388,3.3655143600,3.4022697400,3.0363140000,3.1194131200,3.2936016600,11706187,238390202.0000,2,10.208763,1,-5.288695,0
2007-06-21,sh.600388,3.1002364000,3.1817374600,2.9564110000,3.0570887800,3.1194131200,7452742,143228104.0000,2,6.499407,1,-1.997957,0
2007-06-22,sh.600388,3.0522946000,3.1801394000,2.7806244000,2.9707935400,3.0570887800,8810987,165515658.0000,2,7.683909,1,-2.822786,0
2007-06-25,sh.600388,3.0043528000,3.0746674400,2.8285662000,2.8781060600,2.9707935400,8424808,156380479.0000,2,7.347129,1,-3.119956,0
2007-06-26,sh.600388,2.8285662000,3.0475004200,2.8061933600,3.0411081800,2.8781060600,7733571,142485727.0000,2,6.744313,1,5.663523,0
2007-06-27,sh.600388,3.0714713200,3.1849335800,3.0171372800,3.1513743200,3.0411081800,9079083,176741164.0000,2,7.917711,1,3.625847,0
2007-06-28,sh.600388,3.1401879000,3.1849335800,2.8381545600,2.8429487400,3.1513743200,8280098,155806984.0000,2,7.220930,1,-9.787010,0
2007-06-29,sh.600388,2.7167020000,2.8269681400,2.6016416800,2.6655640800,2.8429487400,7093333,120422584.0000,2,6.185973,1,-6.239463,0
2007-07-02,sh.600388,2.7129546000,2.7440064900,2.5495236000,2.6933428800,2.6655596100,4056585,65878891.0000,2,3.537678,1,1.042306,0
2007-07-03,sh.600388,2.6769997800,2.7472751100,2.6475822000,2.7407378700,2.6933428800,3519205,58200551.0000,2,3.069038,1,1.759714,0
2007-07-04,sh.600388,2.7701554500,2.8420650900,2.6769997800,2.6933428800,2.7407378700,3378547,57259548.0000,2,2.946372,1,-1.729284,0
2007-07-05,sh.600388,2.6148960000,2.6720968500,2.4269503500,2.4432934500,2.6933428800,5167827,79422213.0000,2,4.506773,1,-9.283979,0
2007-07-06,sh.600388,2.4351219000,2.6443135800,2.3893612200,2.6345077200,2.4432934500,5250468,80670930.0000,2,4.578842,1,7.826094,0
2007-07-09,sh.600388,2.6557537500,2.7440064900,2.5936499700,2.6753654700,2.6345077200,4843182,78995012.0000,2,4.223655,1,1.550868,0
2007-07-10,sh.600388,2.6720968500,2.6802684000,2.5495236000,2.5495236000,2.6753654700,3447702,54625554.0000,2,2.998136,1,-4.703729,0
2007-07-11,sh.600388,2.5152030900,2.6099930700,2.4972256800,2.5822098000,2.5495236000,2013889,31648041.0000,2,1.751286,1,1.282050,0
2007-07-12,sh.600388,2.5822098000,2.8371621600,2.5740382500,2.7668868300,2.5822098000,6692419,111940927.0000,2,5.819754,1,7.151899,0
2007-07-13,sh.600388,2.7456408000,2.8894600800,2.7145889100,2.7897671700,2.7668868300,8008145,138201912.0000,2,6.963915,1,0.826931,0
2007-07-16,sh.600388,2.8110132000,2.8763856000,2.6884399500,2.7815956200,2.7897671700,6651926,113683783.0000,2,5.784542,1,-0.292907,0
2007-07-17,sh.600388,2.7456408000,2.7914014800,2.6966115000,2.7505437300,2.7815956200,3506210,59054270.0000,2,3.049014,1,-1.116337,0
2007-07-18,sh.600388,2.7505437300,2.8110132000,2.7292977000,2.7309320100,2.7505437300,2696045,45706254.0000,2,2.344492,1,-0.713017,0
2007-07-19,sh.600388,2.7292977000,2.7538123500,2.6753654700,2.6884399500,2.7309320100,2126259,35257996.0000,2,1.849003,1,-1.555945,0
2007-07-20,sh.600388,2.7276633900,2.8208190600,2.7113202900,2.7914014800,2.6884399500,4195922,71337153.0000,2,3.648791,1,3.829782,0
2007-07-23,sh.600388,2.7914014800,2.9842500600,2.7914014800,2.9303178300,2.7914014800,6800225,120533720.0000,2,5.913503,1,4.976583,0
2007-07-24,sh.600388,2.9597354100,3.0561597000,2.9090718000,2.9156090400,2.9303178300,7505112,137033423.0000,2,6.526476,1,-0.501953,0
2007-07-25,sh.600388,2.9581011000,3.0234735000,2.9107061100,2.9891529900,2.9156090400,6500144,118182927.0000,2,5.652551,1,2.522426,0
2007-07-26,sh.600388,3.0234735000,3.0708684900,2.9564667900,3.0054960900,2.9891529900,6201070,114245900.0000,2,5.392475,1,0.546739,0
2007-07-27,sh.600388,3.0071304000,3.1869045000,2.9581011000,3.1427781300,3.0054960900,9822992,185285736.0000,2,8.542113,1,4.567701,0
2007-07-30,sh.600388,3.1607555400,3.2277622500,3.1297036500,3.1542183000,3.1427781300,9000928,175064014.0000,2,7.827243,1,0.364013,0
2007-07-31,sh.600388,3.1297036500,3.4483941000,3.1215321000,3.3470668800,3.1542183000,11338578,229860008.0000,2,9.860073,1,6.113992,0
2007-08-01,sh.600388,3.3503355000,3.3748501500,3.0365479800,3.0708684900,3.3470668800,9888071,194009284.0000,2,8.598706,1,-8.251946,0
2007-08-02,sh.600388,3.0855772800,3.1852701900,3.0087647100,3.1346065800,3.0708684900,6812562,130062528.0000,2,5.924231,1,2.075569,0
2007-08-03,sh.600388,3.1672927800,3.3650442900,3.0806743500,3.2441053500,3.1346065800,10008949,196124290.0000,2,8.703822,1,3.493223,0
2007-08-06,sh.600388,3.2686200000,3.3519698100,3.2195907000,3.2539112100,3.2441053500,6580522,131624505.0000,2,5.722448,1,0.302264,0
2007-08-07,sh.600388,3.2931346500,3.3094777500,3.1656584700,3.1705614000,3.2539112100,6298131,123349341.0000,2,5.476880,1,-2.561528,0
2007-08-08,sh.600388,3.1231664100,3.1542183000,3.0365479800,3.0823086600,3.1705614000,5295005,99992156.0000,2,4.604558,1,-2.783500,0
2007-08-09,sh.600388,3.0725028000,3.1280693400,3.0528910800,3.0855772800,3.0823086600,3494945,66038181.0000,2,3.039218,1,0.106037,0
2007-08-10,sh.600388,3.0855772800,3.1411438200,2.9597354100,3.0153019500,3.0855772800,3556370,66291798.0000,2,3.092634,1,-2.277534,0
2007-08-13,sh.600388,3.0398166000,3.0806743500,2.9711755800,3.0283764300,3.0153019500,4167846,77007179.0000,2,3.624376,1,0.433604,0
2007-08-14,sh.600388,3.0153019500,3.1215321000,3.0153019500,3.1035546900,3.0283764300,3306532,62589757.0000,2,2.875374,1,2.482456,0
2007-08-15,sh.600388,3.1068233100,3.1346065800,2.9744442000,3.0300107400,3.1035546900,3437573,63780681.0000,2,2.989327,1,-2.369662,0
2007-08-16,sh.600388,3.0234735000,3.0855772800,2.9744442000,3.0365479800,3.0300107400,3030533,56147199.0000,2,2.635364,1,0.215744,0
2007-08-17,sh.600388,3.0005931600,3.1574869200,2.9842500600,3.0675998700,3.0365479800,5401368,102481334.0000,2,4.697051,1,1.022608,0
2007-08-20,sh.600388,3.1231664100,3.2359338000,3.1231664100,3.1918074300,3.0675998700,5730563,111412808.0000,2,4.983321,1,4.049016,0
2007-08-21,sh.600388,3.1738300200,3.1950760500,3.1248007200,3.1542183000,3.1918074300,4578927,88376820.0000,2,3.981853,1,-1.177683,0
2007-08-22,sh.600388,3.1133605500,3.2359338000,2.9548324800,3.1803672600,3.1542183000,6051359,117509738.0000,2,5.262286,1,0.829015,0
2007-08-23,sh.600388,3.1885388100,3.2326651800,3.1607555400,3.1852701900,3.1803672600,4769944,93023440.0000,2,4.147962,1,0.154166,0
2007-08-24,sh.600388,3.2212250100,3.2457396600,3.1721957100,3.2228593200,3.1852701900,6188686,121752292.0000,2,5.381706,1,1.180090,0
2007-08-27,sh.600388,3.2441053500,3.4320510000,3.2441053500,3.3160149900,3.2228593200,9836807,201561064.0000,2,8.554127,1,2.890475,0
2007-08-28,sh.600388,3.2833287900,3.2833287900,3.1542183000,3.1640241600,3.3160149900,6335070,123866470.0000,2,5.509002,1,-4.583540,0
2007-08-29,sh.600388,3.1215321000,3.3617756700,3.1215321000,3.2800601700,3.1640241600,7023125,139457816.0000,2,6.107338,1,3.667351,0
2007-08-30,sh.600388,3.2767915500,3.4614685800,3.2767915500,3.4157079000,3.2800601700,10215260,212817710.0000,2,8.883231,1,4.135525,0
2007-08-31,sh.600388,3.4647372000,3.5464527000,3.3470668800,3.3797530800,3.4157079000,10082367,212450285.0000,2,8.767667,1,-1.052628,0
2007-09-03,sh.600388,3.4483941000,3.4810803000,3.3356267100,3.3960961800,3.3797530800,9451635,196839041.0000,2,8.219180,1,0.483561,0
2007-09-04,sh.600388,3.4009991100,3.4810803000,3.3029405100,3.4549313400,3.3960961800,8468783,175958329.0000,2,7.364488,1,1.732429,0
2007-09-05,sh.600388,3.4402225500,3.4810803000,3.3013062000,3.4206108300,3.4549313400,5164133,107267415.0000,2,4.490751,1,-0.993373,0
2007-09-06,sh.600388,3.4222451400,3.5464527000,3.3552384300,3.5170351200,3.4206108300,10421332,220763677.0000,2,9.062432,1,2.818921,0
2007-09-07,sh.600388,3.5382811500,3.5611614900,3.3258208500,3.3339924000,3.5170351200,8172288,172387297.0000,2,7.106654,1,-5.204465,0
2007-09-10,sh.600388,3.2686200000,3.3503355000,3.1133605500,3.3029405100,3.3339924000,5894254,117486161.0000,2,5.125667,1,-0.931375,0
2007-09-11,sh.600388,3.2931346500,3.3013062000,2.9760785100,2.9891529900,3.3029405100,7216085,139601103.0000,2,6.275137,1,-9.500239,0
2007-09-12,sh.600388,3.0153019500,3.0953831400,2.9254149000,3.0577940100,2.9891529900,5000476,92259195.0000,2,4.348434,1,2.296327,0
2007-09-13,sh.600388,3.0692341800,3.0790400400,3.0071304000,3.0561597000,3.0577940100,3571770,66444595.0000,2,3.106026,1,-0.053438,0
2007-09-14,sh.600388,3.0888459000,3.1362408900,3.0169362600,3.0953831400,3.0561597000,3604592,67904732.0000,2,3.134568,1,1.283421,0
2007-09-17,sh.600388,3.0888459000,3.1836358800,3.0414509100,3.1362408900,3.0953831400,4091616,78195484.0000,2,3.558086,1,1.319958,0
2007-09-18,sh.600388,3.1362408900,3.1869045000,3.1035546900,3.1803672600,3.1362408900,4283790,82346285.0000,2,3.725201,1,1.406975,0
2007-09-19,sh.600388,3.1869045000,3.1967103600,3.0692341800,3.0839429700,3.1803672600,3489859,66361756.0000,2,3.034795,1,-3.031851,0
2007-09-20,sh.600388,3.0855772800,3.1476810600,3.0741371100,3.1002860700,3.0839429700,2611495,49520791.0000,2,2.270967,1,0.529934,0
2007-09-21,sh.600388,3.1068233100,3.1215321000,2.9581011000,3.0381822900,3.1002860700,3611368,66646567.0000,2,3.140460,1,-2.003159,0
2007-09-24,sh.600388,3.0365479800,3.1215321000,2.9531981700,3.0921145200,3.0381822900,4344455,80488588.0000,2,3.777956,1,1.775148,0
2007-09-25,sh.600388,3.1002860700,3.1297036500,3.0365479800,3.0430852200,3.0921145200,2368098,44694461.0000,2,2.059308,1,-1.585620,0
2007-09-26,sh.600388,3.0398166000,3.0757714200,2.9842500600,3.0381822900,3.0430852200,2336275,43194963.0000,2,2.031634,1,-0.161121,0
2007-09-27,sh.600388,3.0708684900,3.1820015700,3.0561597000,3.1378752000,3.0381822900,5659213,108670574.0000,2,4.921274,1,3.281337,0
2007-09-28,sh.600388,3.1803672600,3.1950760500,3.1395095100,3.1885388100,3.1378752000,5082451,98584079.0000,2,4.419720,1,1.614581,0
2007-10-08,sh.600388,3.2342994900,3.2490082800,3.1264350300,3.1297036500,3.1885388100,3390307,65989227.0000,2,2.948225,1,-1.845211,0
2007-10-09,sh.600388,3.1264350300,3.1591212300,3.0888459000,3.1444124400,3.1297036500,2174677,41553009.0000,2,1.891108,1,0.469975,0
2007-10-10,sh.600388,3.1444124400,3.1787329500,3.0774057300,3.0888459000,3.1444124400,3393738,65053324.0000,2,2.951208,1,-1.767153,0
2007-10-11,sh.600388,3.0577940100,3.1689270900,3.0414509100,3.0904802100,3.0888459000,2946598,56002528.0000,2,2.562373,1,0.052911,0
2007-10-12,sh.600388,3.0725028000,3.2506425900,2.8077445800,3.2457396600,3.0904802100,11537015,217258253.0000,2,10.032635,1,5.023801,0
2007-10-15,sh.600388,3.2686200000,3.3666786000,3.2048819100,3.2114191500,3.2457396600,9228974,186130697.0000,2,8.025553,1,-1.057407,0
2007-10-16,sh.600388,3.2195907000,3.2490082800,3.0806743500,3.1493153700,3.2114191500,3591087,69030350.0000,2,3.122824,1,-1.933838,0
2007-10-17,sh.600388,3.1542183000,3.1885388100,3.0725028000,3.1002860700,3.1493153700,3032774,57839277.0000,2,2.637312,1,-1.556830,0
2007-10-18,sh.600388,3.1035546900,3.2293965600,3.0169362600,3.1509496800,3.1002860700,6071409,117067478.0000,2,5.279722,1,1.634167,0
2007-10-19,sh.600388,3.1542183000,3.1885388100,3.0071304000,3.0218391900,3.1509496800,3475028,65297451.0000,2,3.021898,1,-4.097515,0
2007-10-22,sh.600388,2.9744442000,2.9891529900,2.8289906100,2.8322592300,3.0218391900,3556356,63070564.0000,2,3.092621,1,-6.273661,0
2007-10-23,sh.600388,2.8273563000,2.8829228400,2.7129546000,2.7864985500,2.8322592300,3004778,51367937.0000,2,2.612967,1,-1.615699,0
2007-10-24,sh.600388,2.7946701000,2.8910943900,2.7472751100,2.7914014800,2.7864985500,3011655,51893464.0000,2,2.618947,1,0.175957,0
2007-10-25,sh.600388,2.7538123500,2.7783270000,2.5331805000,2.5446206700,2.7914014800,3275808,52773224.0000,2,2.848656,1,-8.840751,0
2007-10-26,sh.600388,2.5331805000,2.6312391000,2.5037629200,2.5903813500,2.5446206700,1722075,27240701.0000,2,1.497523,1,1.798334,0
2007-10-29,sh.600388,2.5952842800,2.6475822000,2.5168374000,2.6296047900,2.5903813500,1721540,27148768.0000,2,1.497058,1,1.514194,0
2007-10-30,sh.600388,2.6377763400,2.6769997800,2.5593294600,2.6720968500,2.6296047900,1924233,30969808.0000,2,1.673321,1,1.615912,0
2007-10-31,sh.600388,2.6998801200,2.7946701000,2.6998801200,2.7456408000,2.6720968500,2918835,49111526.0000,2,2.538231,1,2.752287,0
2007-11-01,sh.600388,2.7538123500,2.7619839000,2.6230675500,2.6263361700,2.7456408000,1770797,29049977.0000,2,1.539892,1,-4.345236,0
2007-11-02,sh.600388,2.6067244500,2.6067244500,2.5135687800,2.5348148100,2.6263361700,2460288,38302572.0000,2,2.139476,1,-3.484751,0
2007-11-05,sh.600388,2.5348148100,2.6377763400,2.5299118800,2.5903813500,2.5348148100,1356961,21540461.0000,2,1.180019,1,2.192135,0
2007-11-06,sh.600388,2.5920156600,2.6459478900,2.5920156600,2.6247018600,2.5903813500,1068164,17118573.0000,2,0.928880,1,1.324915,0
2007-11-07,sh.600388,2.6377763400,2.6541194400,2.5593294600,2.5936499700,2.6247018600,1037371,16489375.0000,2,0.902102,1,-1.183061,0
2007-11-08,sh.600388,2.5871127300,2.6312391000,2.5184717100,2.5233746400,2.5936499700,1348917,21305882.0000,2,1.173024,1,-2.709517,0
2007-11-09,sh.600388,2.5250089500,2.5724039400,2.5152030900,2.5364491200,2.5233746400,1241483,19279292.0000,2,1.079599,1,0.518140,0
2007-11-12,sh.600388,2.4841512000,2.6083587600,2.4841512000,2.5985529000,2.5364491200,1915180,30127341.0000,2,1.665448,1,2.448448,0
2007-11-13,sh.600388,2.6165303100,2.6851713300,2.6001872100,2.6247018600,2.5985529000,2266019,36484021.0000,2,1.970539,1,1.006288,0
2007-11-14,sh.600388,2.6573880600,2.6802684000,2.6312391000,2.6688282300,2.6247018600,1757009,28558423.0000,2,1.527902,1,1.681198,0
2007-11-15,sh.600388,2.6704625400,2.6966115000,2.6148960000,2.6230675500,2.6688282300,2082614,33803035.0000,2,1.811049,1,-1.714640,0
2007-11-16,sh.600388,2.6001872100,2.6116273800,2.5642323900,2.5871127300,2.6230675500,927770,14673488.0000,2,0.806793,1,-1.370712,0
2007-11-19,sh.600388,2.5985529000,2.7750583800,2.5854784200,2.7342006300,2.5871127300,2848661,47016080.0000,2,2.477207,1,5.685405,0
2007-11-20,sh.600388,2.7080516700,2.7374692500,2.6769997800,2.7080516700,2.7342006300,2303922,38098577.0000,2,2.003500,1,-0.956365,0
2007-11-21,sh.600388,2.7227604600,2.7407378700,2.6802684000,2.6868056400,2.7080516700,1592911,26460007.0000,2,1.385202,1,-0.784545,0
2007-11-22,sh.600388,2.6622909900,2.6622909900,2.5413520500,2.5527922200,2.6868056400,1465195,23299535.0000,2,1.274139,1,-4.987838,0
2007-11-23,sh.600388,2.5331805000,2.5903813500,2.5331805000,2.5887470400,2.5527922200,925732,14535005.0000,2,0.805020,1,1.408452,0
2007-11-26,sh.600388,2.6557537500,2.7587152800,2.6181646200,2.6247018600,2.5887470400,2886671,47428772.0000,2,2.510261,1,1.388885,0
2007-11-27,sh.600388,2.5985529000,2.7047830500,2.5920156600,2.6492165100,2.6247018600,1680070,27505691.0000,2,1.460996,1,0.933995,0
2007-11-28,sh.600388,2.6884399500,2.8763856000,2.6819027100,2.8110132000,2.6492165100,6767964,116241948.0000,2,5.885449,1,6.107352,0
2007-11-29,sh.600388,2.8436994000,2.8584081900,2.7129546000,2.8159161300,2.8110132000,4430082,75742207.0000,2,3.835739,1,0.174411,0
2007-11-30,sh.600388,2.8175504400,2.9417580000,2.7783270000,2.8910943900,2.8159161300,7600326,134205535.0000,2,6.580661,1,2.669768,0
2007-12-03,sh.600388,2.8992659400,2.9254149000,2.8371621600,2.8584081900,2.8910943900,2795059,49139052.0000,2,2.420072,1,-1.130587,0
2007-12-04,sh.600388,2.8600425000,2.9123404200,2.8110132000,2.8208190600,2.8584081900,2241540,38898241.0000,2,1.940813,1,-1.315035,0
2007-12-05,sh.600388,2.8191847500,2.8682140500,2.7946701000,2.8387964700,2.8208190600,2758844,47908950.0000,2,2.388716,1,0.637315,0
2007-12-06,sh.600388,2.8387964700,2.9417580000,2.8289906100,2.8829228400,2.8387964700,2409514,42780967.0000,2,2.086252,1,1.554396,0
2007-12-07,sh.600388,2.8829228400,3.0365479800,2.8763856000,3.0038617800,2.8829228400,4771113,86463729.0000,2,4.131017,1,4.195010,0
2007-12-10,sh.600388,2.9662726500,3.0545253900,2.9254149000,3.0234735000,3.0038617800,4065194,75005838.0000,2,3.519805,1,0.652888,0
2007-12-11,sh.600388,3.0267421200,3.0725028000,2.9744442000,3.0545253900,3.0234735000,3218715,59255385.0000,2,2.786890,1,1.027030,0
2007-12-12,sh.600388,3.0234735000,3.1215321000,3.0153019500,3.1068233100,3.0545253900,5327973,100609757.0000,2,4.613169,1,1.712144,0
2007-12-13,sh.600388,3.1019203800,3.1133605500,2.8780199100,2.9368550700,3.1068233100,3370804,62399086.0000,2,2.918575,1,-5.470810,0
2007-12-14,sh.600388,2.9090718000,3.0234735000,2.8845571500,3.0202048800,2.9368550700,2561918,46776113.0000,2,2.218209,1,2.838065,0
2007-12-17,sh.600388,3.0643312500,3.1427781300,3.0218391900,3.0398166000,3.0202048800,2819911,53365196.0000,2,2.441590,1,0.649355,0
2007-12-18,sh.600388,3.0234735000,3.0234735000,2.9417580000,2.9777128200,3.0398166000,1855041,33822551.0000,2,1.606167,1,-2.043016,0
2007-12-19,sh.600388,2.9907873000,3.0855772800,2.9907873000,3.0675998700,2.9777128200,2000653,37123965.0000,2,1.732244,1,3.018667,0
2007-12-20,sh.600388,3.0561597000,3.1019203800,3.0430852200,3.0577940100,3.0675998700,1885943,35383947.0000,2,1.632924,1,-0.319666,0
2007-12-21,sh.600388,3.0234735000,3.1084576200,3.0136676400,3.0970174500,3.0577940100,2784532,52274692.0000,2,2.410957,1,1.282745,0
2007-12-24,sh.600388,3.1133605500,3.2097848400,3.1133605500,3.2048819100,3.0970174500,4719228,91473445.0000,2,4.086093,1,3.482849,0
2007-12-25,sh.600388,3.2048819100,3.3258208500,3.1672927800,3.2849631000,3.2048819100,5506721,109884808.0000,2,4.767936,1,2.498724,0
2007-12-26,sh.600388,3.2653513800,3.2931346500,3.2163220800,3.2800601700,3.2849631000,2984646,59334949.0000,2,2.584224,1,-0.149257,0
2007-12-27,sh.600388,3.2931346500,3.3176493000,3.2457396600,3.2816944800,3.2800601700,3656163,73550902.0000,2,3.165650,1,0.049827,0
2007-12-28,sh.600388,3.2702543100,3.3094777500,3.1721957100,3.1950760500,3.2816944800,2828558,55740766.0000,2,2.449077,1,-2.639446,0
2008-01-02,sh.600388,3.2195907000,3.3013062000,3.1950760500,3.2898660300,3.1950760500,2515467,50314479.0000,2,2.177990,1,2.966752,0
2008-01-03,sh.600388,3.2996718900,3.5137665000,3.2898660300,3.4189765200,3.2898660300,7491650,157487375.0000,2,6.486565,1,3.924495,0
2008-01-04,sh.600388,3.4189765200,3.4647372000,3.3715815300,3.4255137600,3.4189765200,4325791,90727204.0000,2,3.745440,1,0.191200,0
2008-01-07,sh.600388,3.4320510000,3.5562585600,3.4189765200,3.5088635700,3.4255137600,3768621,80963787.0000,2,3.263020,1,2.433207,0
2008-01-08,sh.600388,3.5055949500,3.5121321900,3.3421639500,3.3699472200,3.5088635700,4782513,100657209.0000,2,4.140888,1,-3.959006,0
2008-01-09,sh.600388,3.3601413600,3.4974234000,3.3601413600,3.4827146100,3.3699472200,2973527,62639705.0000,2,2.574597,1,3.346259,0
2008-01-10,sh.600388,3.4827146100,3.5366468400,3.4026334200,3.4500284100,3.4827146100,3099370,65841734.0000,2,2.683556,1,-0.938521,0
2008-01-11,sh.600388,3.4336853100,3.4631028900,3.3666786000,3.4189765200,3.4500284100,2390348,49741474.0000,2,2.069657,1,-0.900050,0
2008-01-14,sh.600388,3.4320510000,3.5954820000,3.4320510000,3.5922133800,3.4189765200,4989722,107837523.0000,2,4.320298,1,5.066919,0
2008-01-15,sh.600388,3.6118251000,3.6248995800,3.5137665000,3.5824075200,3.5922133800,3583588,78216540.0000,2,3.102811,1,-0.272973,0
2008-01-16,sh.600388,3.5170351200,3.5758702800,3.4810803000,3.5121321900,3.5824075200,3396803,73132349.0000,2,2.941086,1,-1.961680,0
2008-01-17,sh.600388,3.4941547800,3.5546242500,3.1869045000,3.3290894700,3.5121321900,4563901,94372333.0000,2,3.951605,1,-5.211721,0
2008-01-18,sh.600388,3.3634099800,3.3830217000,3.2686200000,3.3503355000,3.3290894700,2497608,50682165.0000,2,2.162527,1,0.638189,0
2008-01-21,sh.600388,3.3503355000,3.3585070500,3.1297036500,3.1493153700,3.3503355000,3305731,65895927.0000,2,2.862232,1,-5.999998,0
2008-01-22,sh.600388,3.0398166000,3.1362408900,2.8338935400,2.8355278500,3.1493153700,4250617,77169866.0000,2,3.680351,1,-9.963675,0
2008-01-23,sh.600388,2.8682140500,3.1019203800,2.8682140500,3.1002860700,2.8355278500,3754916,68808814.0000,2,3.251154,1,9.337170,0
2008-01-24,sh.600388,3.1493153700,3.1869045000,3.0888459000,3.1509496800,3.1002860700,4557490,87499708.0000,2,3.946054,1,1.634167,0
2008-01-25,sh.600388,3.1280693400,3.1967103600,3.0904802100,3.1313379600,3.1509496800,2018766,38848833.0000,2,1.747927,1,-0.622411,0
2008-01-28,sh.600388,3.0855772800,3.0855772800,2.8682140500,2.9123404200,3.1313379600,2453109,44432777.0000,2,2.123998,1,-6.993738,0
2008-01-29,sh.600388,2.9417580000,3.1378752000,2.9205119700,3.0626969400,2.9123404200,2785771,51854099.0000,2,2.412030,1,5.162739,0
2008-01-30,sh.600388,3.0659655600,3.1525839900,2.9744442000,3.0643312500,3.0626969400,2040831,38547250.0000,2,1.767032,1,0.053363,0
2008-01-31,sh.600388,3.0725028000,3.1215321000,2.9254149000,2.9368550700,3.0643312500,1378200,25520165.0000,2,1.193300,1,-4.160004,0
2008-02-01,sh.600388,2.9254149000,3.0855772800,2.7603495900,2.8731169800,2.9368550700,1711158,30216478.0000,2,1.481588,1,-2.170280,0
2008-02-04,sh.600388,2.9891529900,3.1215321000,2.9417580000,3.1166291700,2.8731169800,2669654,49749690.0000,2,2.311491,1,8.475539,0
2008-02-05,sh.600388,3.1019203800,3.1656584700,2.9597354100,3.1215321000,3.1166291700,1794030,34051298.0000,2,1.553342,1,0.157319,0
2008-02-13,sh.600388,3.1378752000,3.1542183000,3.0725028000,3.0823086600,3.1215321000,1273367,24293595.0000,2,1.102531,1,-1.256543,0
2008-02-14,sh.600388,3.1460467500,3.1525839900,3.0855772800,3.1182634800,3.0823086600,994429,19035894.0000,2,0.861016,1,1.166486,0
2008-02-15,sh.600388,3.0921145200,3.1133605500,3.0071304000,3.0970174500,3.1182634800,1102552,20568986.0000,2,0.954633,1,-0.681337,0
2008-02-18,sh.600388,3.1329722700,3.1950760500,3.1231664100,3.1721957100,3.0970174500,2995754,58205416.0000,2,2.593842,1,2.427436,0
2008-02-19,sh.600388,3.1901731200,3.2293965600,3.1378752000,3.2261279400,3.1721957100,2320936,45405779.0000,2,2.009558,1,1.700154,0
2008-02-20,sh.600388,3.2604484500,3.3454325700,3.2016132900,3.2048819100,3.2261279400,3364623,67464954.0000,2,2.913223,1,-0.658557,0
2008-02-21,sh.600388,3.1999789800,3.2849631000,3.1542183000,3.2555455200,3.2048819100,2213908,43726798.0000,2,1.916889,1,1.580823,0
2008-02-22,sh.600388,3.2277622500,3.2490082800,3.0855772800,3.1149948600,3.2555455200,2034518,39255269.0000,2,1.761566,1,-4.317272,0
2008-02-25,sh.600388,3.1378752000,3.1787329500,3.0528910800,3.0626969400,3.1149948600,1568750,29658291.0000,2,1.358285,1,-1.678907,0
2008-02-26,sh.600388,3.1378752000,3.1869045000,3.0479881500,3.1411438200,3.0626969400,1818732,34744437.0000,2,1.574730,1,2.561364,0
2008-02-27,sh.600388,3.1558526100,3.3013062000,3.1427781300,3.2571798300,3.1411438200,2700721,53706398.0000,2,2.338390,1,3.694074,0
2008-02-28,sh.600388,3.2816944800,3.3290894700,3.2441053500,3.2539112100,3.2571798300,2877080,57956981.0000,2,2.491089,1,-0.100353,0
2008-02-29,sh.600388,3.2522769000,3.4320510000,3.2457396600,3.4304166900,3.2539112100,6326407,130709120.0000,2,5.477652,1,5.424409,0
2008-03-03,sh.600388,3.4565656500,3.7736217900,3.4369539300,3.7736217900,3.4304166900,16043229,358886436.0000,2,13.890859,1,10.004770,0
2008-03-04,sh.600388,3.8896578000,4.0694319000,3.7768904100,3.8259197100,3.7736217900,21673775,519270539.0000,2,18.766007,1,1.385880,0
2008-03-05,sh.600388,3.7834276500,4.2067139400,3.6935406000,4.1282670600,3.8259197100,15456494,369665176.0000,2,13.382840,1,7.902607,0
2008-03-06,sh.600388,4.1674905000,4.2165198000,3.9060009000,3.9158067600,4.1282670600,12183322,299577199.0000,2,10.548799,1,-5.146481,0
2008-03-07,sh.600388,3.8667774600,3.9223440000,3.6935406000,3.7523757600,3.9158067600,7664183,178585176.0000,2,6.635951,1,-4.173623,0
2008-03-10,sh.600388,3.6902719800,3.8814862500,3.6461456100,3.7850619600,3.7523757600,5539024,128586165.0000,2,4.795905,1,0.871084,0
2008-03-11,sh.600388,3.7262268000,3.8373598800,3.5676987300,3.8324569500,3.7850619600,5834021,132074001.0000,2,5.051325,1,1.252163,0
2008-03-12,sh.600388,3.9207096900,3.9877164000,3.7082493900,3.7262268000,3.8324569500,6455832,153602755.0000,2,5.589713,1,-2.771862,0
2008-03-13,sh.600388,3.6118251000,3.6608544000,3.3634099800,3.3732158400,3.7262268000,6134398,131347734.0000,2,5.311403,1,-9.473683,0
2008-03-14,sh.600388,3.3487011900,3.4631028900,3.3127463700,3.4189765200,3.3732158400,3038432,63160508.0000,2,2.630794,1,1.356593,0
2008-03-17,sh.600388,3.3993648000,3.4238794500,3.0774057300,3.0774057300,3.4189765200,4675100,91571283.0000,2,4.047885,1,-9.990440,0
2008-03-18,sh.600388,3.0038617800,3.1002860700,2.7701554500,2.8355278500,3.0774057300,5045660,89140827.0000,2,4.368731,1,-7.859796,0
2008-03-19,sh.600388,2.9417580000,3.1198977900,2.8518709500,3.1198977900,2.8355278500,8578081,161046570.0000,2,7.427240,1,10.028820,0
2008-03-20,sh.600388,3.1133605500,3.4320510000,2.9826157500,3.4304166900,3.1198977900,10369200,205784619.0000,2,8.978061,1,9.952853,0
2008-03-21,sh.600388,3.4304166900,3.5595271800,3.3176493000,3.3536041200,3.4304166900,8840585,185766966.0000,2,7.654526,1,-2.239158,0
2008-03-24,sh.600388,3.4271480700,3.5873104500,3.3585070500,3.3666786000,3.3536041200,6550925,139051471.0000,2,5.672049,1,0.389863,0
2008-03-25,sh.600388,3.2833287900,3.5758702800,3.2032476000,3.5317439100,3.3666786000,7369196,156028104.0000,2,6.380540,1,4.902914,0
2008-03-26,sh.600388,3.5791389000,3.5840418300,3.3960961800,3.4304166900,3.5317439100,4648208,98768550.0000,2,4.024601,1,-2.869046,0
2008-03-27,sh.600388,3.3356267100,3.3993648000,3.0872115900,3.0872115900,3.4304166900,5512206,108066400.0000,2,4.772685,1,-10.004770,0
2008-03-28,sh.600388,2.9956902300,3.3960961800,2.8927287000,3.3960961800,3.0872115900,6936454,135869584.0000,2,6.005855,1,10.005300,0
2008-03-31,sh.600388,3.2653513800,3.4614685800,3.1869045000,3.2637170700,3.3960961800,5307417,108156481.0000,2,4.595370,1,-3.897985,0
2008-04-01,sh.600388,3.2669856900,3.2996718900,2.9368550700,2.9401236900,3.2637170700,5382762,99874610.0000,2,4.660607,1,-9.914870,0
2008-04-02,sh.600388,3.0103990200,3.1869045000,2.8110132000,2.9760785100,2.9401236900,6312118,116100717.0000,2,5.465280,1,1.222898,0
2008-04-03,sh.600388,2.9074374900,3.1002860700,2.6819027100,2.9352207600,2.9760785100,5654497,99295805.0000,2,4.895886,1,-1.372872,0
2008-04-07,sh.600388,2.8453337100,3.1182634800,2.8126475100,3.0545253900,2.9352207600,5283151,97759405.0000,2,4.574360,1,4.064596,0
2008-04-08,sh.600388,3.0479881500,3.3503355000,3.0038617800,3.2604484500,3.0545253900,7123157,137258564.0000,2,6.167509,1,6.741574,0
2008-04-09,sh.600388,3.1869045000,3.3225522300,2.9450266200,2.9564667900,3.2604484500,5476338,105519502.0000,2,4.741629,1,-9.323311,0
2008-04-10,sh.600388,2.8616768100,3.1198977900,2.8616768100,3.0937488300,2.9564667900,3864453,71198416.0000,2,3.345995,1,4.643450,0
2008-04-11,sh.600388,3.1051890000,3.2293965600,3.0479881500,3.1378752000,3.0937488300,3915616,75239427.0000,2,3.390294,1,1.426310,0
2008-04-14,sh.600388,3.0185705700,3.0479881500,2.8763856000,2.9041688700,3.1378752000,6283203,113134402.0000,2,5.440244,1,-7.447918,0
2008-04-15,sh.600388,2.9090718000,3.0185705700,2.7178575300,2.9940559200,2.9041688700,5122959,91131657.0000,2,4.435659,1,3.095100,0
2008-04-16,sh.600388,2.9973245400,2.9973245400,2.8404307800,2.8486023300,2.9940559200,3184817,56605708.0000,2,2.757540,1,-4.858076,0
2008-04-17,sh.600388,2.8633111200,2.9384893800,2.6966115000,2.7440064900,2.8486023300,3688739,62987477.0000,2,3.193855,1,-3.671827,0
2008-04-18,sh.600388,2.6720968500,2.7456408000,2.5462549800,2.5544265300,2.7440064900,3653322,58510179.0000,2,3.163190,1,-6.908879,0
2008-04-21,sh.600388,2.7783270000,2.7783270000,2.5201060200,2.5871127300,2.5544265300,4177822,68100625.0000,2,3.617323,1,1.279589,0
2008-04-22,sh.600388,2.5184717100,2.5887470400,2.3746524300,2.5184717100,2.5871127300,3045064,46413168.0000,2,2.636536,1,-2.653191,0
2008-04-23,sh.600388,2.5168374000,2.6900742600,2.4710767200,2.6394106500,2.5184717100,3337110,53015110.0000,2,2.889401,1,4.802075,0
2008-04-24,sh.600388,2.8927287000,2.9041688700,2.7864985500,2.9041688700,2.6394106500,7346519,128897429.0000,2,6.360905,1,10.030970,0
2008-04-25,sh.600388,2.8910943900,3.0561597000,2.8436994000,2.9319521400,2.9041688700,6402170,116635404.0000,2,5.543251,1,0.956669,0
2008-04-28,sh.600388,2.8600425000,3.0921145200,2.8322592300,3.0185705700,2.9319521400,6426499,117660807.0000,2,5.564316,1,2.954285,0
2008-04-29,sh.600388,3.0071304000,3.0545253900,2.9417580000,2.9679069600,3.0185705700,4428113,81156236.0000,2,3.834034,1,-1.678395,0
2008-04-30,sh.600388,2.9499295500,3.0725028000,2.9499295500,3.0512567700,2.9679069600,6102653,112746680.0000,2,5.283917,1,2.808371,0
2008-05-05,sh.600388,3.0725028000,3.1525839900,2.9777128200,3.0937488300,3.0512567700,6406022,120434316.0000,2,5.546586,1,1.392610,0
2008-05-06,sh.600388,3.0398166000,3.2032476000,2.9662726500,3.0937488300,3.0937488300,7730193,146054310.0000,2,6.693105,1,0.000000,0
2008-05-07,sh.600388,3.0414509100,3.1705614000,3.0071304000,3.0169362600,3.0937488300,7406024,141109179.0000,2,6.412427,1,-2.482838,0
2008-05-08,sh.600388,2.9450266200,3.0643312500,2.9433923100,3.0561597000,3.0169362600,4627620,85273906.0000,2,4.006775,1,1.300117,0
2008-05-09,sh.600388,3.0643312500,3.1672927800,2.9907873000,3.0512567700,3.0561597000,6121812,115782198.0000,2,5.300506,1,-0.160432,0
2008-05-12,sh.600388,2.9940559200,3.1002860700,2.9156090400,3.0300107400,3.0512567700,5727251,105462426.0000,2,4.958879,1,-0.696300,0
2008-05-13,sh.600388,2.9090718000,2.9907873000,2.7799613100,2.7815956200,3.0300107400,8000249,139782626.0000,2,6.926930,1,-8.198491,0
2008-05-14,sh.600388,2.7456408000,2.8878257700,2.7456408000,2.8502366400,2.7815956200,4161084,72449961.0000,2,3.602830,1,2.467685,0
2008-05-15,sh.600388,2.8682140500,2.9662726500,2.8616768100,2.8780199100,2.8502366400,3566077,63681627.0000,2,2.774342,1,0.974771,0
2008-05-16,sh.600388,2.8616768100,2.9352207600,2.7489094200,2.8355278500,2.8780199100,2863216,49866429.0000,2,2.227529,1,-1.476435,0
2008-05-19,sh.600388,2.8927287000,2.9058031800,2.8142818200,2.8600425000,2.8355278500,1809702,31751284.0000,2,1.407914,1,0.864551,0
2008-05-20,sh.600388,2.8812885300,2.9058031800,2.6165303100,2.6851713300,2.8600425000,3126286,53455610.0000,2,2.432192,1,-6.114284,0
2008-05-21,sh.600388,2.6361420300,2.7619839000,2.5511579100,2.7276633900,2.6851713300,3210340,51573210.0000,2,2.497585,1,1.582472,0
2008-05-22,sh.600388,2.6966115000,2.7374692500,2.6475822000,2.6508508200,2.7276633900,2064229,34040843.0000,2,1.605932,1,-2.816065,0
2008-05-23,sh.600388,2.6508508200,2.6802684000,2.5560608400,2.5903813500,2.6508508200,2042452,32421531.0000,2,1.588990,1,-2.281128,0
2008-05-26,sh.600388,2.5658667000,2.6475822000,2.5282775700,2.5609637700,2.5903813500,1601218,25511619.0000,2,1.245718,1,-1.135649,0
2008-05-27,sh.600388,2.5429863600,2.6083587600,2.5413520500,2.5903813500,2.5609637700,1116998,17562288.0000,2,0.869004,1,1.148694,0
2008-05-28,sh.600388,2.5903813500,2.6884399500,2.5675010100,2.6671939200,2.5903813500,1681291,27150760.0000,2,1.308013,1,2.965295,0
2008-05-29,sh.600388,2.6704625400,2.6786340900,2.5920156600,2.5969185900,2.6671939200,1742676,28108416.0000,2,1.355770,1,-2.634800,0
2008-05-30,sh.600388,2.5691353200,2.6639253000,2.5527922200,2.6622909900,2.5969185900,1661145,26671529.0000,2,1.292340,1,2.517310,0
2008-06-02,sh.600388,2.6769997800,2.7734240700,2.6573880600,2.7325663200,2.6622909900,3201187,53332375.0000,2,2.490464,1,2.639646,0
2008-06-03,sh.600388,2.7325663200,2.7587152800,2.6769997800,2.7440064900,2.7325663200,2444825,40857102.0000,2,1.902028,1,0.418670,0
2008-06-04,sh.600388,2.7538123500,2.8126475100,2.7047830500,2.8077445800,2.7440064900,3833775,64944720.0000,2,2.982606,1,2.322807,0
2008-06-05,sh.600388,2.8191847500,2.8404307800,2.6835370200,2.7440064900,2.8077445800,3946925,66351132.0000,2,3.070634,1,-2.270078,0
2008-06-06,sh.600388,2.7489094200,2.8404307800,2.6802684000,2.7456408000,2.7440064900,5907762,100669565.0000,2,4.596129,1,0.059549,0
2008-06-10,sh.600388,2.5822098000,2.6148960000,2.4710767200,2.4710767200,2.7456408000,2656254,40714752.0000,2,2.066516,1,-9.999996,0
2008-06-11,sh.600388,2.3713838100,2.4269503500,2.2308331500,2.2406390100,2.4710767200,3828850,53354114.0000,2,2.978774,1,-9.325396,0
2008-06-12,sh.600388,2.1899754000,2.2765938300,2.1409461000,2.2063185000,2.2406390100,2432732,32945599.0000,2,1.892620,1,-1.531729,0
2008-06-13,sh.600388,2.2390047000,2.2700565900,2.0935511100,2.1049912800,2.2063185000,2299665,30759596.0000,2,1.789097,1,-4.592592,0
2008-06-16,sh.600388,2.1115285200,2.1572892000,1.9611720000,1.9938582000,2.1049912800,1814761,22500341.0000,2,1.411850,1,-5.279505,0
2008-06-17,sh.600388,1.9693435500,2.0347159500,1.8075468600,1.8108154800,1.9938582000,2560745,29626489.0000,2,1.992212,1,-9.180326,0
2008-06-18,sh.600388,1.8108154800,1.8108154800,1.8108154800,1.8108154800,1.8108154800,0,0.0000,2,,0,0.000000,0
2008-06-19,sh.600388,1.9105083900,1.9562690700,1.7421744600,1.7454430800,1.8108154800,7026559,80354549.0000,2,5.466532,1,-3.610105,0
2008-06-20,sh.600388,1.7977410000,1.8876280500,1.6915108500,1.8336958200,1.7454430800,4020565,44927772.0000,2,3.127925,1,5.056180,0
2008-06-23,sh.600388,1.8435016800,2.0167385400,1.8385987500,2.0085669900,1.8336958200,11216017,136173664.0000,2,8.725853,1,9.536539,0
2008-06-24,sh.600388,1.9922238900,2.1899754000,1.9333887300,2.1589235100,2.0085669900,11676864,147675533.0000,2,9.084383,1,7.485762,0
2008-06-25,sh.600388,2.1409461000,2.2520791800,2.0592306000,2.2063185000,2.1589235100,9903193,132769729.0000,2,7.704500,1,2.195306,0
2008-06-26,sh.600388,2.1736323000,2.2291988400,2.1229686900,2.1834381600,2.2063185000,7315144,97363327.0000,2,5.691046,1,-1.037040,0
2008-06-27,sh.600388,2.0919168000,2.1082599000,1.9644406200,1.9644406200,2.1834381600,5567403,68831448.0000,2,4.331336,1,-10.029930,0
2008-06-30,sh.600388,1.9023368400,2.0428875000,1.8794565000,1.9922238900,1.9644406200,3865499,46509532.0000,2,3.007286,1,1.414302,0
2008-07-01,sh.600388,2.0232757800,2.0428875000,1.9644406200,1.9742464800,1.9922238900,2555619,31273938.0000,2,1.988224,1,-0.902376,0
2008-07-02,sh.600388,2.0330816400,2.1719979900,2.0200071600,2.1719979900,1.9742464800,5325697,70059102.0000,2,4.143293,1,10.016560,0
2008-07-03,sh.600388,2.2913026200,2.3893612200,2.2733252100,2.3893612200,2.1719979900,12942742,184105661.0000,2,10.069213,1,10.007520,0
2008-07-04,sh.600388,2.3893612200,2.6067244500,2.3893612200,2.5103001600,2.3893612200,17083848,261067772.0000,2,13.290916,1,5.061558,0
2008-07-07,sh.600388,2.5119344700,2.6769997800,2.4743453400,2.5675010100,2.5103001600,12878893,203330228.0000,2,10.019539,1,2.278648,0
2008-07-08,sh.600388,2.5217403300,2.7685211400,2.5021286100,2.6688282300,2.5675010100,15773984,254523777.0000,2,12.271866,1,3.946530,0
2008-07-09,sh.600388,2.6148960000,2.7096859800,2.5969185900,2.6426792700,2.6688282300,12817875,207343000.0000,2,9.972068,1,-0.979791,0
2008-07-10,sh.600388,2.5985529000,2.6639253000,2.5478892900,2.5740382500,2.6426792700,10264741,163453811.0000,2,7.985778,1,-2.597403,0
2008-07-11,sh.600388,2.6328734100,2.7619839000,2.5168374000,2.6279704800,2.5740382500,8669006,140202647.0000,2,6.744325,1,2.095237,0
2008-07-14,sh.600388,2.6148960000,2.7407378700,2.5413520500,2.6622909900,2.6279704800,18349793,297039518.0000,2,14.275798,1,1.305976,0
2008-07-15,sh.600388,2.6639253000,2.6639253000,2.4187788000,2.4825168900,2.6622909900,13650316,210996224.0000,2,10.619692,1,-6.752617,0
2008-07-16,sh.600388,2.4351219000,2.5168374000,2.3632122600,2.4253160400,2.4825168900,6720172,100092175.0000,2,5.228169,1,-2.304144,0
2008-07-17,sh.600388,2.4972256800,2.5168374000,2.3697495000,2.3762867400,2.4253160400,5919601,88061002.0000,2,4.605339,1,-2.021564,0
2008-07-18,sh.600388,2.3860926000,2.4514650000,2.2226616000,2.4351219000,2.3762867400,6397580,92207765.0000,2,4.977198,1,2.475926,0
2008-07-21,sh.600388,2.4067008000,2.6223010800,2.3732744000,2.5387350800,2.4351132400,6145875,91939637.0000,2,4.781376,1,4.255318,0
2008-07-22,sh.600388,2.5270358400,2.6490422000,2.5069800000,2.5454203600,2.5387350800,6921107,107009951.0000,2,5.384493,1,0.263331,0
2008-07-23,sh.600388,2.5872033600,2.5872033600,2.4735536000,2.4969520800,2.5454203600,4266856,64283805.0000,2,3.319535,1,-1.904136,0
2008-07-24,sh.600388,2.5487630000,2.6824686000,2.5470916800,2.6657554000,2.4969520800,9783954,154150834.0000,2,7.611734,1,6.760377,0
2008-07-25,sh.600388,2.6089305200,2.7142236800,2.5922173200,2.6373429600,2.6657554000,7396585,117805985.0000,2,5.754406,1,-1.065831,0
2008-07-28,sh.600388,2.6791259600,2.6824686000,2.6005739200,2.6306576800,2.6373429600,4013885,63354358.0000,2,3.122728,1,-0.253485,0
2008-07-29,sh.600388,2.5821894000,2.6005739200,2.5103226400,2.5236932000,2.6306576800,3848957,58657054.0000,2,2.994417,1,-4.066070,0
2008-07-30,sh.600388,2.5604622400,2.6189584400,2.5404064000,2.5487630000,2.5236932000,3284079,50564885.0000,2,2.554952,1,0.993375,0
2008-07-31,sh.600388,2.5487630000,2.5738328000,2.3899876000,2.3966728800,2.5487630000,3700221,54470112.0000,2,2.878703,1,-5.967212,0
2008-08-01,sh.600388,2.3398480000,2.4651970000,2.3147782000,2.4184000400,2.3966728800,2885602,41193027.0000,2,2.244945,1,0.906600,0
2008-08-04,sh.600388,2.4150574000,2.4250853200,2.3231348000,2.3398480000,2.4184000400,2015294,28751843.0000,2,1.567861,1,-3.248100,0
2008-08-05,sh.600388,2.3415193200,2.3699317600,2.2562820000,2.2713238800,2.3398480000,1962461,27110023.0000,2,1.526758,1,-2.928600,0
2008-08-06,sh.600388,2.3231348000,2.3716030800,2.2713238800,2.3381766800,2.2713238800,2877376,40161078.0000,2,2.238545,1,2.943300,0
2008-08-07,sh.600388,2.3632464800,2.4033581600,2.3431906400,2.4000155200,2.3381766800,2591147,36937748.0000,2,2.015864,1,2.644700,0
2008-08-08,sh.600388,2.4067008000,2.4234140000,2.1593454400,2.1610167600,2.4000155200,3479702,47176898.0000,2,2.707143,1,-9.958200,0
2008-08-11,sh.600388,2.1392896000,2.1392896000,1.9454164800,1.9454164800,2.1610167600,3201772,38390225.0000,2,2.490919,1,-9.976800,0
2008-08-12,sh.600388,1.8752210400,1.9888708000,1.8183961600,1.9704862800,1.9454164800,4147248,47719427.0000,2,3.226482,1,1.288700,0
2008-08-13,sh.600388,1.9170040400,2.0239685200,1.9053048000,2.0089266400,1.9704862800,3038160,35768615.0000,2,2.363632,1,1.950800,0
2008-08-14,sh.600388,1.9888708000,2.0891500000,1.9704862800,2.0256398400,2.0089266400,3040088,36935721.0000,2,2.365132,1,0.831900,0
2008-08-15,sh.600388,2.0089266400,2.0607375600,1.9554444000,2.0222972000,2.0256398400,2329063,28047746.0000,2,1.811968,1,-0.165000,0
2008-08-18,sh.600388,2.0390104000,2.0640802000,1.8585078400,1.8635218000,2.0222972000,2687783,31337755.0000,2,2.091045,1,-7.851200,0
2008-08-19,sh.600388,1.8468086000,2.0507096400,1.8468086000,2.0507096400,1.8635218000,4190099,49118319.0000,2,3.259819,1,10.044800,0
2008-08-20,sh.600388,2.0507096400,2.2562820000,2.0222972000,2.2562820000,2.0507096400,8607809,111857182.0000,2,6.696715,1,10.024500,0
2008-08-21,sh.600388,2.1911005200,2.3047502800,2.1392896000,2.1777299600,2.2562820000,6774955,89034189.0000,2,5.270789,1,-3.481500,0
2008-08-22,sh.600388,2.1727160000,2.2128276800,2.0891500000,2.1743873200,2.1777299600,4777898,61483077.0000,2,3.717116,1,-0.153500,0
2008-08-25,sh.600388,2.1693733600,2.1977858000,2.1092058400,2.1275903600,2.1743873200,2704084,34859335.0000,2,2.103727,1,-2.152200,0
2008-08-26,sh.600388,2.0841360400,2.0958352800,1.9353885600,2.0089266400,2.1275903600,4112866,49551660.0000,2,3.199733,1,-5.577400,0
2008-08-27,sh.600388,1.9888708000,2.1359469600,1.9888708000,2.0841360400,2.0089266400,4822347,59627032.0000,2,3.751696,1,3.743800,0
2008-08-28,sh.600388,2.0724368000,2.0891500000,2.0022413600,2.0356677600,2.0841360400,2844717,34702421.0000,2,2.213137,1,-2.325600,0
2008-08-29,sh.600388,2.0473670000,2.2061424000,2.0423530400,2.1894292000,2.0356677600,4775833,60206601.0000,2,3.715509,1,7.553400,0
2008-09-01,sh.600388,2.1526601600,2.1710446800,2.0707654800,2.1008492400,2.1894292000,3586552,45432560.0000,2,2.790271,1,-4.045800,0
2008-09-02,sh.600388,2.0690941600,2.1158911200,2.0139406000,2.0674228400,2.1008492400,2369309,29241188.0000,2,1.843278,1,-1.591100,0
2008-09-03,sh.600388,2.0473670000,2.0975066000,2.0122692800,2.0640802000,2.0674228400,2557080,31287448.0000,2,1.989361,1,-0.161700,0
2008-09-04,sh.600388,2.0523809600,2.1225764000,2.0356677600,2.0891500000,2.0640802000,2199432,27321068.0000,2,1.711117,1,1.214600,0
2008-09-05,sh.600388,2.0390104000,2.0757794400,1.9688149600,1.9738289200,2.0891500000,3428835,41445228.0000,2,2.667570,1,-5.520000,0
2008-09-08,sh.600388,1.9755002400,2.0072553200,1.8551652000,1.8802350000,1.9738289200,2667846,30487349.0000,2,2.075535,1,-4.741700,0
2008-09-09,sh.600388,1.9002908400,1.9387312000,1.8618504800,1.9186753600,1.8802350000,1612679,18387688.0000,2,1.254634,1,2.044400,0
2008-09-10,sh.600388,1.8885916000,1.9821855200,1.8635218000,1.9270319600,1.9186753600,2494545,28967825.0000,2,1.940710,1,0.435500,0
2008-09-11,sh.600388,1.9170040400,1.9387312000,1.8702070800,1.8802350000,1.9270319600,2006353,22727524.0000,2,1.560905,1,-2.428400,0
2008-09-12,sh.600388,1.8802350000,1.9521017600,1.8802350000,1.9086474400,1.8802350000,2012713,23196591.0000,2,1.565853,1,1.511100,0
2008-09-16,sh.600388,1.9437451600,1.9805142000,1.8969482000,1.9287032800,1.9086474400,3275213,38069195.0000,2,2.548055,1,1.050800,0
2008-09-17,sh.600388,1.9638010000,1.9721576000,1.9053048000,1.9571157200,1.9287032800,2310274,26760083.0000,2,1.797350,1,1.473100,0
2008-09-18,sh.600388,1.8852489600,1.9871994800,1.7615712800,1.9387312000,1.9571157200,4753429,53279324.0000,2,3.698079,1,-0.939400,0
2008-09-19,sh.600388,2.1225764000,2.1326043200,2.1225764000,2.1326043200,1.9387312000,3639058,46392424.0000,2,2.831119,1,10.000000,0
2008-09-22,sh.600388,2.2562820000,2.3465332800,2.1225764000,2.2295408800,2.1326043200,9648746,129218171.0000,2,7.506545,1,4.545500,0
2008-09-23,sh.600388,2.1242477200,2.1376182800,2.0573949200,2.0590662400,2.2295408800,4584711,57453583.0000,2,3.566820,1,-7.646200,0
2008-09-24,sh.600388,2.0256398400,2.1309330000,2.0055840000,2.1292616800,2.0590662400,3434059,42896918.0000,2,2.671634,1,3.409100,0
2008-09-25,sh.600388,2.1392896000,2.2144990000,2.0975066000,2.1576741200,2.1292616800,6067266,78230974.0000,2,4.720220,1,1.334400,0
2008-09-26,sh.600388,2.1509888400,2.2312122000,2.0222972000,2.1760586400,2.1576741200,6519345,83190802.0000,2,5.071929,1,0.852100,0
2008-10-06,sh.600388,2.0891500000,2.2796804800,2.0724368000,2.2579533200,2.1760586400,8008173,106173858.0000,2,6.230210,1,3.763400,0
2008-10-07,sh.600388,2.1860865600,2.3465332800,2.1727160000,2.2044710800,2.2579533200,9991449,135921562.0000,2,7.773162,1,-2.368600,0
2008-10-08,sh.600388,2.1359469600,2.3365053600,2.0557236000,2.2596246400,2.2044710800,11414545,150882041.0000,2,8.880304,1,2.501900,0
2008-10-09,sh.600388,2.2897084000,2.2980650000,2.0891500000,2.1041918800,2.2596246400,6982677,91011599.0000,2,5.432393,1,-6.878700,0
2008-10-10,sh.600388,2.0139406000,2.0423530400,1.9186753600,1.9203466800,2.1041918800,5806776,68090760.0000,2,4.517564,1,-8.737100,0
2008-10-13,sh.600388,1.8802350000,1.9922134400,1.8434659600,1.9888708000,1.9203466800,3265022,37554977.0000,2,2.540126,1,3.568300,0
2008-10-14,sh.600388,2.0690941600,2.0858073600,1.8735497200,1.8919342400,1.9888708000,4117844,48965716.0000,2,3.203606,1,-4.873900,0
2008-10-15,sh.600388,1.8919342400,1.8919342400,1.8919342400,1.8919342400,1.8919342400,0,0.0000,2,,0,0.000000,0
2008-10-16,sh.600388,1.8133822000,1.8200674800,1.7682565600,1.7732705200,1.8919342400,3229118,34659030.0000,2,2.512194,1,-6.272100,0
2008-10-17,sh.600388,1.8050256000,1.8351093600,1.7632426000,1.8133822000,1.7732705200,1965187,21181317.0000,2,1.528879,1,2.262000,0
2008-10-20,sh.600388,1.8384520000,1.9170040400,1.8050256000,1.9103187600,1.8133822000,2254186,25202081.0000,2,1.753715,1,5.345600,0
2008-10-21,sh.600388,1.9220180000,1.9955560800,1.8635218000,1.8685357600,1.9103187600,3986573,46017628.0000,2,3.101480,1,-2.187200,0
2008-10-22,sh.600388,1.8367806800,1.8852489600,1.8066969200,1.8468086000,1.8685357600,2355883,26062879.0000,2,1.832833,1,-1.162800,0
2008-10-23,sh.600388,1.8033542800,1.8718784000,1.7816271200,1.8635218000,1.8468086000,1640821,17999431.0000,2,1.276528,1,0.905000,0
2008-10-24,sh.600388,1.8651931200,1.8802350000,1.8050256000,1.8217388000,1.8635218000,1450642,15949274.0000,2,1.128572,1,-2.242200,0
2008-10-27,sh.600388,1.7899837200,1.8033542800,1.6395649200,1.6429075600,1.8217388000,3638930,37053548.0000,2,2.831020,1,-9.816500,0
2008-10-28,sh.600388,1.5910966400,1.7515433600,1.5793974000,1.7114316800,1.6429075600,3444258,34588807.0000,2,2.679569,1,4.170900,0
2008-10-29,sh.600388,1.7348301600,1.7849697600,1.6395649200,1.6445788800,1.7114316800,3292066,33859852.0000,2,2.561166,1,-3.906200,0
2008-10-30,sh.600388,1.6529354800,1.6863618800,1.6044672000,1.6562781200,1.6445788800,2418042,23839782.0000,2,1.881192,1,0.711400,0
2008-10-31,sh.600388,1.6729913200,1.7030750800,1.6562781200,1.6579494400,1.6562781200,2008611,20170341.0000,2,1.562662,1,0.100900,0
2008-11-03,sh.600388,1.6362222800,1.7665852400,1.6261943600,1.7398441200,1.6579494400,4818418,49642998.0000,2,3.748640,1,4.939500,0
2008-11-04,sh.600388,1.7131030000,1.7365014800,1.6679773600,1.6780052800,1.7398441200,3064111,30981352.0000,2,2.383821,1,-3.554300,0
2008-11-05,sh.600388,1.6980611200,1.7548860000,1.6913758400,1.7298162000,1.6780052800,3175900,32895057.0000,2,2.470791,1,3.087600,0
2008-11-06,sh.600388,1.6897045200,1.7866410800,1.6729913200,1.7816271200,1.7298162000,4444669,46172805.0000,2,3.457870,1,2.995200,0
2008-11-07,sh.600388,1.7264735600,1.8200674800,1.7131030000,1.7565573200,1.7816271200,4732884,49984038.0000,2,3.682096,1,-1.407100,0
2008-11-10,sh.600388,1.8050256000,1.8718784000,1.7799558000,1.8635218000,1.7565573200,6437165,70829187.0000,2,5.007995,1,6.089400,0
2008-11-11,sh.600388,1.8534938800,1.8685357600,1.8000116400,1.8016829600,1.8635218000,4285482,46968548.0000,2,3.334025,1,-3.318400,0
2008-11-12,sh.600388,1.8033542800,1.8518225600,1.7966690000,1.8317667200,1.8016829600,2415190,26396668.0000,2,1.878973,1,1.669800,0
2008-11-13,sh.600388,1.8267527600,1.9521017600,1.8267527600,1.9170040400,1.8317667200,7140524,81854797.0000,2,5.555195,1,4.653300,0
2008-11-14,sh.600388,1.9387312000,2.0055840000,1.8936055600,2.0039126800,1.9170040400,8060176,94118287.0000,2,6.270667,1,4.533600,0
2008-11-17,sh.600388,2.0022413600,2.1476462000,1.9587870400,2.0741081200,2.0039126800,8261485,101157296.0000,2,6.427282,1,3.502900,0
2008-11-18,sh.600388,2.0674228400,2.1844152400,1.9972274000,2.1025205600,2.0741081200,14964805,190118665.0000,2,11.642340,1,1.369900,0
2008-11-19,sh.600388,2.0690941600,2.2178416400,2.0022413600,2.2061424000,2.1025205600,10780887,136902998.0000,2,8.387330,1,4.928500,0
2008-11-20,sh.600388,2.1459748800,2.1994571200,2.1108771600,2.1275903600,2.2061424000,6699360,86056476.0000,2,5.211977,1,-3.560600,0
2008-11-21,sh.600388,2.0390104000,2.1493175200,1.9571157200,2.0640802000,2.1275903600,5808938,71546059.0000,2,4.519246,1,-2.985100,0
2008-11-24,sh.600388,2.0707654800,2.1209050800,1.9805142000,1.9838568400,2.0640802000,3632317,44667121.0000,2,2.825875,1,-3.886600,0
2008-11-25,sh.600388,2.0273111600,2.0557236000,1.9521017600,2.0507096400,1.9838568400,3879977,46589958.0000,2,3.018550,1,3.369800,0
2008-11-26,sh.600388,2.0339964400,2.0490383200,1.9855281600,2.0005700400,2.0507096400,2190197,26410672.0000,2,1.703933,1,-2.445000,0
2008-11-27,sh.600388,2.1560028000,2.1660307200,2.0039126800,2.0055840000,2.0005700400,5625525,70360430.0000,2,4.376554,1,0.250600,0
2008-11-28,sh.600388,1.9888708000,2.0874786800,1.9755002400,2.0206258800,2.0055840000,4444991,54254340.0000,2,3.458120,1,0.750000,0
2008-12-01,sh.600388,2.0339964400,2.1359469600,1.9972274000,2.1041918800,2.0206258800,5329324,66531060.0000,2,4.146115,1,4.135600,0
2008-12-02,sh.600388,2.0390104000,2.1342756400,2.0390104000,2.1041918800,2.1041918800,5529268,69357574.0000,2,4.301668,1,0.000000,0
2008-12-03,sh.600388,2.1041918800,2.1041918800,2.1041918800,2.1041918800,2.1041918800,0,0.0000,2,,0,0.000000,0
2008-12-04,sh.600388,2.2128276800,2.2312122000,2.1727160000,2.1844152400,2.1041918800,9661497,127317306.0000,2,7.516465,1,3.812500,0
2008-12-05,sh.600388,2.1693733600,2.2512680400,2.1576741200,2.2395688000,2.1844152400,6549887,86890086.0000,2,5.095690,1,2.524900,0
2008-12-08,sh.600388,2.2746665200,2.3097642400,2.2328835200,2.2880370800,2.2395688000,7184255,97851659.0000,2,5.589217,1,2.164200,0
2008-12-09,sh.600388,2.2813518000,2.2813518000,2.1626880800,2.1710446800,2.2880370800,5914373,78243429.0000,2,4.601272,1,-5.113200,0
2008-12-10,sh.600388,2.1526601600,2.2479254000,2.1526601600,2.2312122000,2.1710446800,4388519,58067177.0000,2,3.414186,1,2.771400,0
2008-12-11,sh.600388,2.2495967200,2.2763378400,2.1576741200,2.1610167600,2.2312122000,3684725,48815378.0000,2,2.866648,1,-3.146100,0
2008-12-12,sh.600388,2.1476462000,2.1894292000,2.0390104000,2.0573949200,2.1610167600,3605365,45475572.0000,2,2.804907,1,-4.795100,0
2008-12-15,sh.600388,2.1058632000,2.2612959600,2.0724368000,2.2579533200,2.0573949200,8740739,114181829.0000,2,6.800132,1,9.748200,0
2008-12-16,sh.600388,2.2211842800,2.2696525600,2.1426322400,2.2663099200,2.2579533200,6258001,82453265.0000,2,4.868608,1,0.370100,0
2008-12-17,sh.600388,2.2663099200,2.3732744000,2.2429114400,2.2546106800,2.2663099200,11480072,159282059.0000,2,8.931283,1,-0.516200,0
2008-12-18,sh.600388,2.2395688000,2.2746665200,2.1894292000,2.2713238800,2.2546106800,4785385,63752541.0000,2,3.722941,1,0.741300,0
2008-12-19,sh.600388,2.2529393600,2.3314914000,2.2395688000,2.2546106800,2.2713238800,4530688,61951193.0000,2,3.524791,1,-0.735800,0
2008-12-22,sh.600388,2.2479254000,2.3047502800,2.2078137200,2.2495967200,2.2546106800,3282136,44266475.0000,2,2.553441,1,-0.222400,0
2008-12-23,sh.600388,2.2562820000,2.2780091600,2.1392896000,2.1426322400,2.2495967200,4052082,53535444.0000,2,3.152444,1,-4.754800,0
2008-12-24,sh.600388,2.1158911200,2.1209050800,2.0557236000,2.0824647200,2.1426322400,2915073,36343585.0000,2,2.267873,1,-2.808100,0
2008-12-25,sh.600388,2.0858073600,2.1560028000,2.0707654800,2.1192337600,2.0824647200,2657261,33522403.0000,2,2.067300,1,1.765700,0
2008-12-26,sh.600388,2.1192337600,2.1526601600,2.0858073600,2.1025205600,2.1192337600,2439778,30880850.0000,2,1.898102,1,-0.788600,0
2008-12-29,sh.600388,2.0858073600,2.1025205600,2.0256398400,2.0841360400,2.1025205600,2171389,26722417.0000,2,1.689300,1,-0.874400,0
2008-12-30,sh.600388,2.0807934000,2.0958352800,2.0222972000,2.0323251200,2.0841360400,2400890,29571059.0000,2,1.867848,1,-2.486000,0
2008-12-31,sh.600388,2.0423530400,2.0607375600,1.9805142000,1.9821855200,2.0323251200,2196878,26588532.0000,2,1.709130,1,-2.467100,0
2009-01-05,sh.600388,2.0022413600,2.0674228400,2.0022413600,2.0657515200,1.9821855200,2134092,26046444.0000,2,1.660284,1,4.215900,0
2009-01-06,sh.600388,2.0724368000,2.1877578800,2.0490383200,2.1493175200,2.0657515200,5231725,66600091.0000,2,4.070185,1,4.045300,0
2009-01-07,sh.600388,2.1392896000,2.1777299600,2.1225764000,2.1409609200,2.1493175200,2831759,36386582.0000,2,2.203056,1,-0.388800,0
2009-01-08,sh.600388,2.1142198000,2.2011284400,2.1025205600,2.1576741200,2.1409609200,3649017,47164581.0000,2,2.838867,1,0.780600,0
2009-01-09,sh.600388,2.1392896000,2.2295408800,2.1392896000,2.2195129600,2.1576741200,4287832,56245464.0000,2,3.335854,1,2.866000,0
2009-01-12,sh.600388,2.2295408800,2.2529393600,2.2011284400,2.2161703200,2.2195129600,4531402,60444941.0000,2,3.525346,1,-0.150600,0
2009-01-13,sh.600388,2.2061424000,2.2144990000,2.1426322400,2.1509888400,2.2161703200,2831398,36891436.0000,2,2.202775,1,-2.941200,0
2009-01-14,sh.600388,2.1342756400,2.2479254000,2.1342756400,2.2312122000,2.1509888400,3547391,47023703.0000,2,2.759804,1,3.729600,0
2009-01-15,sh.600388,2.2094850400,2.3181208400,2.2078137200,2.2963936800,2.2312122000,5931439,80886410.0000,2,4.614549,1,2.921300,0
2009-01-16,sh.600388,2.3114355600,2.3398480000,2.2729952000,2.2796804800,2.2963936800,4883283,67414823.0000,2,3.799103,1,-0.727800,0
2009-01-19,sh.600388,2.2746665200,2.3582325200,2.2746665200,2.3532185600,2.2796804800,5953781,82821529.0000,2,4.631931,1,3.225800,0
2009-01-20,sh.600388,2.3398480000,2.3916589200,2.3164495200,2.3716030800,2.3532185600,4903536,69199054.0000,2,3.814860,1,0.781200,0
2009-01-21,sh.600388,2.3348340400,2.4016868400,2.2897084000,2.3866449600,2.3716030800,5589806,78759519.0000,2,4.348765,1,0.634200,0
2009-01-22,sh.600388,2.3866449600,2.4735536000,2.3816310000,2.4016868400,2.3866449600,7052617,102105972.0000,2,5.486805,1,0.630300,0
2009-01-23,sh.600388,2.3565612000,2.3799596800,2.2729952000,2.2880370800,2.4016868400,7009730,97075025.0000,2,5.453440,1,-4.732083,0
2009-02-02,sh.600388,2.2963936800,2.3415193200,2.2963936800,2.3381766800,2.2880370800,2480191,34542282.0000,2,1.929542,1,2.191400,0
2009-02-03,sh.600388,2.3348340400,2.3782883600,2.3298200800,2.3716030800,2.3381766800,4178207,58803863.0000,2,3.250567,1,1.429600,0
2009-02-04,sh.600388,2.3816310000,2.4133860800,2.3565612000,2.3983442000,2.3716030800,4589517,65527328.0000,2,3.570559,1,1.127600,0
2009-02-05,sh.600388,2.4133860800,2.5487630000,2.3983442000,2.5170079200,2.3983442000,12701278,188794866.0000,2,9.881358,1,4.947700,0
2009-02-06,sh.600388,2.5019660400,2.7092097200,2.4869241600,2.6874825600,2.5170079200,10126013,159774421.0000,2,7.877850,1,6.772900,0
2009-02-09,sh.600388,2.7242516000,2.8646424800,2.6891538800,2.7894330800,2.6874825600,10533301,175880590.0000,2,8.194712,1,3.793500,0
2009-02-10,sh.600388,2.7626919600,2.8579572000,2.7242516000,2.8245308000,2.7894330800,6948547,116814673.0000,2,5.405840,1,1.258200,0
2009-02-11,sh.600388,2.7911044000,3.1069838800,2.7911044000,3.1036412400,2.8245308000,9636986,173444319.0000,2,7.497396,1,9.881700,0
2009-02-12,sh.600388,3.0735574800,3.0735574800,2.8947262400,3.0033620400,3.1036412400,7162291,127712388.0000,2,5.572129,1,-3.231000,0
2009-02-13,sh.600388,3.0083760000,3.3041996400,3.0083760000,3.3041996400,3.0033620400,7137314,137415054.0000,2,5.552698,1,10.016700,0
2009-02-16,sh.600388,3.4746742800,3.5081006800,3.3125562400,3.4262060000,3.3041996400,14050575,286729242.0000,2,10.931086,1,3.692500,0
2009-02-17,sh.600388,3.3643671600,3.3743950800,3.2340042000,3.3275981200,3.4262060000,8653883,171163571.0000,2,6.732560,1,-2.878000,0
2009-02-18,sh.600388,3.2674306000,3.3760664000,3.2590740000,3.3543392400,3.3275981200,8826202,175928110.0000,2,6.866621,1,0.803600,0
2009-02-19,sh.600388,3.4094928000,3.5766248000,3.2089344000,3.2256476000,3.3543392400,11230369,229582577.0000,2,8.737018,1,-3.836600,0
2009-02-20,sh.600388,3.1788506400,3.5097720000,3.1788506400,3.5064293600,3.2256476000,8941805,179238288.0000,2,6.956558,1,8.704700,0
2009-02-23,sh.600388,3.5181286000,3.6016946000,3.3994648800,3.4145067600,3.5064293600,12610217,262301073.0000,2,9.810514,1,-2.621500,0
2009-02-24,sh.600388,3.3342834000,3.4061501600,3.3041996400,3.3309407600,3.4145067600,11354020,227467875.0000,2,8.833216,1,-2.447400,0
2009-02-25,sh.600388,3.3593532000,3.3743950800,3.0083760000,3.2189623200,3.3309407600,11026874,209790906.0000,2,8.578703,1,-3.361800,0
2009-02-26,sh.600388,3.1721653600,3.1755080000,2.9749496000,3.0083760000,3.2189623200,9613656,176863866.0000,2,7.479246,1,-6.542100,0
2009-02-27,sh.600388,2.9749496000,3.0718861600,2.7710485600,2.8345587200,3.0083760000,8948607,155103327.0000,2,6.961850,1,-5.777783,0
2009-03-02,sh.600388,2.8830270000,3.0752288000,2.8830270000,3.0585156000,2.8345587200,10164869,180928056.0000,2,7.908079,1,7.900900,0
2009-03-03,sh.600388,2.9582364000,3.1337250000,2.9331666000,3.0852567200,3.0585156000,8592150,157079374.0000,2,6.684533,1,0.874300,0
2009-03-04,sh.600388,3.0852567200,3.2390181600,3.0852567200,3.2239762800,3.0852567200,10520924,199992365.0000,2,8.185083,1,4.496218,0
2009-03-05,sh.600388,3.2590740000,3.2724445600,3.0936133200,3.1621374400,3.2239762800,10919175,207855550.0000,2,8.494915,1,-1.918100,0
2009-03-06,sh.600388,3.1086552000,3.1387389600,3.0601869200,3.0852567200,3.1621374400,4923109,91137087.0000,2,3.830087,1,-2.431300,0
2009-03-09,sh.600388,3.1069838800,3.1420816000,2.9498798000,2.9532224400,3.0852567200,5027369,91209241.0000,2,3.911200,1,-4.279500,0
2009-03-10,sh.600388,2.9080968000,3.0033620400,2.8830270000,2.9966767600,2.9532224400,3100426,54637549.0000,2,2.412074,1,1.471400,0
2009-03-11,sh.600388,3.0635295600,3.1036412400,3.0000194000,3.0050333600,2.9966767600,3751944,68826891.0000,2,2.918943,1,0.278900,0
2009-03-12,sh.600388,2.9950054400,3.0802427600,2.9749496000,3.0652008800,3.0050333600,4793657,86721522.0000,2,3.729376,1,2.002200,0
2009-03-13,sh.600388,3.0835854000,3.1203544400,2.9766209200,3.0718861600,3.0652008800,6591029,120190890.0000,2,5.127698,1,0.218100,0
2009-03-16,sh.600388,3.0184039200,3.1203544400,3.0083760000,3.0785714400,3.0718861600,3966431,72825407.0000,2,3.085810,1,0.217600,0
2009-03-17,sh.600388,3.0919420000,3.1571234800,3.0418024000,3.1454242400,3.0785714400,9552105,177791518.0000,2,7.431360,1,2.171600,0
2009-03-18,sh.600388,3.1454242400,3.1454242400,3.1454242400,3.1454242400,3.1454242400,0,0.0000,2,,0,0.000000,0
2009-03-19,sh.600388,3.1487668800,3.2574026800,3.1487668800,3.2473747600,3.1454242400,11788812,226022645.0000,2,9.171476,1,3.241200,0
2009-03-20,sh.600388,3.2440321200,3.3292694400,3.1938925200,3.2808011600,3.2473747600,8593006,167609189.0000,2,6.685199,1,1.029300,0
2009-03-23,sh.600388,3.3058709600,3.3693811200,3.2691019200,3.3025283200,3.2808011600,7641471,151252930.0000,2,5.944922,1,0.662300,0
2009-03-24,sh.600388,3.3593532000,3.3643671600,3.2423608000,3.2523887200,3.3025283200,6231392,121890496.0000,2,4.847907,1,-1.518200,0
2009-03-25,sh.600388,3.2490460800,3.3075422800,3.1721653600,3.1938925200,3.2523887200,7357877,142051320.0000,2,5.724291,1,-1.798600,0
2009-03-26,sh.600388,3.1872072400,3.2540600400,3.1420816000,3.2490460800,3.1938925200,5701680,109542208.0000,2,4.435801,1,1.726800,0
2009-03-27,sh.600388,3.2691019200,3.5348418000,3.2323328800,3.5248138800,3.2490460800,14182822,286690263.0000,2,11.033972,1,8.487700,0
2009-03-30,sh.600388,3.5431984000,3.5448697200,3.4262060000,3.4362339200,3.5248138800,7060224,146546525.0000,2,5.492723,1,-2.513000,0
2009-03-31,sh.600388,3.3426400000,3.4763456000,3.2757872000,3.4746742800,3.4362339200,5089222,102486066.0000,2,3.959320,1,1.118700,0
2009-04-01,sh.600388,3.4917652000,3.5190980000,3.3670593000,3.5088482000,3.4746822000,5365124,108919139.0000,2,4.173967,1,0.983300,0
2009-04-02,sh.600388,3.5583889000,3.6643035000,3.5020150000,3.5020150000,3.5088482000,9375443,196647214.0000,2,7.293920,1,-0.194700,0
2009-04-03,sh.600388,3.5344727000,3.5361810000,3.3704759000,3.3790174000,3.5020150000,6605568,132403548.0000,2,5.139009,1,-3.512200,0
2009-04-07,sh.600388,3.4131834000,3.4644324000,3.3756008000,3.4336830000,3.3790174000,3270888,65273436.0000,2,2.544690,1,1.617800,0
2009-04-08,sh.600388,3.4080585000,3.4148917000,3.2936024000,3.3226435000,3.4336830000,4320169,84786855.0000,2,3.361011,1,-3.233800,0
2009-04-09,sh.600388,3.3141020000,3.3670593000,3.3004356000,3.3636427000,3.3226435000,3732138,72687227.0000,2,2.903534,1,1.233900,0
2009-04-10,sh.600388,3.3909755000,3.5737636000,3.3687676000,3.5208063000,3.3636427000,8582722,175455001.0000,2,6.677198,1,4.672400,0
2009-04-13,sh.600388,3.5344727000,3.5703470000,3.4507660000,3.5259312000,3.5208063000,6794747,139696961.0000,2,5.286187,1,0.145600,0
2009-04-14,sh.600388,3.5378893000,3.6455122000,3.4866403000,3.5976798000,3.5259312000,6933144,145414575.0000,2,5.393857,1,2.034900,0
2009-04-15,sh.600388,3.5754719000,3.5857217000,3.4507660000,3.5532640000,3.5976798000,6604953,136278099.0000,2,5.138531,1,-1.234600,0
2009-04-16,sh.600388,3.5276395000,3.8009675000,3.5054316000,3.7172608000,3.5532640000,15062430,325157617.0000,2,11.718290,1,4.615400,0
2009-04-17,sh.600388,3.7053027000,3.7070110000,3.5020150000,3.5720553000,3.7172608000,9172277,192768812.0000,2,7.135861,1,-3.906200,0
2009-04-20,sh.600388,3.5566806000,3.7206774000,3.5549723000,3.6403873000,3.5720553000,6125110,131479948.0000,2,4.765222,1,1.913000,0
2009-04-21,sh.600388,3.6130545000,3.7035944000,3.5310561000,3.6352624000,3.6403873000,7482310,157875695.0000,2,5.821098,1,-0.140800,0
2009-04-22,sh.600388,3.6865114000,3.7907177000,3.4695573000,3.4849320000,3.6352624000,8571329,183514040.0000,2,6.668335,1,-4.135300,0
2009-04-23,sh.600388,3.4183083000,3.5361810000,3.4183083000,3.4900569000,3.4849320000,3608258,73278369.0000,2,2.807158,1,0.147100,0
2009-04-24,sh.600388,3.5259312000,3.5344727000,3.4439328000,3.4763905000,3.4900569000,2832651,57741582.0000,2,2.203750,1,-0.391600,0
2009-04-27,sh.600388,3.4507660000,3.4780988000,3.2970190000,3.3055605000,3.4763905000,3530789,69066983.0000,2,2.746888,1,-4.914000,0
2009-04-28,sh.600388,3.2782277000,3.3909755000,3.2782277000,3.3721842000,3.3055605000,2854319,56130373.0000,2,2.220607,1,2.015500,0
2009-04-29,sh.600388,3.3721842000,3.5225146000,3.3721842000,3.4712656000,3.3721842000,3122329,63082748.0000,2,2.429114,1,2.938200,0
2009-04-30,sh.600388,3.5173897000,3.5635138000,3.4166000000,3.4490577000,3.4712656000,3569528,72733990.0000,2,2.777026,1,-0.639800,0
2009-05-04,sh.600388,3.4524743000,3.5669304000,3.4336830000,3.5600972000,3.4490577000,3649898,75290326.0000,2,2.839553,1,3.219400,0
2009-05-05,sh.600388,3.7240940000,3.8078007000,3.6113462000,3.6181794000,3.5600972000,10811268,233610264.0000,2,8.410965,1,1.631500,0
2009-05-06,sh.600388,3.5857217000,3.6677201000,3.5720553000,3.6096379000,3.6181794000,3890346,82389717.0000,2,3.026617,1,-0.236100,0
2009-05-07,sh.600388,3.6591786000,3.6591786000,3.4678490000,3.5908466000,3.6096379000,9127972,190260050.0000,2,7.101392,1,-0.520600,0
2009-05-08,sh.600388,3.5276395000,3.5823051000,3.4763905000,3.5549723000,3.5908466000,3958526,81761872.0000,2,3.079660,1,-0.999000,0
2009-05-11,sh.600388,3.5840134000,3.6130545000,3.4302664000,3.4336830000,3.5549723000,7528019,153584252.0000,2,5.856659,1,-3.411800,0
2009-05-12,sh.600388,3.4319747000,3.5156814000,3.4097668000,3.5122648000,3.4336830000,3571408,72575014.0000,2,2.778489,1,2.288600,0
2009-05-13,sh.600388,3.5190980000,3.5327644000,3.4524743000,3.4627241000,3.5122648000,3897687,79758317.0000,2,3.032328,1,-1.410500,0
2009-05-14,sh.600388,3.4678490000,3.6130545000,3.4336830000,3.5908466000,3.4627241000,5365751,111048926.0000,2,4.174454,1,3.700000,0
2009-05-15,sh.600388,3.6045130000,3.6301375000,3.4695573000,3.5447225000,3.5908466000,4004790,83001991.0000,2,2.398078,1,-1.284500,0
2009-05-18,sh.600388,3.5464308000,3.6181794000,3.4712656000,3.5481391000,3.5447225000,4467992,92975038.0000,2,2.675444,1,0.096400,0
2009-05-19,sh.600388,3.5737636000,3.5874300000,3.5071399000,3.5259312000,3.5481391000,4015499,82949524.0000,2,2.404490,1,-0.625900,0
2009-05-20,sh.600388,3.5071399000,3.5447225000,3.4524743000,3.4593075000,3.5259312000,4611990,93852888.0000,2,2.761671,1,-1.889500,0
2009-05-21,sh.600388,3.4268498000,3.5327644000,3.3756008000,3.4849320000,3.4593075000,5310081,106951094.0000,2,3.179689,1,0.740700,0
2009-05-22,sh.600388,3.5071399000,3.5276395000,3.4558909000,3.4746822000,3.4849320000,3845454,78841268.0000,2,2.302667,1,-0.294100,0
2009-05-25,sh.600388,3.3670593000,3.5498474000,3.3448514000,3.5378893000,3.4746822000,4211236,85094924.0000,2,2.521698,1,1.819100,0
2009-05-26,sh.600388,3.5532640000,3.7924260000,3.5378893000,3.6694284000,3.5378893000,10971162,237314241.0000,2,6.569558,1,3.718000,0
2009-05-27,sh.600388,3.7001778000,3.7343438000,3.6079296000,3.6506371000,3.6694284000,4266378,91367038.0000,2,2.554717,1,-0.512100,0
2009-06-01,sh.600388,3.6984695000,3.9034655000,3.6147628000,3.8505082000,3.6506371000,11706491,258987699.0000,2,7.009875,1,5.475000,0
2009-06-02,sh.600388,3.8522165000,3.9495896000,3.7855928000,3.8214671000,3.8505082000,7639353,172338671.0000,2,4.574463,1,-0.754200,0
2009-06-03,sh.600388,3.8095090000,3.8334252000,3.7616766000,3.8112173000,3.8214671000,4595173,101915319.0000,2,2.751601,1,-0.268200,0
2009-06-04,sh.600388,3.7890094000,3.7890094000,3.6301375000,3.6779699000,3.8112173000,7177874,154876452.0000,2,4.298128,1,-3.496200,0
2009-06-05,sh.600388,3.6830948000,3.7155525000,3.6301375000,3.6318458000,3.6779699000,4382122,93989237.0000,2,2.624025,1,-1.254100,0
2009-06-08,sh.600388,3.6318458000,3.7070110000,3.5959715000,3.6147628000,3.6318458000,3097724,66003910.0000,2,1.854925,1,-0.470400,0
2009-06-09,sh.600388,3.5908466000,3.6267209000,3.5037233000,3.5891383000,3.6147628000,3653923,76046682.0000,2,2.187978,1,-0.708900,0
2009-06-10,sh.600388,3.6625952000,3.6625952000,3.5703470000,3.6147628000,3.5891383000,2832760,59784896.0000,2,1.696263,1,0.713900,0
2009-06-11,sh.600388,3.6181794000,3.6933446000,3.5669304000,3.6181794000,3.6147628000,3960123,84342419.0000,2,2.371331,1,0.094500,0
2009-06-12,sh.600388,3.6233043000,3.6386790000,3.4695573000,3.5003067000,3.6181794000,4142680,85801705.0000,2,2.480647,1,-3.257800,0
2009-06-15,sh.600388,3.5020150000,3.5532640000,3.4815154000,3.5310561000,3.5003067000,1601036,32900106.0000,2,0.958704,1,0.878500,0
2009-06-16,sh.600388,3.5020150000,3.5464308000,3.4473494000,3.4815154000,3.5310561000,2701686,55219951.0000,2,1.617776,1,-1.403000,0
2009-06-17,sh.600388,3.4968901000,3.5327644000,3.4524743000,3.5242229000,3.4815154000,3032707,61944440.0000,2,1.815992,1,1.226700,0
2009-06-18,sh.600388,3.5327644000,3.5840134000,3.5242229000,3.5515557000,3.5242229000,3085605,64100361.0000,2,1.847668,1,0.775600,0
2009-06-19,sh.600388,3.5549723000,3.5635138000,3.4763905000,3.5054316000,3.5515557000,3875855,79596389.0000,2,2.320871,1,-1.298700,0
2009-06-22,sh.600388,3.5276395000,3.6113462000,3.5054316000,3.5105565000,3.5054316000,3994780,83235579.0000,2,2.392084,1,0.146200,0
2009-06-23,sh.600388,3.4678490000,3.5618055000,3.4217249000,3.5071399000,3.5105565000,3242466,66682055.0000,2,1.941596,1,-0.097300,0
2009-06-24,sh.600388,3.5105565000,3.5447225000,3.4678490000,3.5378893000,3.5071399000,2144486,44167994.0000,2,1.284123,1,0.876800,0
2009-06-25,sh.600388,3.5498474000,3.5703470000,3.5071399000,3.5139731000,3.5378893000,1805651,37304852.0000,2,1.081228,1,-0.676000,0
2009-06-26,sh.600388,3.5413059000,3.6130545000,3.5173897000,3.6062213000,3.5139731000,4004368,83731823.0000,2,2.397825,1,2.625200,0
2009-06-29,sh.600388,3.6028047000,3.6181794000,3.5600972000,3.5823051000,3.6062213000,3109409,65182423.0000,2,1.861922,1,-0.663200,0
2009-06-30,sh.600388,3.5925549000,3.5959715000,3.4695573000,3.5515557000,3.5823051000,4291438,88264659.0000,2,2.569723,1,-0.858400,0
2009-07-01,sh.600388,3.5173897000,3.6540537000,3.5037233000,3.6335541000,3.5515557000,7324722,154702208.0000,2,4.386061,1,2.308800,0
2009-07-02,sh.600388,3.6489288000,3.7548434000,3.6130545000,3.7035944000,3.6335541000,8199039,177112253.0000,2,4.909604,1,1.927600,0
2009-07-03,sh.600388,3.6540537000,3.7343438000,3.6045130000,3.7258023000,3.7035944000,5595538,120266133.0000,2,3.350622,1,0.599600,0
2009-07-06,sh.600388,3.7258023000,4.0059635000,3.6643035000,3.9820473000,3.7258023000,13275999,297548144.0000,2,7.949700,1,6.877600,0
2009-07-07,sh.600388,3.8949240000,3.9085904000,3.7941343000,3.8505082000,3.9820473000,10021114,225529977.0000,2,6.000667,1,-3.303297,0
2009-07-08,sh.600388,3.8129256000,3.8487999000,3.7240940000,3.7804679000,3.8505082000,5303135,117190473.0000,2,3.175530,1,-1.819000,0
2009-07-09,sh.600388,3.7975509000,3.8675912000,3.7855928000,3.8146339000,3.7804679000,4854833,108716995.0000,2,2.907086,1,0.903800,0
2009-07-10,sh.600388,3.8078007000,3.8949240000,3.7941343000,3.8265920000,3.8146339000,4794888,107996017.0000,2,2.871190,1,0.313500,0
2009-07-13,sh.600388,3.8112173000,3.8744244000,3.7582600000,3.7616766000,3.8265920000,5682214,126798675.0000,2,3.402523,1,-1.696400,0
2009-07-14,sh.600388,3.7719264000,3.8846742000,3.7719264000,3.8470916000,3.7616766000,5353137,120303422.0000,2,3.205471,1,2.270700,0
2009-07-15,sh.600388,3.8897991000,3.9598394000,3.8641746000,3.9051738000,3.8470916000,7235037,165836840.0000,2,4.332357,1,1.509800,0
2009-07-16,sh.600388,3.9205485000,3.9547145000,3.7890094000,3.7958426000,3.9051738000,6374076,143214894.0000,2,3.816812,1,-2.799600,0
2009-07-17,sh.600388,3.7668015000,3.8265920000,3.7582600000,3.7753430000,3.7958426000,4391928,97359757.0000,2,2.629897,1,-0.540100,0
2009-07-20,sh.600388,3.7838845000,3.9888805000,3.7838845000,3.8727161000,3.7753430000,9484802,217299690.0000,2,5.679522,1,2.579200,0
2009-07-21,sh.600388,3.8863825000,3.9085904000,3.7804679000,3.7873011000,3.8727161000,5623969,125615632.0000,2,3.367646,1,-2.205600,0
2009-07-22,sh.600388,3.7855928000,3.8522165000,3.7668015000,3.8231754000,3.7873011000,5248951,116960873.0000,2,3.143084,1,0.947200,0
2009-07-23,sh.600388,3.8351335000,3.8727161000,3.7838845000,3.8573414000,3.8231754000,4518885,101293707.0000,2,2.705919,1,0.893700,0
2009-07-24,sh.600388,3.9034655000,4.0332963000,3.8573414000,3.9854639000,3.8573414000,12660271,294247241.0000,2,7.581001,1,3.321500,0
2009-07-27,sh.600388,4.0367129000,4.1955848000,4.0367129000,4.0640457000,3.9854639000,10802989,259666990.0000,2,6.468856,1,1.971700,0
2009-07-28,sh.600388,4.0606291000,4.0999200000,3.9888805000,4.0572125000,4.0640457000,6434734,151576484.0000,2,3.853134,1,-0.168100,0
2009-07-29,sh.600388,4.0640457000,4.0657540000,3.6557620000,3.7531351000,4.0572125000,7731430,175714595.0000,2,4.629599,1,-7.494700,0
2009-07-30,sh.600388,3.7924260000,3.8248837000,3.6694284000,3.7838845000,3.7531351000,5377788,118056362.0000,2,3.220232,1,0.819300,0
2009-07-31,sh.600388,3.8078007000,3.9034655000,3.7719264000,3.8795493000,3.7838845000,5228803,117521943.0000,2,3.131020,1,2.528200,0
2009-08-03,sh.600388,3.8983406000,3.9427564000,3.8402584000,3.8932157000,3.8795493000,5570542,126186075.0000,2,3.335654,1,0.352300,0
2009-08-04,sh.600388,3.8915074000,3.8932157000,3.7411770000,3.8505082000,3.8932157000,5499702,123084695.0000,2,3.293235,1,-1.097000,0
2009-08-05,sh.600388,3.8624663000,4.0145050000,3.8624663000,4.0127967000,3.8505082000,9475751,219483021.0000,2,5.674102,1,4.214700,0
2009-08-06,sh.600388,3.9786307000,4.1306694000,3.8727161000,4.0008386000,4.0127967000,8059277,189560222.0000,2,4.825914,1,-0.298000,0
2009-08-07,sh.600388,4.0042552000,4.1357943000,3.9649643000,3.9700892000,4.0008386000,7641950,181161005.0000,2,4.576018,1,-0.768600,0
2009-08-10,sh.600388,4.0623374000,4.2348757000,3.9683809000,4.1836267000,3.9700892000,12697104,306546186.0000,2,7.603056,1,5.378700,0
2009-08-11,sh.600388,4.1819184000,4.2622085000,4.1204196000,4.1255445000,4.1836267000,8941247,219489462.0000,2,5.354040,1,-1.388300,0
2009-08-12,sh.600388,4.1152947000,4.1665437000,3.8949240000,3.9273817000,4.1255445000,6540833,153606258.0000,2,3.916666,1,-4.803300,0
2009-08-13,sh.600388,3.9974220000,4.1101698000,3.9393398000,3.9837556000,3.9273817000,7146587,168640060.0000,2,4.279393,1,1.435400,0
2009-08-14,sh.600388,3.9769224000,3.9769224000,3.7394687000,3.7514268000,3.9837556000,8309523,185563600.0000,2,4.975762,1,-5.831900,0
2009-08-17,sh.600388,3.7070110000,3.8436750000,3.5327644000,3.5361810000,3.7514268000,5565234,119321060.0000,2,3.332475,1,-5.737700,0
2009-08-18,sh.600388,3.5361810000,3.6198877000,3.4900569000,3.5720553000,3.5361810000,2889745,60150939.0000,2,1.730386,1,1.014500,0
2009-08-19,sh.600388,3.5618055000,3.5788885000,3.3807257000,3.4131834000,3.5720553000,5046450,103063509.0000,2,3.021826,1,-4.447600,0
2009-08-20,sh.600388,3.4524743000,3.5481391000,3.4302664000,3.5344727000,3.4131834000,2987324,61074911.0000,2,1.788817,1,3.553600,0
2009-08-21,sh.600388,3.5515557000,3.6335541000,3.5020150000,3.6284292000,3.5344727000,4050804,84855891.0000,2,2.425631,1,2.658300,0
2009-08-24,sh.600388,3.6472205000,3.8265920000,3.6130545000,3.7668015000,3.6284292000,5503215,119418987.0000,2,3.295338,1,3.813600,0
2009-08-25,sh.600388,3.7411770000,3.9427564000,3.6386790000,3.9256734000,3.7668015000,8066312,179655182.0000,2,4.830127,1,4.217700,0
2009-08-26,sh.600388,3.9085904000,4.0281714000,3.8795493000,3.9359232000,3.9256734000,7399340,171702534.0000,2,4.430743,1,0.261100,0
2009-08-27,sh.600388,3.9222568000,4.1135864000,3.8607580000,4.0486710000,3.9359232000,8301132,193637318.0000,2,4.970738,1,2.864600,0
2009-08-28,sh.600388,4.0469627000,4.0469627000,3.8556331000,3.9188402000,4.0486710000,5281379,121420074.0000,2,3.162502,1,-3.206800,0
2009-08-31,sh.600388,3.9393398000,4.0162133000,3.6403873000,3.6591786000,3.9188402000,7960100,178575415.0000,2,4.766527,1,-6.626000,0
2009-09-01,sh.600388,3.5891383000,3.7565517000,3.5498474000,3.5874300000,3.6591786000,4437459,94086826.0000,2,2.657161,1,-1.960800,0
2009-09-02,sh.600388,3.5874300000,3.6386790000,3.5532640000,3.6198877000,3.5874300000,2168032,45728859.0000,2,1.298223,1,0.904800,0
2009-09-03,sh.600388,3.6403873000,3.7907177000,3.6062213000,3.7668015000,3.6198877000,4095383,89343116.0000,2,2.452325,1,4.058500,0
2009-09-04,sh.600388,3.7668015000,3.8556331000,3.7668015000,3.8078007000,3.7668015000,4087360,91428334.0000,2,2.447521,1,1.088400,0
2009-09-07,sh.600388,3.8470916000,4.0384212000,3.8112173000,4.0298797000,3.8078007000,9662117,223614905.0000,2,5.785699,1,5.832200,0
2009-09-08,sh.600388,3.9991303000,4.0811287000,3.9290900000,4.0367129000,4.0298797000,7691469,180707664.0000,2,4.605670,1,0.169600,0
2009-09-09,sh.600388,4.0315880000,4.0418378000,3.9256734000,4.0025469000,4.0367129000,5509642,128398361.0000,2,3.299187,1,-0.846400,0
2009-09-10,sh.600388,3.9854639000,4.0281714000,3.8863825000,3.8915074000,4.0025469000,4504591,104205181.0000,2,2.697360,1,-2.774200,0
2009-09-11,sh.600388,3.9085904000,4.2809998000,3.9085904000,4.2809998000,3.8915074000,18106497,444573995.0000,2,10.842214,1,10.008800,0
2009-09-14,sh.600388,4.3134575000,4.6089934000,4.2690417000,4.4142472000,4.2809998000,19595239,502340859.0000,2,11.733676,1,3.112500,0
2009-09-15,sh.600388,4.3647065000,4.5269950000,4.3219990000,4.3237073000,4.4142472000,11832917,306017781.0000,2,7.085579,1,-2.051100,0
2009-09-16,sh.600388,4.3237073000,4.3237073000,4.3237073000,4.3237073000,4.3237073000,0,0.0000,2,,0,0.000000,0
2009-09-17,sh.600388,4.3510401000,4.5235784000,4.3459152000,4.4039974000,4.3237073000,9419987,244282317.0000,2,5.640711,1,1.857000,0
2009-09-18,sh.600388,4.4415800000,4.6055768000,4.3937476000,4.4637879000,4.4039974000,11950827,314016869.0000,2,7.156184,1,1.357600,0
2009-09-21,sh.600388,4.4159555000,4.7798234000,4.2536670000,4.7251578000,4.4637879000,12628937,334870516.0000,2,7.562238,1,5.855300,0
2009-09-22,sh.600388,4.7029499000,4.7644487000,4.4928290000,4.5099120000,4.7251578000,10066445,271974870.0000,2,6.027811,1,-4.555300,0
2009-09-23,sh.600388,4.5116203000,4.5679942000,4.3168741000,4.3305405000,4.5099120000,7847783,203350962.0000,2,4.699271,1,-3.977300,0
2009-09-24,sh.600388,4.3305405000,4.5252867000,4.3014994000,4.3834978000,4.3305405000,8469579,219497571.0000,2,5.071604,1,1.222900,0
2009-09-25,sh.600388,4.3800812000,4.3800812000,4.1990014000,4.2195010000,4.3834978000,6008092,149976987.0000,2,3.597660,1,-3.741200,0
2009-09-28,sh.600388,4.2536670000,4.2997911000,4.0657540000,4.0862536000,4.2195010000,4024459,98598235.0000,2,2.409856,1,-3.157900,0
2009-09-29,sh.600388,4.0930868000,4.1426275000,3.9290900000,4.0674623000,4.0862536000,4751537,112033467.0000,2,2.845232,1,-0.459900,0
2009-09-30,sh.600388,4.0828370000,4.1494607000,4.0674623000,4.0708789000,4.0674623000,3578561,86086729.0000,2,2.142851,1,0.084000,0
2009-10-09,sh.600388,4.1426275000,4.3698314000,4.1170030000,4.3561650000,4.0708789000,5948979,149124708.0000,2,3.562263,1,7.008000,0
2009-10-12,sh.600388,4.3476235000,4.4415800000,4.2861247000,4.3954559000,4.3561650000,5457989,139988487.0000,2,3.268257,1,0.902000,0
2009-10-13,sh.600388,4.3903310000,4.4740377000,4.3561650000,4.4467049000,4.3954559000,4519491,117203556.0000,2,2.706282,1,1.166000,0
2009-10-14,sh.600388,4.4603713000,4.4723294000,4.3664148000,4.3988725000,4.4467049000,6330821,164312463.0000,2,3.790911,1,-1.075700,0
2009-10-15,sh.600388,4.4364551000,4.4996622000,4.4022891000,4.4552464000,4.3988725000,4235827,110223565.0000,2,2.536423,1,1.281600,0
2009-10-16,sh.600388,4.4842875000,4.4842875000,4.3356654000,4.4057057000,4.4552464000,4567371,117545136.0000,2,2.734953,1,-1.112000,0
2009-10-19,sh.600388,4.4108306000,4.6124100000,4.3834978000,4.5765357000,4.4057057000,6612792,175147351.0000,2,3.959756,1,3.877500,0
2009-10-20,sh.600388,4.6021602000,4.6465760000,4.5338282000,4.5867855000,4.5765357000,5024600,134547445.0000,2,3.008743,1,0.224000,0
2009-10-21,sh.600388,4.5782440000,4.5782440000,4.4637879000,4.4723294000,4.5867855000,4752154,125842025.0000,2,2.845601,1,-2.495300,0
2009-10-22,sh.600388,4.4723294000,4.5611610000,4.4518298000,4.4859958000,4.4723294000,3634453,95616121.0000,2,2.176319,1,0.305600,0
2009-10-23,sh.600388,4.5013705000,4.5987436000,4.4808709000,4.5287033000,4.4859958000,4553089,121164012.0000,2,2.726401,1,0.952000,0
2009-10-26,sh.600388,4.5474946000,4.5611610000,4.4159555000,4.4484132000,4.5287033000,4394099,114747200.0000,2,2.631197,1,-1.772900,0
2009-10-27,sh.600388,4.4244970000,4.5543278000,4.3476235000,4.4620796000,4.4484132000,5402605,141720732.0000,2,3.235093,1,0.307200,0
2009-10-28,sh.600388,4.4501215000,4.5611610000,4.4501215000,4.5611610000,4.4620796000,4533967,119889902.0000,2,2.714950,1,2.220520,0
2009-10-29,sh.600388,4.5013705000,4.5389531000,4.4074140000,4.4467049000,4.5611610000,4103093,107279457.0000,2,2.456942,1,-2.509400,0
2009-10-30,sh.600388,4.5287033000,4.6038685000,4.4586630000,4.4962456000,4.4467049000,6715096,178250934.0000,2,4.021016,1,1.114100,0
2009-11-02,sh.600388,4.4039974000,4.6380345000,4.3476235000,4.6277847000,4.4962456000,9354406,247949234.0000,2,5.601441,1,2.925500,0
2009-11-03,sh.600388,4.6380345000,4.8156977000,4.6158266000,4.7781151000,4.6277847000,9271841,256234326.0000,2,5.552001,1,3.248400,0
2009-11-04,sh.600388,4.7849483000,4.8806131000,4.7405325000,4.7661570000,4.7781151000,6588056,185088050.0000,2,3.944944,1,-0.250300,0
2009-11-05,sh.600388,4.7661570000,4.8310724000,4.7166163000,4.8293641000,4.7661570000,5008148,140109784.0000,2,2.998891,1,1.326200,0
2009-11-06,sh.600388,4.8857380000,4.8857380000,4.7576155000,4.7678653000,4.8293641000,5336910,150413099.0000,2,3.195754,1,-1.273400,0
2009-11-09,sh.600388,4.7849483000,4.9335704000,4.7849483000,4.8635301000,4.7678653000,5495604,156583566.0000,2,3.290781,1,2.006400,0
2009-11-10,sh.600388,4.8925712000,4.9745696000,4.8481554000,4.8652384000,4.8635301000,4408423,126541765.0000,2,2.639774,1,0.035100,0
2009-11-11,sh.600388,4.8652384000,4.8771965000,4.7764068000,4.8327807000,4.8652384000,3952488,111530953.0000,2,2.366759,1,-0.667100,0
2009-11-12,sh.600388,4.8327807000,4.9284455000,4.8020313000,4.8344890000,4.8327807000,4215507,119651040.0000,2,2.524256,1,0.035300,0
2009-11-13,sh.600388,4.8174060000,5.3179379000,4.7986147000,5.3179379000,4.8344890000,13422674,400114514.0000,2,8.037529,1,10.000000,0
2009-11-16,sh.600388,5.3862699000,5.6322651000,5.3179379000,5.3401458000,5.3179379000,21315692,681329367.0000,2,12.763887,1,0.417600,0
2009-11-17,sh.600388,5.3555205000,5.3726035000,5.1949403000,5.3230628000,5.3401458000,10454177,321949378.0000,2,6.259986,1,-0.319900,0
2009-11-18,sh.600388,5.3093964000,5.4665600000,5.2701055000,5.4033529000,5.3230628000,9232991,290594273.0000,2,5.528737,1,1.508300,0
2009-11-19,sh.600388,5.3640620000,5.3965197000,5.2991466000,5.3538122000,5.4033529000,5220065,162898556.0000,2,3.125787,1,-0.916900,0
2009-11-20,sh.600388,5.3162296000,5.3213545000,5.1590660000,5.2701055000,5.3538122000,5423623,167419063.0000,2,3.247678,1,-1.563500,0
2009-11-23,sh.600388,5.3042715000,5.5485584000,5.3042715000,5.4392272000,5.2701055000,7822501,249468636.0000,2,4.684132,1,3.209100,0
2009-11-24,sh.600388,5.4494770000,5.4699766000,5.0924423000,5.1061087000,5.4392272000,8614959,267786892.0000,2,5.158658,1,-6.124400,0
2009-11-25,sh.600388,5.1334415000,5.3521039000,5.1334415000,5.3281877000,5.1061087000,6670344,205161427.0000,2,3.994218,1,4.349300,0
2009-11-26,sh.600388,5.3316043000,5.3555205000,5.0275269000,5.0446099000,5.3281877000,8109864,245466523.0000,2,4.856206,1,-5.322200,0
2009-11-27,sh.600388,5.1334415000,5.5178090000,5.1334415000,5.2701055000,5.0446099000,15516626,485870324.0000,2,9.291393,1,4.470000,0
2009-11-30,sh.600388,5.4323940000,5.7979702000,5.2974383000,5.7979702000,5.2701055000,18502212,610357775.0000,2,11.079169,1,10.016200,0
2009-12-01,sh.600388,5.8423860000,6.2011290000,5.7911370000,5.9055931000,5.7979702000,21583896,754344921.0000,2,12.924489,1,1.856200,0
2009-12-02,sh.600388,5.8253030000,5.8919267000,5.7586793000,5.8355528000,5.9055931000,11981435,407379474.0000,2,7.174512,1,-1.186000,0
2009-12-03,sh.600388,5.8423860000,6.1157140000,5.7398880000,6.0712982000,5.8355528000,11599830,404196643.0000,2,6.946006,1,4.039800,0
2009-12-04,sh.600388,6.0815480000,6.1140057000,5.5963908000,5.8253030000,6.0712982000,11983905,409431656.0000,2,7.175991,1,-4.051800,0
2009-12-07,sh.600388,5.8235947000,5.8987599000,5.7877204000,5.8628856000,5.8253030000,5824056,199212818.0000,2,3.487459,1,0.645200,0
2009-12-08,sh.600388,5.7894287000,5.8645939000,5.7262216000,5.7860121000,5.8628856000,5276776,179342571.0000,2,3.159746,1,-1.311200,0
2009-12-09,sh.600388,5.7381797000,5.7808872000,5.6373900000,5.6613062000,5.7860121000,4275595,142885156.0000,2,2.560237,1,-2.155300,0
2009-12-10,sh.600388,5.6818058000,5.7740540000,5.6442232000,5.7176801000,5.6613062000,3540612,118540662.0000,2,2.120127,1,0.995800,0
2009-12-11,sh.600388,5.7364714000,5.8697188000,5.6971805000,5.8065117000,5.7176801000,4762971,161966792.0000,2,2.852078,1,1.553600,0
2009-12-14,sh.600388,5.8150532000,5.8150532000,5.6442232000,5.7877204000,5.8065117000,4246937,142387214.0000,2,2.543076,1,-0.323600,0
2009-12-15,sh.600388,5.7569710000,5.8082200000,5.6852224000,5.7313465000,5.7877204000,2823131,95056342.0000,2,1.690498,1,-0.974000,0
2009-12-16,sh.600388,5.7193884000,5.8013868000,5.6886390000,5.7398880000,5.7313465000,2654152,89435495.0000,2,1.589313,1,0.149000,0
2009-12-17,sh.600388,5.7586793000,5.9431757000,5.7057220000,5.7262216000,5.7398880000,6276957,213674274.0000,2,3.758657,1,-0.238100,0
2009-12-18,sh.600388,5.6544730000,5.6561813000,5.2461893000,5.2888968000,5.7262216000,6591272,207913752.0000,2,3.946869,1,-7.637200,0
2009-12-21,sh.600388,5.2888968000,5.2888968000,5.2888968000,5.2888968000,5.2888968000,0,0.0000,2,,0,0.000000,0
2009-12-22,sh.600388,5.3384375000,5.3760201000,5.0480265000,5.0992755000,5.2888968000,5152132,157293771.0000,2,3.085109,1,-3.585300,0
2009-12-23,sh.600388,5.0907340000,5.2342312000,5.0907340000,5.2171482000,5.0992755000,3503216,106165984.0000,2,2.097734,1,2.311600,0
2009-12-24,sh.600388,5.2359395000,5.4648517000,5.2103150000,5.4358106000,5.2171482000,4091784,128818928.0000,2,2.450170,1,4.191200,0
2009-12-25,sh.600388,5.4358106000,5.6698477000,5.4118944000,5.5075592000,5.4358106000,4984806,162295097.0000,2,2.984914,1,1.319900,0
2009-12-28,sh.600388,5.5861410000,5.6288485000,5.4956011000,5.5400169000,5.5075592000,3641869,118505958.0000,2,2.180760,1,0.589300,0
2009-12-29,sh.600388,5.5553916000,5.6168904000,5.4887679000,5.6032240000,5.5400169000,3157882,102670319.0000,2,1.890947,1,1.140900,0
2009-12-30,sh.600388,5.6032240000,5.6339734000,5.5126841000,5.5758912000,5.6032240000,3426466,111444574.0000,2,2.051776,1,-0.487800,0
2009-12-31,sh.600388,5.5724746000,5.9226761000,5.5434335000,5.8663022000,5.5758912000,8774187,298459840.0000,2,5.254004,1,5.208300,0
2010-01-04,sh.600388,5.8560524000,5.8577607000,5.7228050000,5.7620959000,5.8663022000,4938676,166915719.0000,2,2.957291,1,-1.776400,0
2010-01-05,sh.600388,5.7620959000,5.9004682000,5.6903473000,5.8560524000,5.7620959000,4511058,153481786.0000,2,2.701232,1,1.630600,0
2010-01-06,sh.600388,5.8116366000,6.0610484000,5.7911370000,5.8355528000,5.8560524000,4956325,172679463.0000,2,2.967859,1,-0.350100,0
2010-01-07,sh.600388,5.7928453000,5.8611773000,5.6339734000,5.6595979000,5.8355528000,4622302,154714991.0000,2,2.767846,1,-3.015200,0
2010-01-08,sh.600388,5.6083489000,5.6971805000,5.5861410000,5.6886390000,5.6595979000,2939837,97027717.0000,2,1.760381,1,0.513100,0
2010-01-11,sh.600388,5.7057220000,5.8389694000,5.6203070000,5.7603876000,5.6886390000,3923781,131091113.0000,2,2.349569,1,1.261300,0
2010-01-12,sh.600388,5.7638042000,5.9602587000,5.7193884000,5.9517172000,5.7603876000,5529382,190392867.0000,2,3.311007,1,3.321500,0
2010-01-13,sh.600388,5.8082200000,6.0063828000,5.7774706000,5.8423860000,5.9517172000,5536222,191379630.0000,2,3.315103,1,-1.837000,0
2010-01-14,sh.600388,5.8765520000,6.1498800000,5.8253030000,6.1037559000,5.8423860000,6062281,213169817.0000,2,3.630108,1,4.473700,0
2010-01-15,sh.600388,6.1157140000,6.1481717000,5.9841749000,6.0507986000,6.1037559000,4166539,147802309.0000,2,2.494934,1,-0.867600,0
2010-01-18,sh.600388,6.0302990000,6.2967938000,5.9619670000,6.2301701000,6.0507986000,6184096,224127607.0000,2,3.703051,1,2.964400,0
2010-01-19,sh.600388,6.2318784000,6.2318784000,6.0986310000,6.1174223000,6.2301701000,4424714,159055915.0000,2,2.649529,1,-1.809700,0
2010-01-20,sh.600388,6.1071725000,6.2182120000,5.7911370000,5.8440943000,6.1174223000,6945817,244565897.0000,2,4.159172,1,-4.468000,0
2010-01-21,sh.600388,5.9004682000,5.9448840000,5.8133449000,5.8492192000,5.8440943000,3288906,113231839.0000,2,1.969405,1,0.087700,0
2010-01-22,sh.600388,5.7723457000,5.8218864000,5.5519750000,5.6971805000,5.8492192000,4354802,144960945.0000,2,2.607666,1,-2.599300,0
2010-01-25,sh.600388,5.6356817000,5.7791789000,5.5827244000,5.6561813000,5.6971805000,2117896,70834150.0000,2,1.268201,1,-0.719600,0
2010-01-26,sh.600388,5.6561813000,5.7825955000,5.5690580000,5.6527647000,5.6561813000,3451141,114848968.0000,2,2.066551,1,-0.060400,0
2010-01-27,sh.600388,5.6339734000,5.6664311000,5.3486873000,5.4221442000,5.6527647000,4818482,154224374.0000,2,2.885319,1,-4.079800,0
2010-01-28,sh.600388,5.4631434000,5.6783892000,5.4631434000,5.5229339000,5.4221442000,3646020,118503781.0000,2,2.183246,1,1.858900,0
2010-01-29,sh.600388,5.4665600000,5.6698477000,5.4238525000,5.5126841000,5.5229339000,3084960,100269466.0000,2,1.847281,1,-0.185600,0
2010-02-01,sh.600388,5.4665600000,5.4665600000,5.2615640000,5.3794367000,5.5126841000,4784304,149787222.0000,2,2.864853,1,-2.417100,0
2010-02-02,sh.600388,5.3931031000,5.4648517000,5.3162296000,5.3230628000,5.3794367000,2863361,90772165.0000,2,1.714587,1,-1.048000,0
2010-02-03,sh.600388,5.3794367000,5.4153110000,5.1419830000,5.3862699000,5.3230628000,2612097,81109628.0000,2,1.564130,1,1.187400,0
2010-02-04,sh.600388,5.3726035000,5.4614351000,5.2530225000,5.3743118000,5.3862699000,2485365,78155522.0000,2,1.488243,1,-0.222000,0
2010-02-05,sh.600388,5.2923134000,5.5502667000,5.2273980000,5.4204359000,5.3743118000,3641738,115648184.0000,2,2.180681,1,0.858200,0
2010-02-08,sh.600388,5.3982280000,5.4563102000,5.3469790000,5.3879782000,5.4204359000,1283300,40480254.0000,2,0.768443,1,-0.598800,0
2010-02-09,sh.600388,5.3879782000,5.7894287000,5.3486873000,5.6732643000,5.3879782000,5907799,193967048.0000,2,3.537604,1,5.294900,0
2010-02-10,sh.600388,5.6373900000,5.7228050000,5.5434335000,5.6766809000,5.6732643000,4199826,138516901.0000,2,2.514866,1,0.060200,0
2010-02-11,sh.600388,5.6544730000,5.8423860000,5.6476398000,5.7689291000,5.6766809000,4256671,143930425.0000,2,2.548905,1,1.625000,0
2010-02-12,sh.600388,5.7689291000,5.8082200000,5.7484295000,5.7723457000,5.7689291000,1985871,67172627.0000,2,1.189144,1,0.059200,0
2010-02-22,sh.600388,5.7689291000,5.8902184000,5.7193884000,5.7262216000,5.7723457000,2193780,74540466.0000,2,1.313641,1,-0.799100,0
2010-02-23,sh.600388,5.7313465000,5.8902184000,5.6117655000,5.8270113000,5.7262216000,3287485,110485784.0000,2,1.968554,1,1.760100,0
2010-02-24,sh.600388,5.8082200000,6.0610484000,5.7928453000,5.8850935000,5.8270113000,4968730,172917896.0000,2,2.975287,1,0.996800,0
2010-02-25,sh.600388,5.9021765000,6.1430468000,5.8389694000,6.0354239000,5.8850935000,6481032,228514721.0000,2,3.880857,1,2.554400,0
2010-02-26,sh.600388,6.0200492000,6.0815480000,5.9363425000,5.9995496000,6.0354239000,4423007,155674103.0000,2,2.648507,1,-0.594400,0
2010-03-01,sh.600388,5.9961330000,6.1635464000,5.9636753000,6.0935061000,5.9995496000,5673165,201633720.0000,2,3.397105,1,1.566100,0
2010-03-02,sh.600388,6.0935061000,6.1413385000,6.0268824000,6.0405488000,6.0935061000,3773095,134032602.0000,2,2.259338,1,-0.869100,0
2010-03-03,sh.600388,6.0644650000,6.1259638000,6.0029662000,6.0866729000,6.0405488000,4634369,164893842.0000,2,2.775071,1,0.763600,0
2010-03-04,sh.600388,6.0986310000,6.2284618000,5.7689291000,5.8048034000,6.0866729000,5947695,208138392.0000,2,3.561494,1,-4.630900,0
2010-03-05,sh.600388,5.8338445000,5.8748437000,5.6886390000,5.7091386000,5.8048034000,4350777,146499731.0000,2,2.605256,1,-1.648000,0
2010-03-08,sh.600388,5.7415963000,5.8065117000,5.7057220000,5.7484295000,5.7091386000,2444046,82395203.0000,2,1.463501,1,0.688200,0
2010-03-09,sh.600388,5.7552627000,5.7655125000,5.6322651000,5.7193884000,5.7484295000,3219600,106952562.0000,2,1.927904,1,-0.505200,0
2010-03-10,sh.600388,5.7210967000,5.7638042000,5.5434335000,5.5878493000,5.7193884000,3682735,121504462.0000,2,2.205231,1,-2.299900,0
2010-03-11,sh.600388,5.5963908000,5.6373900000,5.4853513000,5.5519750000,5.5878493000,3506245,114105800.0000,2,2.099548,1,-0.642000,0
2010-03-12,sh.600388,5.5519750000,5.6151821000,5.4921845000,5.5434335000,5.5519750000,2830429,91823389.0000,2,1.694868,1,-0.153800,0
2010-03-15,sh.600388,5.5827244000,5.6459315000,5.5348920000,5.6390983000,5.5434335000,3494557,114736727.0000,2,2.092549,1,1.725700,0
2010-03-16,sh.600388,5.6442232000,5.6698477000,5.5963908000,5.6681394000,5.6390983000,2624792,86564455.0000,2,1.571732,1,0.515000,0
2010-03-17,sh.600388,5.7176801000,5.7825955000,5.6595979000,5.7723457000,5.6681394000,3030743,101813564.0000,2,1.814816,1,1.838500,0
2010-03-18,sh.600388,5.8082200000,5.9073014000,5.7398880000,5.7877204000,5.7723457000,3429716,117048598.0000,2,2.053722,1,0.266400,0
2010-03-19,sh.600388,5.7928453000,5.8167615000,5.6886390000,5.7757623000,5.7877204000,2084900,70077385.0000,2,1.248443,1,-0.206600,0
2010-03-22,sh.600388,5.7740540000,5.7979702000,5.7398880000,5.7774706000,5.7757623000,1757832,59318212.0000,2,1.052594,1,0.029600,0
2010-03-23,sh.600388,5.7774706000,5.7979702000,5.6288485000,5.6339734000,5.7774706000,2650741,88214862.0000,2,1.587270,1,-2.483700,0
2010-03-24,sh.600388,5.6356817000,5.6818058000,5.5963908000,5.6373900000,5.6339734000,2488958,82083799.0000,2,1.490394,1,0.060600,0
2010-03-25,sh.600388,5.6117655000,5.6886390000,5.5690580000,5.5878493000,5.6373900000,2327612,76569807.0000,2,1.393780,1,-0.878800,0
2010-03-26,sh.600388,5.5946825000,5.7535544000,5.5946825000,5.7501378000,5.5878493000,3337429,111301328.0000,2,1.998460,1,2.904300,0
2010-03-29,sh.600388,5.7706374000,5.8389694000,5.7518461000,5.8082200000,5.7501378000,3052008,103549773.0000,2,1.827550,1,1.010100,0
2010-03-30,sh.600388,5.8235947000,5.8850935000,5.7911370000,5.8270113000,5.8082200000,2882032,98460235.0000,2,1.725768,1,0.323500,0
2010-03-31,sh.600388,5.8253030000,5.8423860000,5.7740540000,5.8150532000,5.8270113000,2807018,95239787.0000,2,1.680849,1,-0.205200,0
2010-04-01,sh.600388,5.8253030000,5.9892998000,5.8253030000,5.9602587000,5.8150532000,5711615,198764383.0000,2,3.420129,1,2.497100,0
2010-04-02,sh.600388,5.9517172000,5.9517172000,5.8680105000,5.9278010000,5.9602587000,3707939,128023780.0000,2,2.220323,1,-0.544600,0
2010-04-06,sh.600388,5.9431757000,5.9602587000,5.7843038000,5.8218864000,5.9278010000,3618804,123654224.0000,2,2.166949,1,-1.786700,0
2010-04-07,sh.600388,5.8218864000,5.8850935000,5.8082200000,5.8526358000,5.8218864000,2714319,92931049.0000,2,1.625341,1,0.528200,0
2010-04-08,sh.600388,5.8543441000,6.1293804000,5.8167615000,6.0507986000,5.8526358000,8317253,293958155.0000,2,4.980391,1,3.385900,0
2010-04-09,sh.600388,6.0473820000,6.2096705000,5.9961330000,6.1772128000,6.0507986000,6363984,227770630.0000,2,3.810769,1,2.089200,0
2010-04-12,sh.600388,6.2352950000,6.7153273000,6.2352950000,6.5820799000,6.1772128000,9823809,375282185.0000,2,5.882520,1,6.554200,0
2010-04-13,sh.600388,6.6111210000,6.6111210000,6.3207100000,6.5257060000,6.5820799000,7316863,276909206.0000,2,4.381355,1,-0.856500,0
2010-04-14,sh.600388,6.5598720000,6.7084941000,6.4197914000,6.6743281000,6.5257060000,5857896,226225310.0000,2,3.507722,1,2.277500,0
2010-04-15,sh.600388,6.6589534000,6.6589534000,6.0063828000,6.0115077000,6.6743281000,15304390,556334039.0000,2,9.164305,1,-9.930900,0
2010-04-16,sh.600388,6.1088808000,6.1464634000,5.8492192000,6.0097994000,6.0115077000,11863257,416693454.0000,2,7.103747,1,-0.028400,0
2010-04-19,sh.600388,5.9175512000,5.9756334000,5.7791789000,5.7945536000,6.0097994000,6730694,231750875.0000,2,4.030356,1,-3.581600,0
2010-04-20,sh.600388,5.8167615000,5.9568421000,5.7313465000,5.9517172000,5.7945536000,4752231,162954564.0000,2,2.845647,1,2.712300,0
2010-04-21,sh.600388,6.0166326000,6.0593401000,5.8748437000,6.0507986000,5.9517172000,7391551,259098484.0000,2,4.426078,1,1.664800,0
2010-04-22,sh.600388,5.9961330000,6.1498800000,5.8765520000,6.1174223000,6.0507986000,7792995,274557473.0000,2,4.666464,1,1.101100,0
2010-04-23,sh.600388,6.0986310000,6.2762942000,6.0815480000,6.1020476000,6.1174223000,6110314,221118440.0000,2,3.658871,1,-0.251300,0
2010-04-26,sh.600388,6.0832563000,6.1020476000,5.8936350000,5.9517172000,6.1020476000,4697927,164327617.0000,2,2.813130,1,-2.463600,0
2010-04-27,sh.600388,5.9483006000,5.9517172000,5.7023054000,5.7962619000,5.9517172000,3449591,117268632.0000,2,2.065623,1,-2.611900,0
2010-04-28,sh.600388,5.7484295000,5.8048034000,5.6203070000,5.6630145000,5.7962619000,2484916,83007200.0000,2,1.487974,1,-2.298900,0
2010-04-29,sh.600388,5.7586793000,5.9073014000,5.5348920000,5.5519750000,5.6630145000,4470005,150612481.0000,2,2.676650,1,-1.960800,0
2010-04-30,sh.600388,5.5707663000,5.6117655000,5.2735221000,5.3760201000,5.5519750000,3150388,98772911.0000,2,1.886460,1,-3.169200,0
2010-05-04,sh.600388,5.2957300000,5.4973094000,5.2410644000,5.4170193000,5.3760201000,2070557,65465711.0000,2,1.239854,1,0.762600,0
2010-05-05,sh.600388,5.3469790000,5.5485584000,5.3128130000,5.5417252000,5.4170193000,2873327,92362457.0000,2,1.720555,1,2.302100,0
2010-05-06,sh.600388,5.6373900000,5.7723457000,5.4341023000,5.4358106000,5.5417252000,4154304,136926072.0000,2,2.487607,1,-1.911200,0
2010-05-07,sh.600388,5.4136027000,5.4153110000,5.2273980000,5.2820636000,5.4358106000,2721952,84811489.0000,2,1.629911,1,-2.828400,0
2010-05-10,sh.600388,5.2820636000,5.3623537000,4.9540700000,5.0514431000,5.2820636000,3443270,102951861.0000,2,2.061838,1,-4.366100,0
2010-05-11,sh.600388,5.1863988000,5.2103150000,4.9455285000,4.9489451000,5.0514431000,2562929,76035188.0000,2,1.534688,1,-2.029100,0
2010-05-12,sh.600388,4.9489451000,4.9506534000,4.6978250000,4.7012416000,4.9489451000,2982106,83479503.0000,2,1.785692,1,-5.005200,0
2010-05-13,sh.600388,4.7405325000,4.8498637000,4.5748274000,4.8327807000,4.7012416000,4548477,125662128.0000,2,2.723639,1,2.798000,0
2010-05-14,sh.600388,4.7832400000,4.9147791000,4.7046582000,4.8601135000,4.8327807000,3212468,91000200.0000,2,1.923634,1,0.565600,0
2010-05-17,sh.600388,4.7507823000,4.8003230000,4.3749563000,4.3749563000,4.8601135000,5086314,134268618.0000,2,3.045697,1,-9.982400,0
2010-05-18,sh.600388,4.3749563000,4.3749563000,4.3749563000,4.3749563000,4.3749563000,0,0.0000,2,,0,0.000000,0
2010-05-19,sh.600388,4.4227887000,4.6636590000,4.3732480000,4.5543278000,4.3749563000,5836648,154552941.0000,2,3.494999,1,4.100000,0
2010-05-20,sh.600388,4.5235784000,4.6277847000,4.4774543000,4.4945373000,4.5543278000,3316573,88050020.0000,2,1.985972,1,-1.312800,0
2010-05-21,sh.600388,4.3869144000,4.4415800000,4.1648354000,4.4415800000,4.4945373000,10136750,255805926.0000,2,4.875782,1,-1.178300,0
2010-05-24,sh.600388,4.4654962000,4.8088645000,4.4415800000,4.7986147000,4.4415800000,9870182,269276470.0000,2,4.747562,1,8.038500,0
2010-05-25,sh.600388,4.7149080000,4.8191143000,4.6209515000,4.7746985000,4.7986147000,7371557,204533031.0000,2,3.545722,1,-0.498400,0
2010-05-26,sh.600388,4.7405325000,4.8156977000,4.6892835000,4.7371159000,4.7746985000,3353035,93019571.0000,2,1.612811,1,-0.787100,0
2010-05-27,sh.600388,4.7473657000,4.8310724000,4.6465760000,4.8122811000,4.7371159000,4777520,133090768.0000,2,2.297989,1,1.586700,0
2010-05-28,sh.600388,4.8669467000,4.8703633000,4.7678653000,4.8344890000,4.8122811000,6231833,175851661.0000,2,2.997515,1,0.461500,0
2010-05-31,sh.600388,4.7832400000,4.8054479000,4.5287033000,4.5457863000,4.8344890000,4999317,137719919.0000,2,2.404674,1,-5.971700,0
2010-06-01,sh.600388,4.5355365000,4.5355365000,4.2809998000,4.3817895000,4.5457863000,4495939,115652651.0000,2,2.162549,1,-3.607700,0
2010-06-02,sh.600388,4.3561650000,4.4842875000,4.2536670000,4.4774543000,4.3817895000,3815325,97065619.0000,2,1.835173,1,2.183200,0
2010-06-03,sh.600388,4.4894124000,4.5953270000,4.4586630000,4.4620796000,4.4774543000,4909558,129857488.0000,2,2.361500,1,-0.343400,0
2010-06-04,sh.600388,4.4279136000,4.4586630000,4.3219990000,4.4142472000,4.4620796000,3683842,94981370.0000,2,1.771930,1,-1.072000,0
2010-06-07,sh.600388,4.2861247000,4.3852061000,4.2724583000,4.3510401000,4.4142472000,2984708,75575611.0000,2,1.435646,1,-1.431900,0
2010-06-08,sh.600388,4.3732480000,4.5355365000,4.3732480000,4.4757460000,4.3510401000,5191887,135637775.0000,2,2.497300,1,2.866100,0
2010-06-09,sh.600388,4.5287033000,4.6431594000,4.4962456000,4.6380345000,4.4757460000,6469654,173604312.0000,2,3.111907,1,3.625950,0
2010-06-10,sh.600388,4.5953270000,4.6944084000,4.5782440000,4.6756171000,4.6380345000,5221235,141998271.0000,2,2.511417,1,0.810300,0
2010-06-11,sh.600388,4.7046582000,4.7131997000,4.6482843000,4.6636590000,4.6756171000,4453675,121941088.0000,2,2.142220,1,-0.255800,0
2010-06-17,sh.600388,4.7029499000,4.7576155000,4.6687839000,4.6807420000,4.6636590000,3803438,104710501.0000,2,1.829456,1,0.366300,0
2010-06-18,sh.600388,4.7576155000,4.8823214000,4.6414511000,4.6756171000,4.6807420000,8162248,227898199.0000,2,3.926045,1,-0.109500,0
2010-06-21,sh.600388,4.6756171000,4.7541989000,4.4091223000,4.7507823000,4.6756171000,5904201,160556681.0000,2,2.839924,1,1.607600,0
2010-06-22,sh.600388,4.7063665000,5.2256897000,4.7046582000,4.9489451000,4.7507823000,11854645,340506636.0000,2,5.702090,1,4.171200,0
2010-06-23,sh.600388,4.9079459000,4.9284455000,4.7866566000,4.8515720000,4.9489451000,5597972,159250692.0000,2,2.692627,1,-1.967600,0
2010-06-24,sh.600388,4.8344890000,4.9386953000,4.8003230000,4.8789048000,4.8515720000,5068536,144604313.0000,2,2.437968,1,0.563400,0
2010-06-25,sh.600388,4.8532803000,4.9762779000,4.7883649000,4.9489451000,4.8789048000,7299201,209583350.0000,2,3.510919,1,1.435600,0
2010-06-28,sh.600388,4.9762779000,5.0565680000,4.8361973000,5.0206937000,4.9489451000,6817053,197649691.0000,2,3.279006,1,1.449800,0
2010-06-29,sh.600388,5.0019024000,5.1898154000,4.6892835000,4.7217412000,5.0206937000,9405724,268646487.0000,2,4.524158,1,-5.954400,0
2010-06-30,sh.600388,4.6517009000,4.6841586000,4.4962456000,4.5030788000,4.7217412000,4687946,124801173.0000,2,2.254904,1,-4.631000,0
2010-07-01,sh.600388,4.5099120000,4.6021602000,4.4586630000,4.5577444000,4.5030788000,3818125,101424319.0000,2,1.836520,1,1.214000,0
2010-07-02,sh.600388,4.5438273000,4.5438273000,4.2617966400,4.4132575500,4.5577547400,3912321,98419206.0000,2,1.881828,1,-3.170400,0
2010-07-05,sh.600388,4.2826878000,4.4184803400,4.1886775800,4.3209882600,4.4132575500,2453934,60624180.0000,2,1.180343,1,-2.090700,0
2010-07-06,sh.600388,4.3227291900,4.4532989400,4.3175064000,4.4149984800,4.3209882600,2400754,60711560.0000,2,1.154764,1,2.175700,0
2010-07-07,sh.600388,4.4376305700,4.5246770700,4.4010710400,4.4776719600,4.4149984800,2267857,58299687.0000,2,1.090840,1,1.419600,0
2010-07-08,sh.600388,4.5211952100,4.5211952100,4.3523250000,4.3575477900,4.4776719600,2637114,66845105.0000,2,1.268453,1,-2.682700,0
2010-07-09,sh.600388,4.3662524400,4.5438273000,4.3610296500,4.5298998600,4.3575477900,4080092,105137891.0000,2,1.962526,1,3.955300,0
2010-07-12,sh.600388,4.5647184600,4.6152054300,4.5438273000,4.5803868300,4.5298998600,3972788,104536004.0000,2,1.910913,1,1.114500,0
2010-07-13,sh.600388,4.5542728800,4.5542728800,4.3923663900,4.4915994000,4.5803868300,3885358,99662111.0000,2,1.868859,1,-1.938400,0
2010-07-14,sh.600388,4.5177133500,4.6987700700,4.5177133500,4.6883244900,4.4915994000,8706322,230914884.0000,2,4.187745,1,4.379800,0
2010-07-15,sh.600388,4.6134645000,4.6308738000,4.5055268400,4.5403454400,4.6883244900,5402119,141793142.0000,2,2.598422,1,-3.156300,0
2010-07-16,sh.600388,4.4950812600,4.5507910200,4.4306668500,4.5211952100,4.5403454400,2919229,75283990.0000,2,1.404151,1,-0.421781,0
2010-07-19,sh.600388,4.4567808000,4.6082417100,4.4428533600,4.5943142700,4.5211952100,3246520,84910338.0000,2,1.561578,1,1.617300,0
2010-07-20,sh.600388,4.6134645000,4.7666663400,4.6047598500,4.7266249500,4.5943142700,5350990,144399991.0000,2,2.573829,1,2.879900,0
2010-07-21,sh.600388,4.7353296000,4.8641584200,4.6848426300,4.7335886700,4.7266249500,6346378,174915217.0000,2,3.052611,1,0.147300,0
2010-07-22,sh.600388,4.7353296000,4.8049668000,4.6761379800,4.7927802900,4.7335886700,4668015,127527136.0000,2,2.245317,1,1.250500,0
2010-07-23,sh.600388,4.8380444700,4.8380444700,4.7057337900,4.7666663400,4.7927802900,4222693,115262124.0000,2,2.031117,1,-0.544900,0
2010-07-26,sh.600388,4.7788528500,4.8101895900,4.7179203000,4.7892984300,4.7666663400,4079385,111537534.0000,2,1.962186,1,0.474800,0
2010-07-27,sh.600388,4.7840756400,4.9250909700,4.7179203000,4.8867905100,4.7892984300,6390018,177336284.0000,2,3.073602,1,2.035600,0
2010-07-28,sh.600388,4.8833086500,4.9512049200,4.8223761000,4.9372774800,4.8867905100,7028974,197812293.0000,2,3.380940,1,1.033100,0
2010-07-29,sh.600388,4.9407593400,5.0191011900,4.9094226000,4.9947281700,4.9372774800,7247675,206847361.0000,2,3.486135,1,1.163600,0
2010-07-30,sh.600388,4.9999509600,5.0173602600,4.9094226000,4.9773188700,4.9947281700,4514497,128900788.0000,2,2.171475,1,-0.348600,0
2010-08-02,sh.600388,4.9773188700,5.0434742100,4.9407593400,5.0156193300,4.9773188700,5455938,156488394.0000,2,2.624309,1,0.769500,0
2010-08-03,sh.600388,5.0661063000,5.1844895400,4.8920133000,4.9007179500,5.0156193300,7719397,224321857.0000,2,3.713034,1,-2.290900,0
2010-08-04,sh.600388,4.8989770200,4.9442412000,4.8206351700,4.9407593400,4.9007179500,4770725,134180962.0000,2,2.294721,1,0.817100,0
2010-08-05,sh.600388,4.9599095700,5.0574016500,4.9459821300,5.0173602600,4.9407593400,6570682,189250883.0000,2,3.160501,1,1.550400,0
2010-08-06,sh.600388,4.9982100300,5.1705621000,4.9895053800,5.1618574500,5.0173602600,8691263,254634830.0000,2,4.180502,1,2.879900,0
2010-08-09,sh.600388,5.2227900000,5.3011318500,5.1723030300,5.1966760500,5.1618574500,6647926,199345984.0000,2,3.197656,1,0.674500,0
2010-08-10,sh.600388,5.2018988400,5.2158262800,4.9320546900,4.9355365500,5.1966760500,6479329,188735022.0000,2,3.116560,1,-5.025100,0
2010-08-11,sh.600388,4.9425002700,5.0225830500,4.9181272500,4.9929872400,4.9355365500,3372936,96254928.0000,2,1.622384,1,1.164000,0
2010-08-12,sh.600388,4.9494639900,5.0730700200,4.9181272500,5.0382514200,4.9929872400,4509534,130192836.0000,2,2.169088,1,0.906600,0
2010-08-13,sh.600388,5.0661063000,5.1218160600,4.9895053800,5.1131114100,5.0382514200,4604214,133970979.0000,2,2.214629,1,1.485800,0
2010-08-16,sh.600388,5.0957021100,5.2610904600,5.0748109500,5.2193081400,5.1131114100,5997151,178910221.0000,2,2.884633,1,2.076900,0
2010-08-17,sh.600388,5.2489039500,5.4142923000,5.2489039500,5.3812146300,5.2193081400,8118938,248455646.0000,2,3.905213,1,3.102100,0
2010-08-18,sh.600388,5.3759918400,5.3794737000,5.2819816200,5.3080955700,5.3812146300,4332583,132393593.0000,2,2.083975,1,-1.358800,0
2010-08-19,sh.600388,5.3080955700,5.3551006800,5.2227900000,5.2489039500,5.3080955700,5317950,160855333.0000,2,2.557937,1,-1.115100,0
2010-08-20,sh.600388,5.2245309300,5.2941681300,5.0173602600,5.0434742100,5.2489039500,5128983,151304820.0000,2,2.467043,1,-3.913800,0
2010-08-23,sh.600388,5.0469560700,5.0991839700,5.0051737500,5.0243239800,5.0434742100,3107669,90042534.0000,2,1.494790,1,-0.379700,0
2010-08-24,sh.600388,5.0486970000,5.2001579100,5.0312877000,5.1427072200,5.0243239800,4006809,118378611.0000,2,1.927277,1,2.356200,0
2010-08-25,sh.600388,5.1009249000,5.1252979200,4.9129044600,4.9268319000,5.1427072200,4711839,135535495.0000,2,2.266397,1,-4.197700,0
2010-08-26,sh.600388,4.9581686400,4.9929872400,4.9268319000,4.9425002700,4.9268319000,2990224,85095183.0000,2,1.438299,1,0.318000,0
2010-08-27,sh.600388,4.9268319000,5.0608835100,4.9268319000,5.0539197900,4.9425002700,2565909,73738322.0000,2,1.234203,1,2.254300,0
2010-08-30,sh.600388,5.0417332800,5.1688211700,5.0417332800,5.1444481500,5.0539197900,3585992,105479868.0000,2,1.724864,1,1.791300,0
2010-08-31,sh.600388,5.1183342000,5.1897123300,5.0347695600,5.0817746700,5.1444481500,7566063,221600026.0000,2,3.639280,1,-1.218300,0
2010-09-01,sh.600388,5.1200751300,5.3028727800,5.0835156000,5.2750179000,5.0817746700,12516937,374796063.0000,2,6.020653,1,3.802700,0
2010-09-02,sh.600388,5.3098365000,5.3272458000,5.2245309300,5.2889453400,5.2750179000,8263794,250592016.0000,2,3.974889,1,0.264000,0
2010-09-03,sh.600388,5.2976499900,5.4125513700,5.2593495300,5.3237639400,5.2889453400,6572080,201702393.0000,2,3.161174,1,0.658300,0
2010-09-06,sh.600388,5.3272458000,5.3794737000,5.1775258200,5.1931941900,5.3237639400,6636219,199792902.0000,2,3.192025,1,-2.452600,0
2010-09-07,sh.600388,5.1966760500,5.2227900000,5.1357435000,5.1966760500,5.1931941900,3869288,114765471.0000,2,1.861129,1,0.067000,0
2010-09-08,sh.600388,5.1879714000,5.3028727800,5.1548937300,5.2750179000,5.1966760500,3767892,113489986.0000,2,1.812358,1,1.507534,0
2010-09-09,sh.600388,5.3620644000,5.3916602100,5.1235569900,5.1305207100,5.2750179000,6272335,189085479.0000,2,3.016996,1,-2.739300,0
2010-09-10,sh.600388,5.1409662900,5.1792667500,4.9964691000,5.1670802400,5.1305207100,5401428,157578563.0000,2,2.598089,1,0.712600,0
2010-09-13,sh.600388,5.1879714000,5.2959090600,5.1427072200,5.2819816200,5.1670802400,5455075,164812962.0000,2,2.623894,1,2.223700,0
2010-09-14,sh.600388,5.3011318500,5.6423541300,5.2941681300,5.5326755400,5.2819816200,12255772,383188199.0000,2,5.895032,1,4.746200,0
2010-09-15,sh.600388,5.5309346100,5.5779397200,5.3446551000,5.3777327700,5.5326755400,7807698,245530737.0000,2,3.755506,1,-2.800500,0
2010-09-16,sh.600388,5.3742509100,5.4630383400,5.3133183600,5.4264788100,5.3777327700,7432041,229821188.0000,2,3.574815,1,0.906400,0
2010-09-17,sh.600388,5.4264788100,5.5640122800,5.3690281200,5.5083025200,5.4264788100,6287101,198194863.0000,2,3.024099,1,1.507900,0
2010-09-20,sh.600388,5.5204890300,5.6249448300,5.3655462600,5.3812146300,5.5083025200,4988123,157478528.0000,2,2.399290,1,-2.307200,0
2010-09-21,sh.600388,5.3794737000,5.3794737000,5.1461890800,5.1723030300,5.3812146300,5303130,159101493.0000,2,2.550808,1,-3.882200,0
2010-09-27,sh.600388,5.2210490700,5.2732769700,5.1200751300,5.2436811600,5.1723030300,5117211,152474081.0000,2,2.461381,1,1.380000,0
2010-09-28,sh.600388,5.2401993000,5.2715360400,5.1078886200,5.1113704800,5.2436811600,4894999,145264075.0000,2,2.354497,1,-2.523200,0
2010-09-29,sh.600388,5.1113704800,5.1113704800,5.1113704800,5.1113704800,5.1113704800,0,0.0000,2,,0,0.000000,0
2010-09-30,sh.600388,5.0486970000,5.1792667500,4.9982100300,5.1740439600,5.1113704800,3411812,100187031.0000,2,1.641083,1,1.226200,0
2010-10-08,sh.600388,5.2193081400,5.2976499900,5.1775258200,5.2784997600,5.1740439600,4067899,122800948.0000,2,1.956661,1,2.018800,0
2010-10-11,sh.600388,5.2889453400,5.3846964900,5.1723030300,5.2976499900,5.2784997600,7916927,240194914.0000,2,3.808046,1,0.362800,0
2010-10-12,sh.600388,5.2976499900,5.3916602100,5.2401993000,5.3777327700,5.2976499900,5802610,178528330.0000,2,2.791058,1,1.511700,0
2010-10-13,sh.600388,5.3812146300,5.4473699700,5.3046137100,5.4264788100,5.3777327700,7090991,218885577.0000,2,3.410770,1,0.906400,0
2010-10-14,sh.600388,5.4229969500,5.4473699700,5.1357435000,5.2314946500,5.4264788100,7860819,237455980.0000,2,3.781058,1,-3.593200,0
2010-10-15,sh.600388,5.2053807000,5.4351834600,5.1374844300,5.2993909200,5.2314946500,10276909,313331806.0000,2,4.943198,1,1.297800,0
2010-10-18,sh.600388,5.3098365000,5.3742509100,4.9616505000,5.0086556100,5.2993909200,9225016,269768683.0000,2,4.437237,1,-5.486200,0
2010-10-19,sh.600388,5.0730700200,5.2245309300,5.0312877000,5.2036397700,5.0086556100,4721672,139761333.0000,2,2.271127,1,3.892900,0
2010-10-20,sh.600388,5.1026658300,5.2837225500,5.0626244400,5.1740439600,5.2036397700,5897861,175570437.0000,2,2.836874,1,-0.568800,0
2010-10-21,sh.600388,5.2018988400,5.3237639400,5.2018988400,5.2941681300,5.1740439600,6455779,195423229.0000,2,3.105233,1,2.321700,0
2010-10-22,sh.600388,5.3272458000,5.3725099800,5.2314946500,5.3376913800,5.2941681300,6037478,184134700.0000,2,2.904030,1,0.822100,0
2010-10-25,sh.600388,5.3411732400,5.5083025200,5.3289867300,5.4821885700,5.3376913800,7443426,233163325.0000,2,3.580291,1,2.707100,0
2010-10-26,sh.600388,5.5152662400,5.6057946000,5.4630383400,5.5953490200,5.4821885700,9866139,313137572.0000,2,4.745618,1,2.064100,0
2010-10-27,sh.600388,5.6110173900,5.7798876000,5.4978569400,5.5605304200,5.5953490200,9443265,306832588.0000,2,4.542215,1,-0.622300,0
2010-10-28,sh.600388,5.6388722700,5.7346234200,5.5152662400,5.5570485600,5.5605304200,6213892,200432996.0000,2,2.988885,1,-0.062600,0
2010-10-29,sh.600388,5.6040536700,5.7085094700,5.4055876500,5.7032866800,5.5570485600,10190164,324589791.0000,2,4.901474,1,2.631600,0
2010-11-01,sh.600388,5.7085094700,6.0723638400,5.7085094700,6.0009857100,5.7032866800,11862694,404420287.0000,2,5.705962,1,5.219800,0
2010-11-02,sh.600388,6.0236178000,6.1977108000,5.9365713000,6.0601773300,6.0009857100,11887158,414435707.0000,2,5.717729,1,0.986400,0
2010-11-03,sh.600388,6.0741047700,6.1924880100,5.8338564300,5.8564885200,6.0601773300,8262640,286970390.0000,2,3.974334,1,-3.361100,0
2010-11-04,sh.600388,5.9156801400,6.0149131500,5.8460429400,5.9835764100,5.8564885200,7102344,242072450.0000,2,3.416231,1,2.170000,0
2010-11-05,sh.600388,5.9626852500,6.1211098800,5.9626852500,6.0932550000,5.9835764100,7161143,248563817.0000,2,3.444513,1,1.833000,0
2010-11-08,sh.600388,6.0932550000,6.2569024200,6.0932550000,6.1820424300,6.0932550000,5967160,212119778.0000,2,2.870207,1,1.457100,0
2010-11-09,sh.600388,6.2499387000,6.3456898500,6.1402601100,6.1524466200,6.1820424300,7296082,261121556.0000,2,3.509419,1,-0.478700,0
2010-11-10,sh.600388,6.1367782500,6.1367782500,5.9383122300,5.9887992000,6.1524466200,6731316,232006206.0000,2,3.237766,1,-2.659900,0
2010-11-11,sh.600388,5.9887992000,6.1280736000,5.9226438600,5.9330894400,5.9887992000,7077642,246102607.0000,2,3.404349,1,-0.930200,0
2010-11-12,sh.600388,5.9156801400,5.9713899000,5.5152662400,5.5466029800,5.9330894400,8238291,272212325.0000,2,3.962622,1,-6.514100,0
2010-11-15,sh.600388,5.5709760000,5.7398462100,5.4943750800,5.7276597000,5.5466029800,6160614,199827314.0000,2,2.963258,1,3.264300,0
2010-11-16,sh.600388,5.7450690000,5.7798876000,5.3968830000,5.5483439100,5.7276597000,7806256,249777375.0000,2,3.754813,1,-3.130700,0
2010-11-17,sh.600388,5.4769657800,5.7450690000,5.4369243900,5.5883853000,5.5483439100,5386476,173649381.0000,2,2.590898,1,0.721700,0
2010-11-18,sh.600388,5.5796806500,5.6527997100,5.4839295000,5.5692350700,5.5883853000,3999226,128176886.0000,2,1.923630,1,-0.342700,0
2010-11-19,sh.600388,5.6127583200,5.6144992500,5.4351834600,5.5744578600,5.5692350700,5165161,164392014.0000,2,2.484445,1,0.093800,0
2010-11-22,sh.600388,5.5326755400,5.7659601600,5.5083025200,5.7346234200,5.5744578600,8952735,292637579.0000,2,4.306270,1,2.873200,0
2010-11-23,sh.600388,5.8251517800,6.1977108000,5.8060015500,5.9139392100,5.7346234200,15807912,542618269.0000,2,7.603613,1,3.126900,0
2010-11-24,sh.600388,5.8582294500,6.1628922000,5.8321155000,6.1541875500,5.9139392100,10824345,375093393.0000,2,5.206515,1,4.062400,0
2010-11-25,sh.600388,6.2238247500,6.4675549500,6.0915140700,6.1054415100,6.1541875500,10107591,362764901.0000,2,4.861756,1,-0.792100,0
2010-11-26,sh.600388,6.1124052300,6.3648400800,6.0932550000,6.2569024200,6.1054415100,9131168,328063209.0000,2,4.392096,1,2.480800,0
2010-11-29,sh.600388,6.2830163700,6.2882391600,6.1124052300,6.2029335900,6.2569024200,5113699,181869534.0000,2,2.459692,1,-0.862500,0
2010-11-30,sh.600388,6.1977108000,6.1977108000,5.7450690000,5.9766126900,6.2029335900,7619200,260880947.0000,2,3.664839,1,-3.648600,0
2010-12-01,sh.600388,5.9539806000,6.1367782500,5.9226438600,6.1071824400,5.9766126900,4715514,163377255.0000,2,2.268165,1,2.184700,0
2010-12-02,sh.600388,6.1785605700,6.2986847400,6.1385191800,6.2220838200,6.1071824400,6952893,247963115.0000,2,3.344345,1,1.881400,0
2010-12-03,sh.600388,6.2638661400,6.3683219400,6.1071824400,6.2481977700,6.2220838200,5338946,190931775.0000,2,2.568036,1,0.419700,0
2010-12-06,sh.600388,6.2168610300,6.3195759000,6.1280736000,6.2238247500,6.2481977700,5283316,187824698.0000,2,2.541278,1,-0.390100,0
2010-12-07,sh.600388,6.2325294000,6.3596172900,6.1280736000,6.3543945000,6.2238247500,7842530,282125439.0000,2,3.772261,1,2.097900,0
2010-12-08,sh.600388,6.3195759000,6.3857312400,6.1106643000,6.1141461600,6.3543945000,6180731,222157794.0000,2,2.972935,1,-3.780800,0
2010-12-09,sh.600388,6.0497317500,6.0497317500,5.8321155000,5.9087164200,6.1141461600,6523023,221947109.0000,2,3.137577,1,-3.359900,0
2010-12-10,sh.600388,5.9034936300,5.9783536200,5.7920741100,5.9557215300,5.9087164200,4754090,160688729.0000,2,2.286720,1,0.795500,0
2010-12-13,sh.600388,5.9992447800,6.2952028800,5.9992447800,6.2725707900,5.9557215300,9089562,322959724.0000,2,4.372084,1,5.320100,0
2010-12-14,sh.600388,6.2882391600,6.3335033400,6.1820424300,6.2986847400,6.2725707900,5532876,199054925.0000,2,2.661316,1,0.416300,0
2010-12-15,sh.600388,6.2743117200,6.3369852000,6.2325294000,6.2360112600,6.2986847400,3979291,143362400.0000,2,1.914041,1,-0.995000,0
2010-12-16,sh.600388,6.2412340500,6.5041144800,6.2412340500,6.4275135600,6.2360112600,9390434,346250130.0000,2,4.516803,1,3.070900,0
2010-12-17,sh.600388,6.4101042600,6.4414410000,6.3352442700,6.4135861200,6.4275135600,3837662,140741748.0000,2,1.845917,1,-0.216700,0
2010-12-20,sh.600388,6.4153270500,6.5546014500,6.0932550000,6.2656070700,6.4135861200,7247625,263664085.0000,2,3.486111,1,-2.307300,0
2010-12-21,sh.600388,6.2673480000,6.4988916900,6.2673480000,6.4745186700,6.2656070700,5355628,196329957.0000,2,2.576060,1,3.334300,0
2010-12-22,sh.600388,6.5023735500,6.5180419200,6.3282805500,6.3387261300,6.4745186700,5194285,191152780.0000,2,2.498454,1,-2.097300,0
2010-12-23,sh.600388,6.3387261300,6.3387261300,6.3387261300,6.3387261300,6.3387261300,0,0.0000,2,,0,0.000000,0
2010-12-24,sh.600388,6.0949959300,6.1628922000,5.9209029300,6.0845503500,6.3387261300,6555902,226805383.0000,2,3.153392,1,-4.009900,0
2010-12-27,sh.600388,6.0270996600,6.1402601100,5.8251517800,5.8460429400,6.0845503500,4617009,158936387.0000,2,2.220784,1,-3.919900,0
2010-12-28,sh.600388,5.8147062000,5.8147062000,5.6214629700,5.6510587800,5.8460429400,3814176,124699339.0000,2,1.834620,1,-3.335300,0
2010-12-29,sh.600388,5.6406132000,5.7589964400,5.6232039000,5.7346234200,5.6510587800,2347733,76920931.0000,2,1.129261,1,1.478700,0
2010-12-30,sh.600388,5.7381052800,5.7729238800,5.6615043600,5.7520327200,5.7346234200,2353885,77304478.0000,2,1.132220,1,0.303600,0
2010-12-31,sh.600388,5.7589964400,5.9104573500,5.7502917900,5.8895661900,5.7520327200,2723900,91700481.0000,2,1.310197,1,2.391000,0
2011-01-04,sh.600388,5.9365713000,6.1124052300,5.8930480500,6.0741047700,5.8895661900,5038963,174708869.0000,2,2.423744,1,3.133300,0
2011-01-05,sh.600388,6.0584364000,6.2586433500,6.0062085000,6.1054415100,6.0741047700,4342125,153075061.0000,2,2.088564,1,0.515900,0
2011-01-06,sh.600388,6.1193689500,6.1977108000,5.9800945500,6.1054415100,6.1054415100,4671526,163776908.0000,2,2.247006,1,0.000000,0
2011-01-07,sh.600388,6.0549545400,6.0862912800,5.9644261800,5.9870582700,6.1054415100,3047431,105522018.0000,2,1.465816,1,-1.939000,0
2011-01-10,sh.600388,5.9278666500,6.0375452400,5.7450690000,5.7520327200,5.9870582700,2409338,81568437.0000,2,1.158893,1,-3.925600,0
2011-01-11,sh.600388,5.6945820300,5.8094834100,5.6945820300,5.7955559700,5.7520327200,2283271,75503278.0000,2,1.098254,1,0.756700,0
2011-01-12,sh.600388,5.7955559700,5.8947889800,5.6754318000,5.7537736500,5.7955559700,2305921,76419652.0000,2,1.109149,1,-0.720900,0
2011-01-13,sh.600388,5.8129652700,5.8234108500,5.7294006300,5.7659601600,5.7537736500,1157773,38299899.0000,2,0.556889,1,0.211800,0
2011-01-14,sh.600388,5.7572555100,5.7624783000,5.5065615900,5.5239708900,5.7659601600,2680415,86123057.0000,2,1.289281,1,-4.196900,0
2011-01-17,sh.600388,5.5274527500,5.5883853000,5.3481369600,5.3551006800,5.5239708900,1825350,57130175.0000,2,0.877994,1,-3.057000,0
2011-01-18,sh.600388,5.3551006800,5.4717429900,5.3463960300,5.4421471800,5.3551006800,1383691,43151453.0000,2,0.665556,1,1.625500,0
2011-01-19,sh.600388,5.4491109000,5.5674941400,5.4247378800,5.5605304200,5.4421471800,2109489,66642116.0000,2,1.014665,1,2.175300,0
2011-01-20,sh.600388,5.5587894900,5.5587894900,5.3272458000,5.3446551000,5.5605304200,1860273,57966551.0000,2,0.894792,1,-3.882300,0
2011-01-21,sh.600388,5.3376913800,5.4473699700,5.3272458000,5.3777327700,5.3446551000,2049263,63275182.0000,2,0.985696,1,0.618900,0
2011-01-24,sh.600388,5.3794737000,5.3968830000,4.8397854000,4.8415263300,5.3777327700,9368732,269246134.0000,2,4.506365,1,-9.970900,0
2011-01-25,sh.600388,4.7875575000,4.8850495800,4.7544798300,4.8397854000,4.8415263300,2897614,80541591.0000,2,1.393754,1,-0.036000,0
2011-01-26,sh.600388,4.8380444700,4.9895053800,4.8363035400,4.9651323600,4.8397854000,2642027,74955425.0000,2,1.270816,1,2.589900,0
2011-01-27,sh.600388,4.9442412000,5.1061476900,4.8798267900,5.0539197900,4.9651323600,2625589,75894940.0000,2,1.262910,1,1.788200,0
2011-01-28,sh.600388,5.0138784000,5.0835156000,4.9808007300,5.0556607200,5.0539197900,1782435,51602417.0000,2,0.857352,1,0.034400,0
2011-01-31,sh.600388,5.0661063000,5.3620644000,5.0191011900,5.3080955700,5.0556607200,4123842,124253166.0000,2,1.983570,1,4.993100,0
2011-02-01,sh.600388,5.3620644000,5.4525927600,5.3463960300,5.3934011400,5.3080955700,2981161,92384210.0000,2,1.433940,1,1.607100,0
2011-02-09,sh.600388,5.3098365000,5.5500848400,5.3080955700,5.5413801900,5.3934011400,3165557,98554361.0000,2,1.522634,1,2.743700,0
2011-02-10,sh.600388,5.5083025200,5.6615043600,5.4456290400,5.6580225000,5.5413801900,3474488,111654239.0000,2,1.671230,1,2.104900,0
2011-02-11,sh.600388,5.5970899500,5.7433280700,5.5970899500,5.6440950600,5.6580225000,2670476,86922988.0000,2,1.284500,1,-0.246200,0
2011-02-14,sh.600388,5.6423541300,5.7119913300,5.5970899500,5.6928411000,5.6440950600,3418693,110718712.0000,2,1.644393,1,0.863700,0
2011-02-15,sh.600388,5.6771727300,5.6841364500,5.5361574000,5.5657532100,5.6928411000,6718710,215652873.0000,2,3.231703,1,-2.232400,0
2011-02-16,sh.600388,5.5448620500,5.6580225000,5.5013388000,5.6127583200,5.5657532100,2786389,89763589.0000,2,1.340254,1,0.844500,0
2011-02-17,sh.600388,5.6319085500,5.6580225000,5.5274527500,5.6423541300,5.6127583200,2952010,94940337.0000,2,1.419918,1,0.527300,0
2011-02-18,sh.600388,5.6336494800,5.9975038500,5.5587894900,5.9156801400,5.6423541300,7338973,244766844.0000,2,3.530050,1,4.844200,0
2011-02-21,sh.600388,5.8321155000,5.9661671100,5.8181880600,5.9400531600,5.9156801400,3059388,103664015.0000,2,1.471567,1,0.412000,0
2011-02-22,sh.600388,5.9731308300,6.0149131500,5.6545406400,5.6667271500,5.9400531600,4264561,142146411.0000,2,2.051256,1,-4.601400,0
2011-02-23,sh.600388,5.6580225000,5.7903331800,5.6423541300,5.7398462100,5.6667271500,2660629,87505757.0000,2,1.279764,1,1.290300,0
2011-02-24,sh.600388,5.7311415600,5.7972969000,5.6597634300,5.6980638900,5.7398462100,1965619,64511192.0000,2,0.945464,1,-0.727900,0
2011-02-25,sh.600388,5.6980638900,5.7537736500,5.5500848400,5.7172141200,5.6980638900,2751175,89411476.0000,2,1.323316,1,0.336100,0
2011-02-28,sh.600388,5.7415871400,5.9017527000,5.7415871400,5.8512657300,5.7172141200,3294589,110824749.0000,2,1.584699,1,2.344700,0
2011-03-01,sh.600388,5.9191620000,5.9365713000,5.8025196900,5.8704159600,5.8512657300,2343994,78985619.0000,2,1.127462,1,0.327285,0
2011-03-02,sh.600388,5.8651931700,5.8651931700,5.6371313400,5.7920741100,5.8704159600,3051739,100509098.0000,2,1.467888,1,-1.334500,0
2011-03-03,sh.600388,5.7885922500,5.8251517800,5.5883853000,5.6440950600,5.7920741100,2449767,80263943.0000,2,1.178339,1,-2.554900,0
2011-03-04,sh.600388,5.6493178500,5.7433280700,5.6057946000,5.7415871400,5.6440950600,3000962,97935525.0000,2,1.443464,1,1.727300,0
2011-03-07,sh.600388,5.7572555100,5.7642192300,5.6458359900,5.7555145800,5.7415871400,4359896,143067943.0000,2,2.097112,1,0.242600,0
2011-03-08,sh.600388,5.7572555100,5.8321155000,5.7137322600,5.7520327200,5.7555145800,2659740,88172558.0000,2,1.279336,1,-0.060500,0
2011-03-09,sh.600388,5.7624783000,5.7781466700,5.7032866800,5.7259187700,5.7520327200,2120720,69820284.0000,2,1.020067,1,-0.454000,0
2011-03-10,sh.600388,5.7259187700,5.7259187700,5.5814215800,5.5988308800,5.7259187700,3051192,98745536.0000,2,1.467625,1,-2.219500,0
2011-03-11,sh.600388,5.5988308800,5.6388722700,5.5309346100,5.5605304200,5.5988308800,3804503,121473977.0000,2,1.829968,1,-0.684100,0
2011-03-14,sh.600388,5.5431211200,5.6127583200,5.5257118200,5.5936080900,5.5605304200,2154234,68967808.0000,2,1.036188,1,0.594900,0
2011-03-15,sh.600388,5.6040536700,5.6040536700,5.3968830000,5.4752248500,5.5936080900,2988265,93733331.0000,2,1.437357,1,-2.116400,0
2011-03-16,sh.600388,5.4717429900,5.6162401800,5.4456290400,5.5779397200,5.4752248500,3613893,114617230.0000,2,1.738284,1,1.876000,0
2011-03-17,sh.600388,5.4752248500,5.6719499400,5.4525927600,5.5291936800,5.5779397200,4190758,134393344.0000,2,2.015757,1,-0.873900,0
2011-03-18,sh.600388,5.5570485600,5.6005718100,5.4804476400,5.5030797300,5.5291936800,2466971,78280207.0000,2,1.186614,1,-0.472300,0
2011-03-21,sh.600388,5.4839295000,5.5413801900,5.3098365000,5.3568416100,5.5030797300,3408118,105285936.0000,2,1.639306,1,-2.657400,0
2011-03-22,sh.600388,5.3620644000,5.3864374200,5.2193081400,5.2767588300,5.3568416100,2623018,79208174.0000,2,1.261673,1,-1.495000,0
2011-03-23,sh.600388,5.2819816200,5.3481369600,5.2663132500,5.3237639400,5.2767588300,2531735,77189933.0000,2,1.217766,1,0.890800,0
2011-03-24,sh.600388,5.3533597500,5.3951420700,5.2784997600,5.3080955700,5.3237639400,3566802,109132834.0000,2,1.715633,1,-0.294300,0
2011-03-25,sh.600388,5.3237639400,5.4229969500,5.2889453400,5.3794737000,5.3080955700,3619682,111810986.0000,2,1.741069,1,1.344700,0
2011-03-28,sh.600388,5.3881783500,5.4369243900,5.3098365000,5.3411732400,5.3794737000,3083479,95374202.0000,2,1.483155,1,-0.712000,0
2011-03-29,sh.600388,5.2489039500,5.3394323100,5.2489039500,5.2715360400,5.3411732400,2438234,73914145.0000,2,1.172792,1,-1.303800,0
2011-03-30,sh.600388,5.2750179000,5.3063546400,5.1688211700,5.1827486100,5.2715360400,1927993,57781947.0000,2,0.927366,1,-1.684300,0
2011-03-31,sh.600388,5.1792667500,5.1792667500,5.0138784000,5.0643653700,5.1827486100,3710501,108244528.0000,2,1.784753,1,-2.284200,0
2011-04-01,sh.600388,5.0695881600,5.1078886200,4.9982100300,5.0817746700,5.0643653700,3047605,88256081.0000,2,1.465899,1,0.343800,0
2011-04-06,sh.600388,5.0504379300,5.0800337400,4.9633914300,5.0278058400,5.0817746700,3296542,94628192.0000,2,1.585638,1,-1.062000,0
2011-04-07,sh.600388,5.0330286300,5.1235569900,5.0086556100,5.1218160600,5.0278058400,3697674,107868139.0000,2,1.778583,1,1.869800,0
2011-04-08,sh.600388,5.1252979200,5.1775258200,5.0661063000,5.1757848900,5.1218160600,2530294,74657886.0000,2,1.217073,1,1.053700,0
2011-04-11,sh.600388,5.1879714000,5.1966760500,5.0452151400,5.0486970000,5.1757848900,3432360,100617894.0000,2,1.650967,1,-2.455400,0
2011-04-12,sh.600388,5.0643653700,5.1392253600,5.0208421200,5.0800337400,5.0486970000,1961926,57356328.0000,2,0.943687,1,0.620700,0
2011-04-13,sh.600388,5.1444481500,5.3133183600,5.1392253600,5.3098365000,5.0800337400,7084709,213478406.0000,2,3.407748,1,4.523600,0
2011-04-14,sh.600388,5.3098365000,5.3115774300,5.2262718600,5.2349765100,5.3098365000,3180832,96155530.0000,2,1.529982,1,-1.409800,0
2011-04-15,sh.600388,5.2436811600,5.3080955700,5.2401993000,5.2941681300,5.2349765100,3890859,118081130.0000,2,1.871505,1,1.130700,0
2011-04-18,sh.600388,5.2976499900,5.2976499900,5.1635983800,5.2262718600,5.2941681300,2845566,85259314.0000,2,1.368719,1,-1.282500,0
2011-04-19,sh.600388,5.1723030300,5.1844895400,5.0138784000,5.0782928100,5.2262718600,3493782,101930169.0000,2,1.680511,1,-2.831400,0
2011-04-20,sh.600388,5.0748109500,5.0991839700,5.0452151400,5.0782928100,5.0782928100,2363582,68841222.0000,2,1.136884,1,0.000000,0
2011-04-21,sh.600388,5.1096295500,5.1165932700,5.0399923500,5.0626244400,5.0782928100,2170649,63145515.0000,2,1.044083,1,-0.308500,0
2011-04-22,sh.600388,5.0904793200,5.1322616400,5.0486970000,5.0800337400,5.0626244400,2316303,67774717.0000,2,1.114143,1,0.343900,0
2011-04-25,sh.600388,5.0521788600,5.0539197900,4.9129044600,4.9285728300,5.0800337400,2305539,65548659.0000,2,1.108965,1,-2.981500,0
2011-04-26,sh.600388,4.9285728300,4.9633914300,4.7753709900,4.8746040000,4.9285728300,3034383,84627092.0000,2,1.459540,1,-1.095000,0
2011-04-27,sh.600388,4.8746040000,4.9320546900,4.7701482000,4.8154123800,4.8746040000,2344134,65438078.0000,2,1.127530,1,-1.214300,0
2011-04-28,sh.600388,4.8397854000,4.8537128400,4.6935472800,4.6952882100,4.8154123800,1920130,52542917.0000,2,0.923583,1,-2.494600,0
2011-04-29,sh.600388,4.6952882100,4.7945212200,4.6691742600,4.7892984300,4.6952882100,1711760,46435704.0000,2,0.823357,1,2.002200,0
2011-05-03,sh.600388,4.7962621500,4.8589356300,4.7074747200,4.8484900500,4.7892984300,1943664,53361782.0000,2,0.934903,1,1.235900,0
2011-05-04,sh.600388,4.8310807500,4.8310807500,4.6831017000,4.6970291400,4.8484900500,1920208,52052914.0000,2,0.923621,1,-3.123900,0
2011-05-05,sh.600388,4.6970291400,4.7057337900,4.5995370600,4.6448012400,4.6970291400,1713637,45787593.0000,2,0.824260,1,-1.111900,0
2011-05-06,sh.600388,4.6395784500,4.7057337900,4.5716821800,4.6831017000,4.6448012400,1307571,34898720.0000,2,0.628942,1,0.824600,0
2011-05-09,sh.600388,4.6778789100,4.7875575000,4.6778789100,4.7771119200,4.6831017000,1888192,51458500.0000,2,0.908221,1,2.007400,0
2011-05-10,sh.600388,4.7927802900,4.7927802900,4.7266249500,4.7666663400,4.7771119200,949571,25924472.0000,2,0.456744,1,-0.218700,0
2011-05-11,sh.600388,4.7666663400,4.8136714500,4.7527389000,4.7684072700,4.7666663400,1001436,27504717.0000,2,0.481691,1,0.036500,0
2011-05-12,sh.600388,4.7527389000,4.7753709900,4.6656924000,4.7057337900,4.7684072700,1446375,39227827.0000,2,0.695707,1,-1.314300,0
2011-05-13,sh.600388,4.7005110000,4.7858165700,4.6848426300,4.7579616900,4.7057337900,1255753,34094999.0000,2,0.604018,1,1.109900,0
2011-05-16,sh.600388,4.7527389000,4.8049668000,4.7179203000,4.7875575000,4.7579616900,1108335,30455406.0000,2,0.533110,1,0.622000,0
2011-05-17,sh.600388,4.7718891300,4.8310807500,4.7475161100,4.8136714500,4.7875575000,1391208,38288781.0000,2,0.669172,1,0.545500,0
2011-05-18,sh.600388,4.8049668000,4.8484900500,4.7440342500,4.8432672600,4.8136714500,1451690,40198092.0000,2,0.698264,1,0.614800,0
2011-05-19,sh.600388,4.8746040000,4.9564277100,4.8554537700,4.8763449300,4.8432672600,3418765,96484604.0000,2,1.644428,1,0.683000,0
2011-05-20,sh.600388,4.8763449300,4.8763449300,4.8763449300,4.8763449300,4.8763449300,0,0.0000,2,,0,0.000000,0
2011-05-23,sh.600388,4.8571947000,4.9024588800,4.7092156500,4.7109565800,4.8763449300,1747867,47954707.0000,2,0.840725,1,-3.391600,0
2011-05-24,sh.600388,4.6952882100,4.7179203000,4.5525319500,4.6987700700,4.7109565800,2147999,56983422.0000,2,1.033189,1,-0.258700,0
2011-05-25,sh.600388,4.6796198400,4.7301068100,4.6169463600,4.6430603100,4.6987700700,877787,23591395.0000,2,0.422216,1,-1.185600,0
2011-05-26,sh.600388,4.6656924000,4.7283658800,4.5786459000,4.5838686900,4.6430603100,1029507,27590722.0000,2,0.495193,1,-1.274800,0
2011-05-27,sh.600388,4.5960552000,4.6256510100,4.4898584700,4.4950812600,4.5838686900,1195056,31134716.0000,2,0.574823,1,-1.937000,0
2011-05-30,sh.600388,4.4567808000,4.5368635800,4.4062938300,4.4602626600,4.4950812600,1274606,32742068.0000,2,0.613086,1,-0.774600,0
2011-05-31,sh.600388,4.4776719600,4.5734231100,4.4776719600,4.5716821800,4.4602626600,838331,21781990.0000,2,0.403238,1,2.498000,0
2011-06-01,sh.600388,4.5786459000,4.6343556600,4.5316407900,4.6117235700,4.5716821800,1237746,32745229.0000,2,0.595356,1,0.875900,0
2011-06-02,sh.600388,4.5525319500,4.6082417100,4.5351226500,4.5751640400,4.6117235700,1833844,48078184.0000,2,0.882080,1,-0.792800,0
2011-06-03,sh.600388,4.5455682300,4.6448012400,4.5455682300,4.6395784500,4.5751640400,1069021,28373299.0000,2,0.514200,1,1.407900,0
2011-06-07,sh.600388,4.6308738000,4.7214021600,4.6065007800,4.7074747200,4.6395784500,1711352,46076942.0000,2,0.823161,1,1.463400,0
2011-06-08,sh.600388,4.7266249500,4.7631844800,4.6517649600,4.7231430900,4.7074747200,1396640,37742962.0000,2,0.671785,1,0.332800,0
2011-06-09,sh.600388,4.7266249500,4.8798267900,4.6169463600,4.6360965900,4.7231430900,3259743,88867657.0000,2,1.567938,1,-1.843000,0
2011-06-10,sh.600388,4.5803868300,4.6099826400,4.4828947500,4.5769049700,4.6360965900,1692791,44172975.0000,2,0.814233,1,-1.276800,0
2011-06-13,sh.600388,4.5351226500,4.6221691500,4.4968221900,4.6117235700,4.5769049700,1147259,30178914.0000,2,0.551832,1,0.760700,0
2011-06-14,sh.600388,4.6134645000,4.6900654200,4.5821277600,4.6656924000,4.6117235700,1627739,43609804.0000,2,0.782943,1,1.170300,0
2011-06-15,sh.600388,4.6691742600,4.7092156500,4.5716821800,4.5786459000,4.6656924000,1259283,33629995.0000,2,0.605716,1,-1.865700,0
2011-06-16,sh.600388,4.5507910200,4.5594956700,4.4741901000,4.4828947500,4.5786459000,1536504,39858161.0000,2,0.739059,1,-2.091300,0
2011-06-17,sh.600388,4.4724491700,4.5090087000,4.4532989400,4.4620035900,4.4828947500,680370,17511273.0000,2,0.327258,1,-0.466000,0
2011-06-20,sh.600388,4.4463352200,4.4915994000,4.3906254600,4.4271849900,4.4620035900,847232,21528946.0000,2,0.407519,1,-0.780300,0
2011-06-21,sh.600388,4.4393715000,4.5003040500,4.4045529000,4.4950812600,4.4271849900,888671,22770442.0000,2,0.427451,1,1.533600,0
2011-06-22,sh.600388,4.5194542800,4.5194542800,4.4515580100,4.4689673100,4.4950812600,509020,13074472.0000,2,0.244839,1,-0.580900,0
2011-06-23,sh.600388,4.4376305700,4.5629775300,4.4080347600,4.5490500900,4.4689673100,1133978,29351538.0000,2,0.545444,1,1.792000,0
2011-06-24,sh.600388,4.5281589300,4.6796198400,4.5281589300,4.6395784500,4.5490500900,1629779,43190269.0000,2,0.783924,1,1.990000,0
2011-06-27,sh.600388,4.6796198400,4.7318477400,4.6535058900,4.6865835600,4.6395784500,1663911,44847597.0000,2,0.800342,1,1.013100,0
2011-06-28,sh.600388,4.6918063500,4.7039928600,4.6448012400,4.6639514700,4.6865835600,1166485,31261655.0000,2,0.561080,1,-0.482900,0
2011-06-29,sh.600388,4.7005110000,4.8188942400,4.6691742600,4.6848426300,4.6639514700,4302832,117666683.0000,2,2.069664,1,0.447900,0
2011-06-30,sh.600388,4.7005110000,4.7910393600,4.6918063500,4.7579616900,4.6848426300,1986628,54246444.0000,2,0.955569,1,1.560800,0
2011-07-01,sh.600388,4.8057996000,4.8057996000,4.5896095000,4.7242853000,4.7579542500,1228922,32838880.0000,2,0.591112,1,-0.707600,0
2011-07-04,sh.600388,4.7366896500,4.8890859500,4.7242853000,4.8660493000,4.7242853000,4365049,118713042.0000,2,2.099591,1,3.000800,0
2011-07-05,sh.600388,4.9103505500,5.0095853500,4.8749095500,4.9068064500,4.8660493000,3596663,100289262.0000,2,1.729997,1,0.837600,0
2011-07-06,sh.600388,4.8819977500,4.9794605000,4.8430126500,4.9121226000,4.9068064500,3152443,87569470.0000,2,1.516327,1,0.108300,0
2011-07-07,sh.600388,4.8926300500,4.9652841000,4.8270642000,4.9032623500,4.9121226000,3945456,109356484.0000,2,1.897766,1,-0.180400,0
2011-07-08,sh.600388,4.8997182500,4.9014903000,4.8199760000,4.8430126500,4.9032623500,1912534,52278598.0000,2,0.919930,1,-1.228768,0
2011-07-11,sh.600388,4.8164319000,4.9333872000,4.7880791000,4.9174387500,4.8430126500,2664295,73451870.0000,2,1.281527,1,1.536800,0
2011-07-12,sh.600388,4.8731375000,4.8873139000,4.8306083000,4.8359244500,4.9174387500,1270593,34845044.0000,2,0.611156,1,-1.657700,0
2011-07-13,sh.600388,4.8376965000,4.9528797500,4.8376965000,4.9351592500,4.8359244500,2083678,57782822.0000,2,1.002250,1,2.052000,0
2011-07-14,sh.600388,4.9351592500,5.0343940500,4.9351592500,5.0308499500,4.9351592500,3969216,112078612.0000,2,1.909195,1,1.939000,0
2011-07-15,sh.600388,5.0326220000,5.0397102000,4.9812325500,5.0149015000,5.0308499500,2047603,57807853.0000,2,0.984898,1,-0.317000,0
2011-07-18,sh.600388,5.0113574000,5.1229965500,5.0007251000,5.0822394000,5.0149015000,3489740,100228716.0000,2,1.678567,1,1.342800,0
2011-07-19,sh.600388,5.0804673500,5.1389450000,4.9741443500,5.1300847500,5.0822394000,5162449,147723863.0000,2,2.483140,1,0.941400,0
2011-07-20,sh.600388,5.1938785500,5.3072897500,5.0786953000,5.0928717000,5.1300847500,12998956,382100226.0000,2,6.252504,1,-0.725400,0
2011-07-21,sh.600388,5.0485704500,5.0964158000,4.9989530500,5.0928717000,5.0928717000,3989691,113306168.0000,2,1.919043,1,0.000000,0
2011-07-22,sh.600388,5.0769232500,5.1354009000,5.0467984000,5.0485704500,5.0928717000,2378100,68255951.0000,2,1.143867,1,-0.869900,0
2011-07-25,sh.600388,4.9989530500,5.0875555500,4.8731375000,4.9209828500,5.0485704500,2932933,82177393.0000,2,1.410742,1,-2.527200,0
2011-07-26,sh.600388,4.8749095500,4.9546518000,4.8447847000,4.8944021000,4.9209828500,1590305,43826598.0000,2,0.764937,1,-0.540200,0
2011-07-27,sh.600388,4.8731375000,4.9971810000,4.8430126500,4.9635120500,4.8944021000,1854307,51591561.0000,2,0.891923,1,1.412000,0
2011-07-28,sh.600388,4.9262990000,4.9422474500,4.8182039500,4.8837698000,4.9635120500,2175903,59711872.0000,2,1.046610,1,-1.606600,0
2011-07-29,sh.600388,4.8819977500,4.8961741500,4.8040275500,4.8182039500,4.8837698000,1218424,33340423.0000,2,0.586063,1,-1.342500,0
2011-08-01,sh.600388,4.8182039500,4.8536449500,4.8040275500,4.8501008500,4.8182039500,1564463,42668624.0000,2,0.752507,1,0.662000,0
2011-08-02,sh.600388,4.8465567500,4.9245269500,4.7136530000,4.7809909000,4.8501008500,3443148,93612420.0000,2,1.656156,1,-1.424900,0
2011-08-03,sh.600388,4.7154250500,4.7792188500,4.6569474000,4.7579542500,4.7809909000,2483318,66281259.0000,2,1.194477,1,-0.481800,0
2011-08-04,sh.600388,4.7774468000,4.8235201000,4.7437778500,4.7668145000,4.7579542500,1582928,42747975.0000,2,0.761389,1,0.186200,0
2011-08-05,sh.600388,4.6250505000,4.7047927500,4.5718890000,4.6782120000,4.7668145000,2302308,60540599.0000,2,1.107411,1,-1.858700,0
2011-08-08,sh.600388,4.6126461500,4.6445430500,4.3911399000,4.4407573000,4.6782120000,2395038,60884683.0000,2,1.152014,1,-5.075800,0
2011-08-09,sh.600388,4.3238020000,4.4354411500,4.2174790000,4.3982281000,4.4407573000,1896659,46496568.0000,2,0.912294,1,-0.957700,0
2011-08-10,sh.600388,4.4637939500,4.5151834000,4.4124045000,4.4318970500,4.3982281000,1730608,43509183.0000,2,0.832423,1,0.765500,0
2011-08-11,sh.600388,4.3681032500,4.4832865000,4.3238020000,4.4708821500,4.4318970500,1273100,31809050.0000,2,0.612362,1,0.879600,0
2011-08-12,sh.600388,4.4939188000,4.5630287500,4.4832865000,4.5169554500,4.4708821500,1624410,41390888.0000,2,0.781342,1,1.030500,0
2011-08-15,sh.600388,4.5222716000,4.6073300000,4.4939188000,4.6020138500,4.5169554500,1805116,46303457.0000,2,0.868262,1,1.883100,0
2011-08-16,sh.600388,4.6073300000,4.6516312500,4.5541685000,4.5825213000,4.6020138500,1745899,45239939.0000,2,0.839778,1,-0.423600,0
2011-08-17,sh.600388,4.5718890000,4.6002418000,4.5541685000,4.5648008000,4.5825213000,1254448,32375403.0000,2,0.603390,1,-0.386700,0
2011-08-18,sh.600388,4.5559405500,4.5630287500,4.4496175500,4.4939188000,4.5648008000,1047760,26595523.0000,2,0.503973,1,-1.552800,0
2011-08-19,sh.600388,4.3946840000,4.5010070000,4.3556989000,4.4974629000,4.4939188000,1859499,46424830.0000,2,0.894420,1,0.078900,0
2011-08-22,sh.600388,4.5311318500,4.6250505000,4.5010070000,4.5169554500,4.4974629000,2837381,72963163.0000,2,1.364782,1,0.433400,0
2011-08-23,sh.600388,4.5134113500,4.6215064000,4.4974629000,4.6144182000,4.5169554500,1676195,43239258.0000,2,0.806251,1,2.157700,0
2011-08-24,sh.600388,4.6197343500,4.6445430500,4.5559405500,4.5612567000,4.6144182000,855564,22208011.0000,2,0.411527,1,-1.152100,0
2011-08-25,sh.600388,4.5896095000,4.6516312500,4.5665728500,4.6215064000,4.5612567000,1736087,45252837.0000,2,0.835059,1,1.320900,0
2011-08-26,sh.600388,4.6268225500,4.6445430500,4.6002418000,4.6321387000,4.6215064000,1261792,32957225.0000,2,0.606923,1,0.230059,0
2011-08-29,sh.600388,4.6321387000,4.6321387000,4.5275877500,4.5293598000,4.6321387000,989810,25487906.0000,2,0.476099,1,-2.218800,0
2011-08-30,sh.600388,4.5825213000,4.5896095000,4.4779703500,4.5098672500,4.5293598000,1086789,27843344.0000,2,0.522746,1,-0.430400,0
2011-08-31,sh.600388,4.5098672500,4.5364480000,4.4513896000,4.4744262500,4.5098672500,646978,16371436.0000,2,0.311197,1,-0.785900,0
2011-09-01,sh.600388,4.5204995500,4.5275877500,4.4230368000,4.4283529500,4.4744262500,794552,20051797.0000,2,0.382180,1,-1.029700,0
2011-09-02,sh.600388,4.4567057500,4.4602498500,4.3415225000,4.3769635000,4.4283529500,1084093,26779973.0000,2,0.521449,1,-1.160500,0
2011-09-05,sh.600388,4.3379784000,4.3574709500,4.3025374000,4.3238020000,4.3769635000,686544,16778642.0000,2,0.330228,1,-1.214600,0
2011-09-06,sh.600388,4.3096256000,4.3734194000,4.2883610000,4.3539268500,4.3238020000,930987,22817339.0000,2,0.447805,1,0.696700,0
2011-09-07,sh.600388,4.3911399000,4.5151834000,4.3681032500,4.5116393000,4.3539268500,1766114,44288553.0000,2,0.849502,1,3.622300,0
2011-09-08,sh.600388,4.5913815500,4.6853002000,4.4868306000,4.4956908500,4.5116393000,5659559,146972143.0000,2,2.722251,1,-0.353489,0
2011-09-09,sh.600388,4.4655660000,4.5329039000,4.4318970500,4.5045511000,4.4956908500,2026950,51212285.0000,2,0.974964,1,0.197100,0
2011-09-13,sh.600388,4.4265809000,4.4265809000,4.3521548000,4.3893678500,4.5045511000,972170,24089595.0000,2,0.467614,1,-2.557000,0
2011-09-14,sh.600388,4.4177206500,4.4283529500,4.3521548000,4.4230368000,4.3893678500,795534,19713523.0000,2,0.382652,1,0.767100,0
2011-09-15,sh.600388,4.4478455000,4.4761983000,4.4000001500,4.4106324500,4.4230368000,1081107,27054343.0000,2,0.520013,1,-0.280400,0
2011-09-16,sh.600388,4.4159486000,4.4443014000,4.3397504500,4.3521548000,4.4106324500,960832,23799176.0000,2,0.462161,1,-1.325800,0
2011-09-19,sh.600388,4.3592430000,4.3592430000,4.2600082000,4.2635523000,4.3521548000,730508,17711930.0000,2,0.351375,1,-2.035800,0
2011-09-20,sh.600388,4.3060815000,4.3060815000,4.2263392500,4.2706405000,4.2635523000,831461,20003934.0000,2,0.399933,1,0.166300,0
2011-09-21,sh.600388,4.2706405000,4.4141765500,4.2405156500,4.4053163000,4.2706405000,1349924,33155243.0000,2,0.649314,1,3.153500,0
2011-09-22,sh.600388,4.4336691000,4.5329039000,4.3450666000,4.3574709500,4.4053163000,4392443,110823852.0000,2,2.112767,1,-1.086100,0
2011-09-23,sh.600388,4.2529200000,4.3397504500,4.2316554000,4.3131697000,4.3574709500,1869909,45359317.0000,2,0.899427,1,-1.016700,0
2011-09-26,sh.600388,4.2883610000,4.3805076000,4.2883610000,4.3184858500,4.3131697000,1215553,29668249.0000,2,0.584682,1,0.123300,0
2011-09-27,sh.600388,4.3556989000,4.3805076000,4.2972212500,4.3663312000,4.3184858500,1263404,30928396.0000,2,0.607698,1,1.107900,0
2011-09-28,sh.600388,4.4248088500,4.4513896000,4.2458318000,4.2546920500,4.3663312000,2594136,63214851.0000,2,1.247781,1,-2.556800,0
2011-09-29,sh.600388,4.2281113000,4.2476038500,4.1554572500,4.1590013500,4.2546920500,1428182,33775890.0000,2,0.686956,1,-2.249100,0
2011-09-30,sh.600388,4.1660895500,4.2086187500,3.9977448000,4.0225535000,4.1590013500,2238414,51177771.0000,2,1.076678,1,-3.280800,0
2011-10-10,sh.600388,4.0509063000,4.0544504000,3.9002820500,3.9197746000,4.0225535000,1607637,35806458.0000,2,0.773274,1,-2.555100,0
2011-10-11,sh.600388,4.0207814500,4.0509063000,3.8630690000,3.9055982000,3.9197746000,1309059,29205295.0000,2,0.629658,1,-0.361700,0
2011-10-12,sh.600388,3.8737013000,4.0420460500,3.8542087500,4.0385019500,3.9055982000,1418653,31843533.0000,2,0.682373,1,3.402900,0
2011-10-13,sh.600388,4.0296417000,4.1200162500,4.0190094000,4.0916634500,4.0385019500,1751790,40328121.0000,2,0.842612,1,1.316400,0
2011-10-14,sh.600388,4.0757150000,4.1005237000,4.0119212000,4.0579945000,4.0916634500,1025226,23433507.0000,2,0.493134,1,-0.822900,0
2011-10-17,sh.600388,4.0721709000,4.0898914000,4.0278696500,4.0633106500,4.0579945000,1105147,25283537.0000,2,0.531576,1,0.131000,0
2011-10-18,sh.600388,4.0296417000,4.0296417000,3.9357230500,3.9428112500,4.0633106500,853388,19171673.0000,2,0.410480,1,-2.965500,0
2011-10-19,sh.600388,3.9481274000,3.9871125000,3.9215466500,3.9445833000,3.9428112500,543228,12103511.0000,2,0.261293,1,0.044900,0
2011-10-20,sh.600388,3.9339510000,3.9428112500,3.6327025000,3.6575112000,3.9445833000,2541146,53214853.0000,2,1.222292,1,-7.277600,0
2011-10-21,sh.600388,3.7213050000,3.7709224000,3.6167540500,3.6380186500,3.6575112000,2805890,58692720.0000,2,1.349634,1,-0.532900,0
2011-10-24,sh.600388,3.6309304500,3.7035845000,3.5228354000,3.6805478500,3.6380186500,3147815,64227901.0000,2,1.514101,1,1.169000,0
2011-10-25,sh.600388,3.6787758000,3.8453485000,3.6486509500,3.8187677500,3.6805478500,3985723,84179187.0000,2,1.917135,1,3.755400,0
2011-10-26,sh.600388,3.7797826500,4.0048330000,3.7709224000,3.9162305000,3.8187677500,5257191,116680637.0000,2,2.528711,1,2.552200,0
2011-10-27,sh.600388,3.9516715000,4.1465970000,3.9516715000,4.1076119000,3.9162305000,8269807,190976434.0000,2,3.977781,1,4.886900,0
2011-10-28,sh.600388,4.1767218500,4.3362063500,4.0792591000,4.3202579000,4.1076119000,9850737,234904626.0000,2,4.738209,1,5.176900,0
2011-10-31,sh.600388,4.3238020000,4.3556989000,4.2546920500,4.3113976500,4.3202579000,9279105,225324905.0000,2,4.463254,1,-0.205100,0
2011-11-01,sh.600388,4.2546920500,4.3025374000,4.2033026000,4.2582361500,4.3113976500,5314500,127521331.0000,2,2.556277,1,-1.233000,0
2011-11-02,sh.600388,4.1767218500,4.4567057500,4.1714057000,4.4460734500,4.2582361500,7296383,177849958.0000,2,3.509564,1,4.411200,0
2011-11-03,sh.600388,4.4460734500,4.5718890000,4.3769635000,4.3805076000,4.4460734500,10955007,277131357.0000,2,5.269364,1,-1.474700,0
2011-11-04,sh.600388,4.3875958000,4.4407573000,4.3592430000,4.4141765500,4.3805076000,4614267,114393194.0000,2,2.219465,1,0.768600,0
2011-11-07,sh.600388,4.3610150500,4.4744262500,4.3432945500,4.4035442500,4.4141765500,2656617,66342263.0000,2,1.277834,1,-0.240900,0
2011-11-08,sh.600388,4.3805076000,4.4549337000,4.3149417500,4.3432945500,4.4035442500,3439746,84872010.0000,2,1.654519,1,-1.368200,0
2011-11-09,sh.600388,4.3592430000,4.3875958000,4.2351995000,4.3822796500,4.3432945500,5695525,139304409.0000,2,2.739550,1,0.897600,0
2011-11-10,sh.600388,4.3645591500,4.7632704000,4.3468386500,4.5329039000,4.3822796500,14473729,375012368.0000,2,6.961871,1,3.437100,0
2011-11-11,sh.600388,4.5187275000,4.6356828000,4.4726542000,4.5399921000,4.5329039000,5449051,139997854.0000,2,2.620996,1,0.156400,0
2011-11-14,sh.600388,4.7756747500,4.9883207500,4.7083368500,4.7827629500,4.5399921000,11927002,324552764.0000,2,5.736894,1,5.347400,0
2011-11-15,sh.600388,4.8093437000,5.0343940500,4.7845350000,4.9617400000,4.7827629500,12288680,342358640.0000,2,5.910861,1,3.742100,0
2011-11-16,sh.600388,4.9528797500,4.9528797500,4.7313735000,4.8447847000,4.9617400000,8480765,231679478.0000,2,4.079252,1,-2.357100,0
2011-11-17,sh.600388,4.8695934000,5.0290779000,4.8057996000,4.9227549000,4.8447847000,9249543,257951016.0000,2,4.449035,1,1.609400,0
2011-11-18,sh.600388,4.8766816000,4.8766816000,4.6445430500,4.6569474000,4.9227549000,7586702,203770450.0000,2,3.649207,1,-5.399600,0
2011-11-21,sh.600388,4.6870722500,4.6941604500,4.4655660000,4.5506244000,4.6569474000,7346715,188555525.0000,2,3.533773,1,-2.283100,0
2011-11-22,sh.600388,4.4921467500,4.9050344000,4.4921467500,4.8961741500,4.5506244000,10513279,277826040.0000,2,5.056892,1,7.593500,0
2011-11-23,sh.600388,5.0113574000,5.1247686000,4.8855418500,4.8926300500,4.8961741500,13800050,390384613.0000,2,6.637831,1,-0.072400,0
2011-11-24,sh.600388,4.8288362500,5.1176804000,4.7951673000,5.0556586500,4.8926300500,12857169,362383605.0000,2,6.184304,1,3.332100,0
2011-11-25,sh.600388,5.0113574000,5.1017319500,4.9475636000,5.0662909500,5.0556586500,8644818,245362016.0000,2,4.158162,1,0.210300,0
2011-11-28,sh.600388,5.1354009000,5.1708419000,4.9032623500,4.9883207500,5.0662909500,7973225,226486336.0000,2,3.835125,1,-1.539000,0
2011-11-29,sh.600388,4.9900928000,5.0273058500,4.8908580000,4.9493356500,4.9883207500,6409889,179021289.0000,2,3.083160,1,-0.781500,0
2011-11-30,sh.600388,4.9493356500,4.9493356500,4.9493356500,4.9493356500,4.9493356500,0,0.0000,2,,0,0.000000,0
2011-12-01,sh.600388,4.9617400000,5.2204593000,4.9280710500,5.1070481000,4.9493356500,14620443,420479165.0000,2,7.032440,1,3.186500,0
2011-12-02,sh.600388,5.0662909500,5.0928717000,4.6073300000,4.7136530000,5.1070481000,16146062,439915877.0000,2,7.766264,1,-7.703000,0
2011-12-05,sh.600388,4.6604915000,4.6994766000,4.5736610500,4.6002418000,4.7136530000,6044624,157816985.0000,2,2.907467,1,-2.406000,0
2011-12-06,sh.600388,4.5896095000,4.8128878000,4.5896095000,4.7508660500,4.6002418000,7421638,197140353.0000,2,3.569811,1,3.274300,0
2011-12-07,sh.600388,4.7313735000,4.7827629500,4.6463151000,4.6817561000,4.7508660500,5685104,150785800.0000,2,2.734538,1,-1.454700,0
2011-12-08,sh.600388,4.6498592000,4.8412406000,4.5399921000,4.7154250500,4.6817561000,7940457,210727187.0000,2,3.819364,1,0.719200,0
2011-12-09,sh.600388,4.6587194500,4.8164319000,4.6445430500,4.7614983500,4.7154250500,6942497,186128620.0000,2,3.339344,1,0.977100,0
2011-12-12,sh.600388,4.7809909000,4.8199760000,4.6799840500,4.6853002000,4.7614983500,4855815,130268692.0000,2,2.335649,1,-1.600300,0
2011-12-13,sh.600388,4.6108741000,4.6604915000,4.4513896000,4.5559405500,4.6853002000,7199930,184198673.0000,2,3.463170,1,-2.761000,0
2011-12-14,sh.600388,4.5364480000,4.5860654000,4.3078535500,4.3556989000,4.5559405500,6441697,162285440.0000,2,3.098459,1,-4.395200,0
2011-12-15,sh.600388,4.2883610000,4.4407573000,4.2316554000,4.3078535500,4.3556989000,6225435,152191655.0000,2,2.994437,1,-1.098500,0
2011-12-16,sh.600388,4.3326622500,4.5860654000,4.2954492000,4.5736610500,4.3078535500,9017957,226618526.0000,2,4.337642,1,6.170300,0
2011-12-19,sh.600388,4.5329039000,4.7296014500,4.4655660000,4.7171971000,4.5736610500,8713673,225961660.0000,2,4.191281,1,3.138300,0
2011-12-20,sh.600388,4.6693517500,4.7083368500,4.5258157000,4.5541685000,4.7171971000,8243764,214717463.0000,2,3.965254,1,-3.456000,0
2011-12-21,sh.600388,4.6675797000,4.6746679000,4.3096256000,4.3432945500,4.5541685000,10936217,277151804.0000,2,5.260326,1,-4.630400,0
2011-12-22,sh.600388,4.2741846000,4.5470803000,4.0260976000,4.4637939500,4.3432945500,13316777,323861348.0000,2,6.405376,1,2.774400,0
2011-12-23,sh.600388,4.3698753000,4.5665728500,4.3468386500,4.4443014000,4.4637939500,9459336,237493615.0000,2,4.549945,1,-0.436700,0
2011-12-26,sh.600388,4.3893678500,4.4478455000,4.2741846000,4.2865889500,4.4443014000,5076877,124910676.0000,2,2.441980,1,-3.548600,0
2011-12-27,sh.600388,4.2263392500,4.3043094500,4.0774870500,4.0845752500,4.2865889500,4217258,99622010.0000,2,2.028503,1,-4.712700,0
2011-12-28,sh.600388,4.0225535000,4.0491342500,3.9073702500,4.0083771000,4.0845752500,4725450,106368208.0000,2,2.272944,1,-1.865500,0
2011-12-29,sh.600388,3.9640758500,4.0721709000,3.9445833000,4.0278696500,4.0083771000,3338597,76013490.0000,2,1.605867,1,0.486300,0
2011-12-30,sh.600388,4.0597665500,4.1519131500,4.0314137500,4.0810311500,4.0278696500,3398286,78522238.0000,2,1.634577,1,1.319800,0
2012-01-04,sh.600388,4.1430529000,4.1554572500,3.9162305000,3.9286348500,4.0810311500,3254152,74778661.0000,2,1.565249,1,-3.734300,0
2012-01-05,sh.600388,3.8896497500,3.9002820500,3.7018124500,3.7142168000,3.9286348500,4988372,106947459.0000,2,2.399409,1,-5.457800,0
2012-01-06,sh.600388,3.7035845000,3.8240839000,3.6362466000,3.7957311000,3.7142168000,3414391,71717010.0000,2,1.642324,1,2.194700,0
2012-01-09,sh.600388,3.8063634000,4.0438181000,3.7532019000,4.0349578500,3.7957311000,5270975,117004564.0000,2,2.535342,1,6.302500,0
2012-01-10,sh.600388,4.0349578500,4.2050746500,3.9977448000,4.1590013500,4.0349578500,6946067,161698182.0000,2,3.341062,1,3.074200,0
2012-01-11,sh.600388,4.1554572500,4.2706405000,4.1147001000,4.1341926500,4.1590013500,5481089,129370292.0000,2,2.636406,1,-0.596500,0
2012-01-12,sh.600388,4.1076119000,4.1873541500,4.0757150000,4.1324206000,4.1341926500,4101171,95634152.0000,2,1.972665,1,-0.042900,0
2012-01-13,sh.600388,4.1341926500,4.1554572500,3.8825615500,3.9215466500,4.1324206000,5697396,128251961.0000,2,2.740450,1,-5.102900,0
2012-01-16,sh.600388,3.8435764500,3.8914218000,3.6592832500,3.6681435000,3.9215466500,3680997,78405535.0000,2,1.770561,1,-6.461800,0
2012-01-17,sh.600388,3.7000404000,3.9587597000,3.6663714500,3.9339510000,3.6681435000,5177196,112005566.0000,2,2.490234,1,7.246400,0
2012-01-18,sh.600388,3.9339510000,3.9782522500,3.7744665000,3.8081354500,3.9339510000,4980881,109233730.0000,2,2.395806,1,-3.198200,0
2012-01-19,sh.600388,3.7939590500,3.9392671500,3.7939590500,3.9038261500,3.8081354500,3356229,73615746.0000,2,1.614348,1,2.512800,0
2012-01-20,sh.600388,3.9304069000,4.0562224500,3.9109143500,4.0420460500,3.9038261500,4311116,97277977.0000,2,2.073649,1,3.540600,0
2012-01-30,sh.600388,4.0402740000,4.0969796000,3.9924286500,4.0083771000,4.0420460500,3310455,75436509.0000,2,1.592330,1,-0.833000,0
2012-01-31,sh.600388,4.0048330000,4.0845752500,3.9552156000,4.0686268000,4.0083771000,2963896,67358426.0000,2,1.425635,1,1.503100,0
2012-02-01,sh.600388,4.0544504000,4.1501411000,4.0101491500,4.0243255500,4.0686268000,4052822,93501297.0000,2,1.949409,1,-1.088900,0
2012-02-02,sh.600388,4.0402740000,4.1359647000,4.0314137500,4.1235603500,4.0243255500,4405385,101692045.0000,2,2.118992,1,2.465900,0
2012-02-03,sh.600388,4.1235603500,4.2564641000,4.1058398500,4.2422877000,4.1235603500,5968382,141389832.0000,2,2.870795,1,2.879200,0
2012-02-06,sh.600388,4.2529200000,4.2688684500,4.1979864500,4.2405156500,4.2422877000,4862414,115861543.0000,2,2.338823,1,-0.041800,0
2012-02-07,sh.600388,4.2068467000,4.2281113000,4.1147001000,4.1288765000,4.2405156500,3171946,74349075.0000,2,1.525708,1,-2.632700,0
2012-02-08,sh.600388,4.1306485500,4.2334274500,4.1093839500,4.2050746500,4.1288765000,4796084,113019872.0000,2,2.306919,1,1.845500,0
2012-02-09,sh.600388,4.2050746500,4.3468386500,4.2050746500,4.3238020000,4.2050746500,8394857,203796977.0000,2,4.037930,1,2.823400,0
2012-02-10,sh.600388,4.3238020000,4.3415225000,4.2617802500,4.2865889500,4.3238020000,4571664,110565065.0000,2,2.198973,1,-0.860700,0
2012-02-13,sh.600388,4.2351995000,4.3415225000,4.2192510500,4.2795007500,4.2865889500,4347052,105074668.0000,2,2.090934,1,-0.165400,0
2012-02-14,sh.600388,4.2741846000,4.2919051000,4.1962144000,4.2422877000,4.2795007500,4288581,102416162.0000,2,2.062810,1,-0.869600,0
2012-02-15,sh.600388,4.2351995000,4.3592430000,4.2050746500,4.3326622500,4.2422877000,6177824,149871274.0000,2,2.971536,1,2.130300,0
2012-02-16,sh.600388,4.2848169000,4.3574709500,4.2582361500,4.3007653500,4.3326622500,3791214,92114499.0000,2,1.823576,1,-0.736200,0
2012-02-17,sh.600388,4.3007653500,4.3326622500,4.2192510500,4.2546920500,4.3007653500,2693691,64778472.0000,2,1.295667,1,-1.071300,0
2012-02-20,sh.600388,4.3202579000,4.3539268500,4.2564641000,4.2600082000,4.2546920500,3499377,85115914.0000,2,1.683202,1,0.124900,0
2012-02-21,sh.600388,4.2582361500,4.4177206500,4.2476038500,4.4124045000,4.2600082000,5328468,130791039.0000,2,2.562996,1,3.577400,0
2012-02-22,sh.600388,4.4124045000,4.5258157000,4.4035442500,4.4992349500,4.4124045000,7284198,184122806.0000,2,3.503703,1,1.967900,0
2012-02-23,sh.600388,4.4992349500,4.5311318500,4.4053163000,4.4708821500,4.4992349500,3759938,94739322.0000,2,1.808532,1,-0.630200,0
2012-02-24,sh.600388,4.4655660000,4.5860654000,4.4407573000,4.5063231500,4.4708821500,4409636,112679064.0000,2,2.121037,1,0.792700,0
2012-02-27,sh.600388,4.5080952000,4.5718890000,4.4921467500,4.5240436500,4.5063231500,6745655,172781313.0000,2,3.244663,1,0.393200,0
2012-02-28,sh.600388,4.5098672500,4.6073300000,4.3964560500,4.5665728500,4.5240436500,6585600,167875734.0000,2,3.167677,1,0.940100,0
2012-02-29,sh.600388,4.5453082500,4.5842933500,4.5151834000,4.5346759500,4.5665728500,3326676,85373384.0000,2,1.600133,1,-0.698500,0
2012-03-01,sh.600388,4.5860654000,4.6888443000,4.5842933500,4.6091020500,4.5346759500,6231586,162987783.0000,2,2.997396,1,1.641300,0
2012-03-02,sh.600388,4.6091020500,4.7366896500,4.6073300000,4.7296014500,4.6091020500,4854709,128217729.0000,2,2.335117,1,2.614400,0
2012-03-05,sh.600388,4.7703586000,4.9050344000,4.7083368500,4.7207412000,4.7296014500,9745839,265492657.0000,2,4.687753,1,-0.187300,0
2012-03-06,sh.600388,4.7207412000,4.7207412000,4.5860654000,4.6835281500,4.7207412000,4426886,116199180.0000,2,2.129334,1,-0.788300,0
2012-03-07,sh.600388,4.5949256500,4.7366896500,4.5896095000,4.6445430500,4.6835281500,2789836,73530105.0000,2,1.341912,1,-0.832400,0
2012-03-08,sh.600388,4.7473219500,4.8819977500,4.6569474000,4.6782120000,4.6445430500,6298031,169111778.0000,2,3.029356,1,0.724900,0
2012-03-09,sh.600388,4.6888443000,4.7402337500,4.6534033000,4.7278294000,4.6782120000,3565630,94385465.0000,2,1.715070,1,1.060600,0
2012-03-12,sh.600388,4.7579542500,4.7650424500,4.6711238000,4.7136530000,4.7278294000,3282101,87163755.0000,2,1.578692,1,-0.299900,0
2012-03-13,sh.600388,4.7154250500,4.8075716500,4.6994766000,4.7685865500,4.7136530000,4187227,112552588.0000,2,2.014058,1,1.165400,0
2012-03-14,sh.600388,4.8004834500,4.8944021000,4.5506244000,4.6073300000,4.7685865500,7858019,211001742.0000,2,3.779711,1,-3.381600,0
2012-03-15,sh.600388,4.6409989500,4.7473219500,4.6037859000,4.6374548500,4.6073300000,5611440,147792943.0000,2,2.699105,1,0.653800,0
2012-03-16,sh.600388,4.7012486500,4.9227549000,4.6994766000,4.8412406000,4.6374548500,7347261,200011929.0000,2,3.534036,1,4.394300,0
2012-03-19,sh.600388,4.8252921500,4.9192108000,4.7969393500,4.9156667000,4.8412406000,4483238,123098167.0000,2,2.156440,1,1.537300,0
2012-03-20,sh.600388,4.8997182500,4.8997182500,4.7260573500,4.7384617000,4.9156667000,5335570,143978645.0000,2,2.566412,1,-3.604900,0
2012-03-21,sh.600388,4.7668145000,4.7845350000,4.6374548500,4.6977045500,4.7384617000,3405295,90303291.0000,2,1.637949,1,-0.860100,0
2012-03-22,sh.600388,4.6977045500,4.7207412000,4.6427710000,4.6658076500,4.6977045500,2327715,61382325.0000,2,1.119632,1,-0.679000,0
2012-03-23,sh.600388,4.6480871500,4.6693517500,4.5541685000,4.6126461500,4.6658076500,2512118,65280672.0000,2,1.208330,1,-1.139400,0
2012-03-26,sh.600388,4.5878374500,4.6746679000,4.5825213000,4.6374548500,4.6126461500,1518721,39646803.0000,2,0.730506,1,0.537800,0
2012-03-27,sh.600388,4.6587194500,4.7065648000,4.6250505000,4.6463151000,4.6374548500,1381703,36425729.0000,2,0.664600,1,0.191100,0
2012-03-28,sh.600388,4.6374548500,4.6374548500,4.4159486000,4.4496175500,4.6463151000,2965048,75859815.0000,2,1.426190,1,-4.233400,0
2012-03-29,sh.600388,4.4460734500,4.4460734500,4.3184858500,4.3521548000,4.4496175500,2816301,69717384.0000,2,1.354642,1,-2.190400,0
2012-03-30,sh.600388,4.3432945500,4.4000001500,4.2883610000,4.3645591500,4.3521548000,1999533,49253762.0000,2,0.961776,1,0.285000,0
2012-04-05,sh.600388,4.3627871000,4.5293598000,4.3627871000,4.5275877500,4.3645591500,2018322,51072261.0000,2,0.970814,1,3.735300,0
2012-04-06,sh.600388,4.5258157000,4.6711238000,4.5010070000,4.6303666500,4.5275877500,2577915,67141456.0000,2,1.239978,1,2.270100,0
2012-04-09,sh.600388,4.6339107500,4.6923884000,4.6073300000,4.6498592000,4.6303666500,2724107,71413276.0000,2,1.310297,1,0.421000,0
2012-04-10,sh.600388,4.5364480000,4.5364480000,4.3503827500,4.4301250000,4.6498592000,5926527,148009276.0000,2,2.850662,1,-4.725600,0
2012-04-11,sh.600388,4.3592430000,4.4744262500,4.3362063500,4.4301250000,4.4301250000,2086607,52141526.0000,2,1.003659,1,0.000000,0
2012-04-12,sh.600388,4.4389852500,4.5080952000,4.3893678500,4.4974629000,4.4301250000,2480539,62295340.0000,2,1.193140,1,1.520000,0
2012-04-13,sh.600388,4.5116393000,4.5630287500,4.4832865000,4.5080952000,4.4974629000,2852379,72797473.0000,2,1.371996,1,0.236400,0
2012-04-16,sh.600388,4.4443014000,4.4549337000,4.3379784000,4.3698753000,4.5080952000,4451102,109976759.0000,2,2.140982,1,-3.066000,0
2012-04-17,sh.600388,4.3503827500,4.4000001500,4.3415225000,4.3503827500,4.3698753000,1703667,41980298.0000,2,0.819465,1,-0.446100,0
2012-04-18,sh.600388,4.3751914500,4.4797424000,4.3415225000,4.4637939500,4.3503827500,3239896,80866172.0000,2,1.540871,1,2.606900,0
2012-04-19,sh.600388,4.4637939500,4.4797424000,4.4053163000,4.4336691000,4.4637939500,2035197,50923981.0000,2,0.967925,1,-0.674900,0
2012-04-20,sh.600388,4.4212647500,4.5080952000,4.4141765500,4.4903747000,4.4336691000,2942497,74125457.0000,2,1.399430,1,1.279000,0
2012-04-23,sh.600388,4.5151834000,4.5151834000,4.3681032500,4.3875958000,4.4903747000,2319083,57794524.0000,2,1.102939,1,-2.288900,0
2012-04-24,sh.600388,4.3769635000,4.3946840000,4.1997585000,4.2795007500,4.3875958000,3251658,78728110.0000,2,1.546464,1,-2.463700,0
2012-04-25,sh.600388,4.2724125500,4.3326622500,4.2369715500,4.3096256000,4.2795007500,1675061,40479744.0000,2,0.796647,1,0.703900,0
2012-04-26,sh.600388,4.2883610000,4.3167138000,4.2529200000,4.2635523000,4.3096256000,2074555,50064919.0000,2,0.986643,1,-1.069100,0
2012-04-27,sh.600388,4.2564641000,4.2795007500,4.2174790000,4.2617802500,4.2635523000,1589028,38090778.0000,2,0.755730,1,-0.041600,0
2012-05-02,sh.600388,4.3202579000,4.3681032500,4.2670964000,4.3238020000,4.2617802500,3711824,90535626.0000,2,1.765316,1,1.455300,0
2012-05-03,sh.600388,4.3273461000,4.3946840000,4.3238020000,4.3840517000,4.3238020000,2448343,60407173.0000,2,1.164414,1,1.393400,0
2012-05-04,sh.600388,4.4850585500,4.6073300000,4.4832865000,4.5063231500,4.3840517000,7229383,185181859.0000,2,3.438241,1,2.789000,0
2012-05-07,sh.600388,4.5010070000,4.6782120000,4.4903747000,4.6569474000,4.5063231500,6983959,181099328.0000,2,3.321519,1,3.342500,0
2012-05-08,sh.600388,4.6551753500,4.6551753500,4.5594846500,4.5789772000,4.6569474000,4489121,116519314.0000,2,2.134993,1,-1.674300,0
2012-05-09,sh.600388,4.5382200500,4.6250505000,4.4903747000,4.5772051500,4.5789772000,3311580,85167113.0000,2,1.574963,1,-0.038700,0
2012-05-10,sh.600388,4.5718890000,4.6108741000,4.4974629000,4.5382200500,4.5772051500,2804888,71950191.0000,2,1.333984,1,-0.851700,0
2012-05-11,sh.600388,4.5382200500,4.5382200500,4.5382200500,4.5382200500,4.5382200500,0,0.0000,2,,0,0.000000,0
2012-05-14,sh.600388,4.5807492500,4.5807492500,4.4301250000,4.4336691000,4.5382200500,2309961,58518196.0000,2,1.098600,1,-2.303800,0
2012-05-15,sh.600388,4.4035442500,4.4035442500,4.3238020000,4.3787355500,4.4336691000,1910758,46979043.0000,2,0.908742,1,-1.239000,0
2012-05-16,sh.600388,4.3769635000,4.4372132000,4.3432945500,4.3450666000,4.3787355500,1529563,38069429.0000,2,0.727449,1,-0.768900,0
2012-05-17,sh.600388,4.3769635000,4.4460734500,4.3769635000,4.4389852500,4.3450666000,1822356,45367632.0000,2,0.866699,1,2.161500,0
2012-05-18,sh.600388,4.4088604000,4.5134113500,4.3911399000,4.4336691000,4.4389852500,1875710,47187593.0000,2,0.892074,1,-0.119800,0
2012-05-21,sh.600388,4.4301250000,4.4478455000,4.3238020000,4.3698753000,4.4336691000,1881523,46449471.0000,2,0.894838,1,-1.438800,0
2012-05-22,sh.600388,4.3929119500,4.4496175500,4.3929119500,4.4389852500,4.3698753000,1113018,27817780.0000,2,0.529343,1,1.581500,0
2012-05-23,sh.600388,4.4230368000,4.4336691000,4.3769635000,4.4177206500,4.4389852500,1848443,45951922.0000,2,0.879106,1,-0.479000,0
2012-05-24,sh.600388,4.3911399000,4.4832865000,4.3911399000,4.4372132000,4.4177206500,1489011,37378333.0000,2,0.708163,1,0.441200,0
2012-05-25,sh.600388,4.4673380500,4.5329039000,4.4194927000,4.4460734500,4.4372132000,1995173,50451888.0000,2,0.948889,1,0.199700,0
2012-05-28,sh.600388,4.4354411500,4.5842933500,4.4159486000,4.5807492500,4.4460734500,3623188,92363017.0000,2,1.723161,1,3.029100,0
2012-05-29,sh.600388,4.5860654000,4.6073300000,4.5506244000,4.5913815500,4.5807492500,2785832,72067839.0000,2,1.324921,1,0.232100,0
2012-05-30,sh.600388,4.6073300000,4.7774468000,4.5612567000,4.7490940000,4.5913815500,7607993,201649170.0000,2,3.618305,1,3.435000,0
2012-05-31,sh.600388,4.7490940000,4.8022555000,4.6959325000,4.7154250500,4.7490940000,5620962,151221263.0000,2,2.673288,1,-0.709000,0
2012-06-01,sh.600388,4.7154250500,4.7597263000,4.6392269000,4.6463151000,4.7154250500,3269500,86258704.0000,2,1.554950,1,-1.465600,0
2012-06-04,sh.600388,4.5541685000,4.6463151000,4.5187275000,4.5470803000,4.6463151000,3894329,100463244.0000,2,1.852114,1,-2.135800,0
2012-06-05,sh.600388,4.5559405500,4.5949256500,4.4921467500,4.5665728500,4.5470803000,2773545,71217645.0000,2,1.319077,1,0.428700,0
2012-06-06,sh.600388,4.6073300000,4.6392269000,4.5329039000,4.5612567000,4.5665728500,1890445,48837035.0000,2,0.899082,1,-0.116400,0
2012-06-07,sh.600388,4.6073300000,4.6870722500,4.5577126000,4.5718890000,4.5612567000,2802540,73258666.0000,2,1.332867,1,0.233100,0
2012-06-08,sh.600388,4.6179623000,4.6215064000,4.4974629000,4.5825213000,4.5718890000,1935858,50108394.0000,2,0.920680,1,0.232600,0
2012-06-11,sh.600388,4.5701169500,4.8518729000,4.5399921000,4.8376965000,4.5825213000,7741136,207557357.0000,2,3.681627,1,5.568400,0
2012-06-12,sh.600388,4.7845350000,4.8217480500,4.7189691500,4.7331455500,4.8376965000,4428825,118895557.0000,2,2.106316,1,-2.161200,0
2012-06-13,sh.600388,4.7455499000,4.8182039500,4.7136530000,4.7721306500,4.7331455500,3405079,91919413.0000,2,1.619430,1,0.823700,0
2012-06-14,sh.600388,4.7473219500,4.8695934000,4.7349176000,4.8182039500,4.7721306500,4297376,117061637.0000,2,2.043800,1,0.965500,0
2012-06-15,sh.600388,4.8004834500,4.8501008500,4.7242853000,4.8252921500,4.8182039500,3042747,82297859.0000,2,1.447108,1,0.147100,0
2012-06-18,sh.600388,4.8412406000,4.9138946500,4.8022555000,4.8749095500,4.8252921500,3922393,107427907.0000,2,1.865461,1,1.028300,0
2012-06-19,sh.600388,4.8589611000,4.8589611000,4.7278294000,4.7349176000,4.8749095500,3745082,100569391.0000,2,1.781133,1,-2.871700,0
2012-06-20,sh.600388,4.7579542500,4.7703586000,4.6516312500,4.6959325000,4.7349176000,2156865,57263388.0000,2,1.025789,1,-0.823400,0
2012-06-21,sh.600388,4.6959325000,4.7065648000,4.5630287500,4.6197343500,4.6959325000,2709115,70479892.0000,2,1.288435,1,-1.622600,0
2012-06-25,sh.600388,4.5878374500,4.5984697500,4.5010070000,4.5134113500,4.6197343500,3927675,100270686.0000,2,1.867973,1,-2.301500,0
2012-06-26,sh.600388,4.4815144500,4.5559405500,4.4655660000,4.5169554500,4.5134113500,1651274,42038345.0000,2,0.785334,1,0.078500,0
2012-06-27,sh.600388,4.5222716000,4.5807492500,4.5063231500,4.5134113500,4.5169554500,2114777,54265138.0000,2,1.005772,1,-0.078500,0
2012-06-28,sh.600388,4.5364480000,4.5453082500,4.3255740500,4.3273461000,4.5134113500,3497253,87017399.0000,2,1.663268,1,-4.122500,0
2012-06-29,sh.600388,4.2919051000,4.3893678500,4.2564641000,4.3840517000,4.3273461000,2053387,50186331.0000,2,0.976576,1,1.310400,0
2012-07-02,sh.600388,4.4726542000,4.5453082500,4.4053163000,4.5399921000,4.3840517000,2813220,71183063.0000,2,1.337947,1,3.557000,0
2012-07-03,sh.600388,4.5725196000,4.5725196000,4.4713096800,4.4966121600,4.5399878400,2167779,54014554.0000,2,1.030980,1,-0.955400,0
2012-07-04,sh.600388,4.4948048400,4.5598683600,4.4821536000,4.5219146400,4.4966121600,1385978,34674189.0000,2,0.659161,1,0.562700,0
2012-07-05,sh.600388,4.5544464000,4.5634830000,4.4640804000,4.5219146400,4.5219146400,2005143,50190310.0000,2,0.953631,1,0.000000,0
2012-07-06,sh.600388,4.5454098000,4.6068586800,4.4586584400,4.5887854800,4.5219146400,2804098,70142562.0000,2,1.333608,1,1.478800,0
2012-07-09,sh.600388,4.5436024800,4.5544464000,4.4333559600,4.4460072000,4.5887854800,2155169,53815923.0000,2,1.024982,1,-3.111500,0
2012-07-10,sh.600388,4.4351632800,4.4713096800,4.3574485200,4.3737144000,4.4460072000,1736479,42250974.0000,2,0.825857,1,-1.626000,0
2012-07-11,sh.600388,4.3700997600,4.4062461600,4.3466046000,4.3863656400,4.3737144000,957750,23196336.0000,2,0.455499,1,0.289300,0
2012-07-12,sh.600388,4.3881729600,4.5508317600,4.3881729600,4.5291439200,4.3863656400,2447315,60710228.0000,2,1.163925,1,3.255000,0
2012-07-13,sh.600388,4.5110707200,4.5128780400,4.3881729600,4.4460072000,4.5291439200,2351457,57758522.0000,2,1.118336,1,-1.835600,0
2012-07-16,sh.600388,4.4785389600,4.4821536000,4.0574334000,4.0755066000,4.4460072000,4707737,109740698.0000,2,2.238965,1,-8.333300,0
2012-07-17,sh.600388,4.1206896000,4.1243042400,4.0122504000,4.0773139200,4.0755066000,3268356,73322439.0000,2,1.554406,1,0.044300,0
2012-07-18,sh.600388,4.0664700000,4.1134603200,3.9779113200,4.1116530000,4.0773139200,1794472,40359569.0000,2,0.853438,1,0.842200,0
2012-07-19,sh.600388,4.1206896000,4.3086508800,4.0881578400,4.2923850000,4.1116530000,3965243,92976637.0000,2,1.885840,1,4.395600,0
2012-07-20,sh.600388,4.2490093200,4.3194948000,4.2472020000,4.2634678800,4.2923850000,2817264,66957496.0000,2,1.339870,1,-0.673700,0
2012-07-23,sh.600388,4.2562386000,4.2743118000,4.1803311600,4.2435873600,4.2634678800,881931,20642555.0000,2,0.419440,1,-0.466300,0
2012-07-24,sh.600388,4.2110556000,4.2978069600,4.1947897200,4.2688898400,4.2435873600,799704,18805359.0000,2,0.380333,1,0.596300,0
2012-07-25,sh.600388,4.2472020000,4.3737144000,4.2273214800,4.3682924400,4.2688898400,2533636,60727248.0000,2,1.204979,1,2.328500,0
2012-07-26,sh.600388,4.3755217200,4.3972095600,4.2869630400,4.2941923200,4.3682924400,1810438,43610973.0000,2,0.861031,1,-1.696300,0
2012-07-27,sh.600388,4.3249167600,4.3321460400,4.1568360000,4.1911750800,4.2941923200,1422733,33299432.0000,2,0.676641,1,-2.399000,0
2012-07-30,sh.600388,4.2110556000,4.2453946800,4.0809285600,4.1297262000,4.1911750800,913840,21073952.0000,2,0.434616,1,-1.466100,0
2012-07-31,sh.600388,4.1351481600,4.1640652800,4.0664700000,4.1170749600,4.1297262000,587350,13375782.0000,2,0.279339,1,-0.306300,0
2012-08-01,sh.600388,4.1387628000,4.2345507600,4.1279188800,4.2038263200,4.1170749600,787285,18276549.0000,2,0.374427,1,2.107100,0
2012-08-02,sh.600388,4.1640652800,4.2472020000,4.1026164000,4.2092482800,4.2038263200,965632,22365939.0000,2,0.459247,1,0.129000,0
2012-08-03,sh.600388,4.1893677600,4.2887703600,4.1893677600,4.2797337600,4.2092482800,1003248,23554957.0000,2,0.477137,1,1.674500,0
2012-08-06,sh.600388,4.2761191200,4.5454098000,4.2327434400,4.5345658800,4.2797337600,3459826,84816357.0000,2,1.645468,1,5.954400,0
2012-08-07,sh.600388,4.5273366000,4.5815562000,4.4731170000,4.5110707200,4.5345658800,2255038,56441213.0000,2,1.072479,1,-0.518100,0
2012-08-08,sh.600388,4.5183000000,4.5237219600,4.4279340000,4.4821536000,4.5110707200,1281709,31715664.0000,2,0.609571,1,-0.641000,0
2012-08-09,sh.600388,4.4640804000,4.5417951600,4.4478145200,4.5201073200,4.4821536000,1314234,32706297.0000,2,0.625040,1,0.846800,0
2012-08-10,sh.600388,4.5472171200,4.5562537200,4.4911902000,4.5146853600,4.5201073200,1023554,25610951.0000,2,0.486795,1,-0.120000,0
2012-08-13,sh.600388,4.5110707200,4.5219146400,4.4315486400,4.4351632800,4.5146853600,1238268,30748614.0000,2,0.588911,1,-1.761400,0
2012-08-14,sh.600388,4.4188974000,4.4821536000,4.3285314000,4.4803462800,4.4351632800,1020240,24846621.0000,2,0.485219,1,1.018700,0
2012-08-15,sh.600388,4.4821536000,4.4821536000,4.4116681200,4.4441998800,4.4803462800,675704,16602240.0000,2,0.321360,1,-0.806800,0
2012-08-16,sh.600388,4.4333559600,4.4568511200,4.3809436800,4.3881729600,4.4441998800,603490,14764324.0000,2,0.287015,1,-1.260700,0
2012-08-17,sh.600388,4.4243193600,4.4387779200,4.3375680000,4.3664851200,4.3881729600,1062100,25710441.0000,2,0.505127,1,-0.494200,0
2012-08-20,sh.600388,4.3176874800,4.4026315200,4.2616605600,4.3809436800,4.3664851200,695886,16668292.0000,2,0.330958,1,0.331100,0
2012-08-21,sh.600388,4.3809436800,4.5038414400,4.3809436800,4.4658877200,4.3809436800,1163646,28790580.0000,2,0.553421,1,1.938900,0
2012-08-22,sh.600388,4.5454098000,4.6050513600,4.4496218400,4.4713096800,4.4658877200,1793343,44946962.0000,2,0.852901,1,0.121400,0
2012-08-23,sh.600388,4.4875755600,4.5201073200,4.4297413200,4.5146853600,4.4713096800,1127115,27947856.0000,2,0.536048,1,0.970100,0
2012-08-24,sh.600388,4.4604657600,4.5128780400,4.4098608000,4.4586584400,4.5146853600,827459,20393385.0000,2,0.393533,1,-1.241000,0
2012-08-27,sh.600388,4.4586584400,4.4948048400,4.4026315200,4.4044388400,4.4586584400,1669552,41141783.0000,2,0.794027,1,-1.216100,0
2012-08-28,sh.600388,4.3917876000,4.4225120400,4.2526239600,4.4188974000,4.4044388400,2050033,49274962.0000,2,0.974981,1,0.328300,0
2012-08-29,sh.600388,4.3917876000,4.4134754400,4.3122655200,4.3628704800,4.4188974000,740141,17943894.0000,2,0.352006,1,-1.267900,0
2012-08-30,sh.600388,4.3664851200,4.3881729600,4.2200922000,4.2996142800,4.3628704800,691308,16439354.0000,2,0.328781,1,-1.449870,0
2012-08-31,sh.600388,4.3231094400,4.3700997600,4.2923850000,4.3231094400,4.2996142800,646043,15501996.0000,2,0.307253,1,0.546400,0
2012-09-03,sh.600388,4.3267240800,4.4152827600,4.2923850000,4.3917876000,4.3231094400,970474,23452910.0000,2,0.461550,1,1.588600,0
2012-09-04,sh.600388,4.3881729600,4.4008242000,4.3068435600,4.3249167600,4.3917876000,1227338,29622143.0000,2,0.583713,1,-1.522600,0
2012-09-05,sh.600388,4.3104582000,4.3682924400,4.2923850000,4.3339533600,4.3249167600,541054,12961580.0000,2,0.257321,1,0.208900,0
2012-09-06,sh.600388,4.3646778000,4.4821536000,4.3466046000,4.4514291600,4.3339533600,2076303,50851236.0000,2,0.987474,1,2.710600,0
2012-09-07,sh.600388,4.5128780400,4.6990320000,4.4731170000,4.6213172400,4.4514291600,4115226,104524353.0000,2,1.957171,1,3.816500,0
2012-09-10,sh.600388,4.6448124000,4.6448124000,4.5743269200,4.6032440400,4.6213172400,2137372,54478330.0000,2,1.016518,1,-0.391100,0
2012-09-11,sh.600388,4.5869781600,4.6177026000,4.5399878400,4.5634830000,4.6032440400,1504881,38050370.0000,2,0.715710,1,-0.863800,0
2012-09-12,sh.600388,4.6050513600,4.6140879600,4.5237219600,4.5707122800,4.5634830000,1771143,44787846.0000,2,0.842342,1,0.158400,0
2012-09-13,sh.600388,4.5725196000,4.6032440400,4.5183000000,4.5237219600,4.5707122800,1928972,48744635.0000,2,0.917405,1,-1.028100,0
2012-09-14,sh.600388,4.5544464000,4.5725196000,4.4785389600,4.5363732000,4.5237219600,1221469,30592503.0000,2,0.580922,1,0.279700,0
2012-09-17,sh.600388,4.5255292800,4.5363732000,4.3935949200,4.3954022400,4.5363732000,1147021,28260996.0000,2,0.545515,1,-3.107600,0
2012-09-18,sh.600388,4.3737144000,4.4261266800,4.3339533600,4.3755217200,4.3954022400,729559,17692357.0000,2,0.346973,1,-0.452300,0
2012-09-19,sh.600388,4.3755217200,4.4188974000,4.3556412000,4.3827510000,4.3755217200,594061,14420575.0000,2,0.282531,1,0.165200,0
2012-09-20,sh.600388,4.3827510000,4.3827510000,4.1893677600,4.1947897200,4.3827510000,1768703,41727630.0000,2,0.841182,1,-4.288700,0
2012-09-21,sh.600388,4.1929824000,4.2363580800,4.1405701200,4.2182848800,4.1947897200,1200589,27863349.0000,2,0.570991,1,0.560100,0
2012-09-24,sh.600388,4.1767165200,4.2453946800,4.1405701200,4.2038263200,4.2182848800,917592,21290166.0000,2,0.436400,1,-0.342800,0
2012-09-25,sh.600388,4.2128629200,4.2345507600,4.1532213600,4.1604506400,4.2038263200,694029,16130947.0000,2,0.330075,1,-1.031800,0
2012-09-26,sh.600388,4.1622579600,4.1785238400,4.0718919600,4.0845432000,4.1604506400,966672,22021774.0000,2,0.459742,1,-1.824500,0
2012-09-27,sh.600388,4.1044237200,4.2327434400,4.0718919600,4.1821384800,4.0845432000,1204201,27734630.0000,2,0.572709,1,2.389400,0
2012-09-28,sh.600388,4.1622579600,4.2472020000,4.1261115600,4.2453946800,4.1821384800,1289347,30095672.0000,2,0.613204,1,1.512500,0
2012-10-08,sh.600388,4.2453946800,4.2706971600,4.1749092000,4.2345507600,4.2453946800,1184288,27711253.0000,2,0.563239,1,-0.255400,0
2012-10-09,sh.600388,4.2291288000,4.3610631600,4.2291288000,4.3231094400,4.2345507600,1627301,38720155.0000,2,0.773932,1,2.091300,0
2012-10-10,sh.600388,4.3158801600,4.3375680000,4.2833484000,4.3267240800,4.3231094400,977424,23310085.0000,2,0.464856,1,0.083600,0
2012-10-11,sh.600388,4.3104582000,4.3375680000,4.2616605600,4.2634678800,4.3267240800,1161318,27579367.0000,2,0.552314,1,-1.462000,0
2012-10-12,sh.600388,4.3014216000,4.3194948000,4.2200922000,4.2490093200,4.2634678800,665615,15692584.0000,2,0.316562,1,-0.339100,0
2012-10-15,sh.600388,4.2616605600,4.3086508800,4.1893677600,4.2200922000,4.2490093200,614649,14397123.0000,2,0.292323,1,-0.680600,0
2012-10-16,sh.600388,4.2200922000,4.2815410800,4.2128629200,4.2237068400,4.2200922000,634172,14889730.0000,2,0.301608,1,0.085700,0
2012-10-17,sh.600388,4.2381654000,4.2544312800,4.2056336400,4.2399727200,4.2237068400,616149,14419025.0000,2,0.293036,1,0.385100,0
2012-10-18,sh.600388,4.2472020000,4.3086508800,4.2291288000,4.2887703600,4.2399727200,1485895,35168403.0000,2,0.706681,1,1.150900,0
2012-10-19,sh.600388,4.2905776800,4.3104582000,4.2688898400,4.2815410800,4.2887703600,1094238,25975572.0000,2,0.520411,1,-0.168559,0
2012-10-22,sh.600388,4.2652752000,4.2652752000,4.1965970400,4.2544312800,4.2815410800,1185097,27726188.0000,2,0.563623,1,-0.633200,0
2012-10-23,sh.600388,4.2200922000,4.2706971600,4.2128629200,4.2273214800,4.2544312800,1104930,25860570.0000,2,0.525497,1,-0.637200,0
2012-10-24,sh.600388,4.2182848800,4.2255141600,4.1911750800,4.1947897200,4.2273214800,768887,17889458.0000,2,0.365677,1,-0.769600,0
2012-10-25,sh.600388,4.2020190000,4.2164775600,4.1170749600,4.1206896000,4.1947897200,989646,22763326.0000,2,0.470668,1,-1.766500,0
2012-10-26,sh.600388,4.1224969200,4.1532213600,4.0664700000,4.0736992800,4.1206896000,1062041,24100830.0000,2,0.505099,1,-1.140400,0
2012-10-29,sh.600388,4.0845432000,4.1116530000,4.0321309200,4.0357455600,4.0736992800,1248419,28130794.0000,2,0.593739,1,-0.931700,0
2012-10-30,sh.600388,4.0393602000,4.0809285600,3.9580308000,3.9688747200,4.0357455600,1998017,44212656.0000,2,0.950242,1,-1.657000,0
2012-10-31,sh.600388,3.9851406000,4.0502041200,3.9851406000,4.0032138000,3.9688747200,1574911,34986312.0000,2,0.749016,1,0.865200,0
2012-11-01,sh.600388,4.0357455600,4.0755066000,4.0122504000,4.0736992800,4.0032138000,5041111,112678899.0000,2,2.397515,1,1.760700,0
2012-11-02,sh.600388,4.0736992800,4.0736992800,3.9959845200,4.0375528800,4.0736992800,2370114,52860792.0000,2,1.127209,1,-0.887300,0
2012-11-05,sh.600388,4.0393602000,4.0538187600,3.9905625600,4.0357455600,4.0375528800,1597068,35524065.0000,2,0.759554,1,-0.044800,0
2012-11-06,sh.600388,4.0393602000,4.0700846400,3.9761040000,4.0682773200,4.0357455600,2094792,46654852.0000,2,0.996268,1,0.806100,0
2012-11-07,sh.600388,4.0483968000,4.0773139200,4.0411675200,4.0520114400,4.0682773200,1053622,23668814.0000,2,0.501095,1,-0.399800,0
2012-11-08,sh.600388,4.0140577200,4.0429748400,3.9779113200,3.9905625600,4.0520114400,1076341,23884180.0000,2,0.511900,1,-1.516500,0
2012-11-09,sh.600388,3.9905625600,4.0664700000,3.9905625600,4.0303236000,3.9905625600,924252,20587369.0000,2,0.439567,1,0.996400,0
2012-11-12,sh.600388,4.0502041200,4.1911750800,4.0465894800,4.1568360000,4.0303236000,4840198,111050505.0000,2,2.301962,1,3.139000,0
2012-11-13,sh.600388,4.1351481600,4.1984043600,4.0682773200,4.0773139200,4.1568360000,3180620,73094599.0000,2,1.512679,1,-1.913000,0
2012-11-14,sh.600388,4.1116530000,4.1206896000,4.0212870000,4.0845432000,4.0773139200,1854171,41763750.0000,2,0.881830,1,0.177300,0
2012-11-15,sh.600388,4.0465894800,4.1206896000,4.0122504000,4.0321309200,4.0845432000,1383449,31123680.0000,2,0.657958,1,-1.283200,0
2012-11-16,sh.600388,4.1387628000,4.2146702400,4.0755066000,4.1080383600,4.0321309200,4058788,92735316.0000,2,1.930329,1,1.882600,0
2012-11-19,sh.600388,4.1206896000,4.1622579600,4.0447821600,4.0917724800,4.1080383600,4282950,97083511.0000,2,2.036939,1,-0.396000,0
2012-11-20,sh.600388,4.1080383600,4.1098456800,3.9959845200,4.0502041200,4.0917724800,2479834,55728103.0000,2,1.179391,1,-1.015900,0
2012-11-21,sh.600388,4.0140577200,4.0483968000,3.8767014000,3.9742966800,4.0502041200,3067735,67156923.0000,2,1.458992,1,-1.874200,0
2012-11-22,sh.600388,3.9652600800,3.9652600800,3.8803160400,3.8875453200,3.9742966800,1616350,35043314.0000,2,0.768724,1,-2.182800,0
2012-11-23,sh.600388,3.8965819200,3.9327283200,3.8857380000,3.8947746000,3.8875453200,2090802,45215100.0000,2,0.994370,1,0.186000,0
2012-11-26,sh.600388,3.9038112000,3.9164624400,3.8279037600,3.8387476800,3.8947746000,1481875,31697443.0000,2,0.704769,1,-1.438500,0
2012-11-27,sh.600388,3.8170598400,3.8170598400,3.6092180400,3.6110253600,3.8387476800,2607024,53314048.0000,2,1.239881,1,-5.932200,0
2012-11-28,sh.600388,3.6019887600,3.6327132000,3.5459618400,3.5658423600,3.6110253600,2101628,41636273.0000,2,0.999519,1,-1.251300,0
2012-11-29,sh.600388,3.5730716400,3.6092180400,3.5098154400,3.5242740000,3.5658423600,1684553,33228788.0000,2,0.801161,1,-1.165700,0
2012-11-30,sh.600388,3.5242740000,3.5658423600,3.4935495600,3.5622277200,3.5242740000,2923478,57058759.0000,2,1.390384,1,1.076900,0
2012-12-03,sh.600388,3.5513838000,3.5513838000,3.3037809600,3.3073956000,3.5622277200,3309829,62830785.0000,2,1.574130,1,-7.153700,0
2012-12-04,sh.600388,3.3073956000,3.3453493200,3.1844978400,3.3417346800,3.3073956000,2739159,49258406.0000,2,1.302724,1,1.038300,0
2012-12-05,sh.600388,3.3182395200,3.4881276000,3.3092029200,3.4736690400,3.3417346800,4237224,80710364.0000,2,2.015192,1,3.948100,0
2012-12-06,sh.600388,3.4917422400,3.5531911200,3.4122201600,3.4212567600,3.4736690400,3754601,71981341.0000,2,1.785660,1,-1.508800,0
2012-12-07,sh.600388,3.4049908800,3.5911448400,3.3977616000,3.5694570000,3.4212567600,4431220,86087426.0000,2,2.107455,1,4.331700,0
2012-12-10,sh.600388,3.5676496800,3.6544010400,3.5531911200,3.6327132000,3.5694570000,4023730,80598674.0000,2,1.913656,1,1.772200,0
2012-12-11,sh.600388,3.6327132000,3.6525937200,3.5676496800,3.5748789600,3.6327132000,2606900,52013434.0000,2,1.239822,1,-1.592000,0
2012-12-12,sh.600388,3.5748789600,3.6435571200,3.5152374000,3.6363278400,3.5748789600,2623450,51981059.0000,2,1.247693,1,1.718900,0
2012-12-13,sh.600388,3.6471717600,3.6471717600,3.5549984400,3.5586130800,3.6363278400,2278980,45253761.0000,2,1.083866,1,-2.137200,0
2012-12-14,sh.600388,3.5586130800,3.7194645600,3.5441545200,3.7140426000,3.5586130800,4256719,86395062.0000,2,2.024464,1,4.367700,0
2012-12-17,sh.600388,3.7140426000,3.7501890000,3.6797035200,3.7194645600,3.7140426000,3404729,70032777.0000,2,1.619264,1,0.146000,0
2012-12-18,sh.600388,3.6869328000,3.7917573600,3.6688596000,3.7176572400,3.7194645600,2917557,60363041.0000,2,1.387568,1,-0.048600,0
2012-12-19,sh.600388,3.7230792000,3.7519963200,3.6905474400,3.7104279600,3.7176572400,1849610,38028341.0000,2,0.879661,1,-0.194500,0
2012-12-20,sh.600388,3.6887401200,3.7592256000,3.6742815600,3.7429597200,3.7104279600,2021110,41541231.0000,2,0.961225,1,0.876800,0
2012-12-21,sh.600388,3.7393450800,3.7899500400,3.7013913600,3.7194645600,3.7429597200,2259479,46716198.0000,2,1.074591,1,-0.627700,0
2012-12-24,sh.600388,3.7050060000,3.7682622000,3.6797035200,3.7429597200,3.7194645600,1978531,40829782.0000,2,0.940975,1,0.631700,0
2012-12-25,sh.600388,3.7465743600,3.8983892400,3.7357304400,3.8767014000,3.7429597200,4256244,90579767.0000,2,2.024238,1,3.573200,0
2012-12-26,sh.600388,3.8875453200,3.9309210000,3.8694721200,3.9236917200,3.8767014000,3106947,67183901.0000,2,1.477641,1,1.212100,0
2012-12-27,sh.600388,3.9236917200,3.9417649200,3.8333257200,3.8423623200,3.9236917200,3343501,71512895.0000,2,1.590144,1,-2.072800,0
2012-12-28,sh.600388,3.8459769600,3.9327283200,3.8297110800,3.9200770800,3.8423623200,2629080,56645801.0000,2,1.250371,1,2.022600,0
2012-12-31,sh.600388,3.9182697600,3.9634527600,3.8947746000,3.9580308000,3.9200770800,2451301,53407498.0000,2,1.165821,1,0.968200,0
2013-01-04,sh.600388,4.0212870000,4.0249016400,3.9001965600,3.9128478000,3.9580308000,2595219,56678474.0000,2,1.234267,1,-1.141600,0
2013-01-07,sh.600388,3.9038112000,3.9363429600,3.8604355200,3.9291136800,3.9128478000,1963428,42407958.0000,2,0.933792,1,0.415700,0
2013-01-08,sh.600388,3.9291136800,4.1134603200,3.8893526400,4.0773139200,3.9291136800,5370015,120076944.0000,2,2.553939,1,3.771800,0
2013-01-09,sh.600388,4.0483968000,4.1116530000,4.0068284400,4.0357455600,4.0773139200,3334798,74993597.0000,2,1.586005,1,-1.019500,0
2013-01-10,sh.600388,4.1008090800,4.1658726000,4.0411675200,4.0827358800,4.0357455600,4710256,107097502.0000,2,2.240163,1,1.164400,0
2013-01-11,sh.600388,4.0664700000,4.1568360000,3.9508015200,3.9544161600,4.0827358800,4549301,102112516.0000,2,2.163614,1,-3.143000,0
2013-01-14,sh.600388,4.2291288000,4.3158801600,4.0718919600,4.2562386000,3.9544161600,13885565,321995812.0000,2,6.603872,1,7.632500,0
2013-01-15,sh.600388,4.2887703600,4.6827661200,4.2869630400,4.6827661200,4.2562386000,22298923,567671176.0000,2,10.605203,1,10.021200,0
2013-01-16,sh.600388,4.7351784000,4.7369857200,4.5002268000,4.6032440400,4.6827661200,13553390,344592884.0000,2,6.445892,1,-1.698200,0
2013-01-17,sh.600388,4.5725196000,4.6791514800,4.5183000000,4.5345658800,4.6032440400,7939800,201780596.0000,2,3.776110,1,-1.492000,0
2013-01-18,sh.600388,4.5797488800,4.7171052000,4.5797488800,4.6357758000,4.5345658800,8140303,209381936.0000,2,3.871468,1,2.232000,0
2013-01-21,sh.600388,4.6990320000,4.8418102800,4.6719222000,4.7604808800,4.6357758000,8370688,220393462.0000,2,3.981037,1,2.690100,0
2013-01-22,sh.600388,4.7622882000,4.7713248000,4.5399878400,4.5978220800,4.7604808800,5895507,151070068.0000,2,2.803859,1,-3.416900,0
2013-01-23,sh.600388,4.5725196000,4.7767467600,4.5725196000,4.6990320000,4.5978220800,6201316,161041310.0000,2,2.949300,1,2.201300,0
2013-01-24,sh.600388,4.7532516000,4.7767467600,4.5381805200,4.5815562000,4.6990320000,7254532,186668936.0000,2,3.450202,1,-2.500000,0
2013-01-25,sh.600388,4.6231245600,4.7640955200,4.6104733200,4.6899954000,4.5815562000,7787758,202641344.0000,2,3.703800,1,2.366900,0
2013-01-28,sh.600388,4.6954173600,4.9122957600,4.6267392000,4.8942225600,4.6899954000,9484858,252669386.0000,2,4.510928,1,4.354500,0
2013-01-29,sh.600388,4.9159104000,5.0568813600,4.8490395600,4.8743420400,4.8942225600,8094448,221417585.0000,2,3.849659,1,-0.406200,0
2013-01-30,sh.600388,4.9159104000,4.9845885600,4.8074712000,4.8960298800,4.8743420400,5519802,149255140.0000,2,2.625177,1,0.444900,0
2013-01-31,sh.600388,4.8996445200,5.0604960000,4.8996445200,5.0586886800,4.8960298800,8378284,230686319.0000,2,3.984650,1,3.322300,0
2013-02-01,sh.600388,5.0731472400,5.1508620000,4.9863958800,5.0315788800,5.0586886800,8648095,242860535.0000,2,4.112970,1,-0.535900,0
2013-02-04,sh.600388,5.0604960000,5.2177328400,4.9719373200,5.1617059200,5.0315788800,9150978,256843444.0000,2,4.352137,1,2.586200,0
2013-02-05,sh.600388,5.1201375600,5.3424379200,5.0731472400,5.2611085200,5.1617059200,6518540,188774723.0000,2,3.100169,1,1.925800,0
2013-02-06,sh.600388,5.2556865600,5.3514745200,5.2213474800,5.2864110000,5.2611085200,3594183,105223353.0000,2,1.709367,1,0.480900,0
2013-02-07,sh.600388,5.3171354400,5.3587038000,5.2068889200,5.2990622400,5.2864110000,4092641,119230404.0000,2,1.946430,1,0.239300,0
2013-02-08,sh.600388,5.2593012000,5.4581064000,5.2593012000,5.4418405200,5.2990622400,5057243,151195003.0000,2,2.405187,1,2.694400,0
2013-02-18,sh.600388,5.5213626000,5.9840365200,5.4797942400,5.9117437200,5.4418405200,9147477,291630832.0000,2,4.350472,1,8.635000,0
2013-02-19,sh.600388,5.8430655600,5.8918632000,5.5864261200,5.6478750000,5.9117437200,8644037,273911413.0000,2,4.111040,1,-4.463500,0
2013-02-20,sh.600388,5.6659482000,6.1774197600,5.6659482000,6.0219902400,5.6478750000,10637561,351699063.0000,2,5.059145,1,6.624000,0
2013-02-21,sh.600388,5.9677706400,6.2623638000,5.8774046400,6.2009149200,6.0219902400,12774620,430901069.0000,2,6.075515,1,2.971200,0
2013-02-22,sh.600388,6.1810344000,6.2677857600,6.1159708800,6.1430806800,6.2009149200,8734343,298897296.0000,2,4.153989,1,-0.932700,0
2013-02-25,sh.600388,6.5063520000,6.7575694800,6.4159860000,6.7575694800,6.1430806800,18564687,683187669.0000,2,8.829228,1,10.002900,0
2013-02-26,sh.600388,6.8190183600,7.2039775200,6.6093692400,6.7937158800,6.7575694800,23654715,900371230.0000,2,11.250007,1,0.534900,0
2013-02-27,sh.600388,6.7413036000,6.9093843600,6.5262325200,6.7394962800,6.7937158800,13887376,513120473.0000,2,6.604733,1,-0.798100,0
2013-02-28,sh.600388,6.7575694800,7.1136115200,6.6328644000,7.1063822400,6.7394962800,18143184,699085487.0000,2,8.628764,1,5.443800,0
2013-03-01,sh.600388,7.0485480000,7.6991832000,6.9581820000,7.4353144800,7.1063822400,19896943,799574184.0000,2,9.462839,1,4.628700,0
2013-03-04,sh.600388,7.2834996000,7.8256956000,7.1045749200,7.3069947600,7.4353144800,22332691,915526937.0000,2,10.621262,1,-1.725800,0
2013-03-05,sh.600388,7.2437385600,7.3901314800,6.8696233200,7.2365092800,7.3069947600,15430825,610789954.0000,2,7.338786,1,-0.964600,0
2013-03-06,sh.600388,7.1877116400,7.3196460000,6.9997503600,7.0955383200,7.2365092800,12199839,479604180.0000,2,5.802153,1,-1.948100,0
2013-03-07,sh.600388,7.0304748000,7.2654264000,6.7123864800,6.7611841200,7.0955383200,14104210,543101164.0000,2,6.707858,1,-4.712200,0
2013-03-08,sh.600388,6.7557621600,6.8262476400,6.5388837600,6.6111765600,6.7611841200,9628204,355748270.0000,2,4.579102,1,-2.218700,0
2013-03-11,sh.600388,6.6256351200,7.0738504800,6.6256351200,7.0286674800,6.6111765600,13939091,531455957.0000,2,6.629328,1,6.314900,0
2013-03-12,sh.600388,6.9798698400,7.0846944000,6.6292497600,6.9093843600,7.0286674800,12365561,467365590.0000,2,5.880969,1,-1.697100,0
2013-03-13,sh.600388,6.8045598000,6.9364941600,6.6346717200,6.7991378400,6.9093843600,7830244,293289910.0000,2,3.724006,1,-1.595600,0
2013-03-14,sh.600388,6.7521475200,6.9003477600,6.6653961600,6.7304596800,6.7991378400,6073882,227676496.0000,2,2.888693,1,-1.010100,0
2013-03-15,sh.600388,6.7051572000,7.0955383200,6.6997352400,6.8895038400,6.7304596800,12446408,477472798.0000,2,5.919419,1,2.363100,0
2013-03-18,sh.600388,6.9220356000,7.1678311200,6.8678160000,7.0142089200,6.8895038400,9974708,388157088.0000,2,4.743897,1,1.810100,0
2013-03-19,sh.600388,7.0485480000,7.1081895600,6.6708181200,6.7738353600,7.0142089200,10419804,394036352.0000,2,4.955582,1,-3.427000,0
2013-03-20,sh.600388,6.7901012400,6.9545673600,6.7087718400,6.9274575600,6.7738353600,8687321,330012288.0000,2,4.131625,1,2.267900,0
2013-03-21,sh.600388,6.9364941600,7.3702509600,6.9057697200,7.2256653600,6.9274575600,17103899,682397312.0000,2,8.134488,1,4.304700,0
2013-03-22,sh.600388,7.2093994800,7.2148214400,7.0485480000,7.1190334800,7.2256653600,7727954,303739584.0000,2,3.675358,1,-1.475700,0
2013-03-25,sh.600388,7.1280700800,7.3178386800,7.0593919200,7.0991529600,7.1190334800,7780184,308341248.0000,2,3.700198,1,-0.279300,0
2013-03-26,sh.600388,7.0124016000,7.0214382000,6.8063671200,6.8678160000,7.0991529600,8637180,328803200.0000,2,4.107779,1,-3.258700,0
2013-03-27,sh.600388,6.8407062000,6.9599893200,6.7955232000,6.8967331200,6.8678160000,4933699,187897824.0000,2,2.346431,1,0.421100,0
2013-03-28,sh.600388,6.8678160000,6.9563746800,6.7413036000,6.7647987600,6.8967331200,6116492,231308592.0000,2,2.908958,1,-1.913000,0
2013-03-29,sh.600388,6.8135964000,6.8678160000,6.5099666400,6.5280398400,6.7647987600,7466964,275397696.0000,2,3.551233,1,-3.499900,0
2013-04-01,sh.600388,6.5424984000,6.7449182400,6.4846641600,6.6400936800,6.5280398400,5653381,207843744.0000,2,2.688706,1,1.716500,0
2013-04-02,sh.600388,6.6419010000,6.7141938000,6.3798396000,6.4485177600,6.6400936800,7055256,254644208.0000,2,3.355427,1,-2.885100,0
2013-04-03,sh.600388,6.4268299200,6.4774348800,6.2316393600,6.2695930800,6.4485177600,7667525,267889152.0000,2,3.646618,1,-2.774700,0
2013-04-08,sh.600388,6.1900710000,6.4250226000,6.0635586000,6.4214079600,6.2695930800,11511216,397825568.0000,2,5.474649,1,2.421400,0
2013-04-09,sh.600388,6.3689956800,6.4846641600,6.3256200000,6.3328492800,6.4214079600,7560422,267785216.0000,2,3.595681,1,-1.379100,0
2013-04-10,sh.600388,6.3491151600,6.3563444400,6.0617512800,6.1521172800,6.3328492800,8503802,289993472.0000,2,4.044345,1,-2.853900,0
2013-04-11,sh.600388,6.1936856400,6.3039321600,6.1466953200,6.1810344000,6.1521172800,5856166,201408112.0000,2,2.785149,1,0.470000,0
2013-04-12,sh.600388,6.1448880000,6.2533272000,6.1159708800,6.1575392400,6.1810344000,3103557,106211016.0000,2,1.476029,1,-0.380120,0
2013-04-15,sh.600388,6.1340440800,6.2497125600,6.1051269600,6.1665758400,6.1575392400,2735225,93537024.0000,2,1.300853,1,0.146800,0
2013-04-16,sh.600388,6.1087416000,6.3599590800,6.0888610800,6.3491151600,6.1665758400,5429318,187755680.0000,2,2.582143,1,2.960147,0
2013-04-17,sh.600388,6.3400785600,6.4141786800,6.2750150400,6.3906835200,6.3491151600,5086606,178596096.0000,2,2.419152,1,0.654700,0
2013-04-18,sh.600388,6.3563444400,6.6473229600,6.3256200000,6.6165985200,6.3906835200,9612388,347050496.0000,2,4.571580,1,3.535100,0
2013-04-19,sh.600388,6.5876814000,6.8370915600,6.5424984000,6.8298622800,6.6165985200,9548528,354670016.0000,2,4.541209,1,3.223164,0
2013-04-22,sh.600388,6.7973305200,6.9111916800,6.7105791600,6.9039624000,6.8298622800,11373815,428112352.0000,2,5.409302,1,1.084900,0
2013-04-23,sh.600388,6.9057697200,6.9256502400,6.6653961600,6.7105791600,6.9039624000,8057223,301858752.0000,2,3.831956,1,-2.801000,0
2013-04-24,sh.600388,6.7539548400,6.8425135200,6.6346717200,6.6943132800,6.7105791600,9178118,342310400.0000,2,4.365045,1,-0.242400,0
2013-04-25,sh.600388,6.6599742000,6.8678160000,6.6057546000,6.6202131600,6.6943132800,9738970,364290112.0000,2,4.631782,1,-1.106900,0
2013-04-26,sh.600388,6.4702056000,6.4810495200,5.9587340400,5.9587340400,6.6202131600,15094452,509800000.0000,2,7.178809,1,-9.991809,0
2013-05-02,sh.600388,5.7635434800,5.9081290800,5.7292044000,5.8611387600,5.9587340400,7035354,227095600.0000,2,3.345962,1,-1.637900,0
2013-05-03,sh.600388,5.8918632000,6.2045295600,5.8918632000,6.1195855200,5.8611387600,7072434,239088832.0000,2,3.363597,1,4.409498,0
2013-05-06,sh.600388,6.1250074800,6.4304445600,6.1177782000,6.3997201200,6.1195855200,7236650,252914016.0000,2,3.412919,1,4.577700,0
2013-05-07,sh.600388,6.4232152800,6.9364941600,6.4232152800,6.7684134000,6.3997201200,12966948,485970496.0000,2,6.115418,1,5.761100,0
2013-05-08,sh.600388,6.7413036000,6.8985404400,6.7087718400,6.8407062000,6.7684134000,7654988,288643712.0000,2,3.610213,1,1.068100,0
2013-05-09,sh.600388,6.8985404400,7.5256804800,6.8985404400,7.5256804800,6.8407062000,23869007,986788352.0000,2,11.257001,1,10.013200,0
2013-05-10,sh.600388,7.8744932400,8.2775256000,7.8744932400,7.9558226400,7.5256804800,25482971,1134822528.0000,2,12.018172,1,5.715700,0
2013-05-13,sh.600388,8.0245008000,8.1907742400,7.8347322000,8.1239034000,7.9558226400,14386803,640140608.0000,2,6.785044,1,2.112700,0
2013-05-14,sh.600388,8.0245008000,8.0425740000,7.6106245200,7.8076224000,8.1239034000,12512775,539250432.0000,2,5.901222,1,-3.893200,0
2013-05-15,sh.600388,7.8184663200,8.4257258400,7.8184663200,8.4112672800,7.8076224000,15807248,715296064.0000,2,7.454948,1,7.731500,0
2013-05-16,sh.600388,8.2775256000,8.6480262000,8.1510132000,8.2757182800,8.4112672800,12197142,565646016.0000,2,5.752365,1,-1.611500,0
2013-05-17,sh.600388,8.1419766000,8.5847700000,8.1329400000,8.5341650400,8.2757182800,8236585,382280032.0000,2,3.884504,1,3.123000,0
2013-05-20,sh.600388,8.5486236000,9.3872200800,8.5486236000,9.3366151200,8.5341650400,13069667,653048896.0000,2,6.163861,1,9.402800,0
2013-05-21,sh.600388,9.1305806400,9.4522836000,9.0366000000,9.3727615200,9.3366151200,8181236,418123136.0000,2,3.858400,1,0.387148,0
2013-05-22,sh.600388,9.2191393200,9.3058906800,8.6209164000,8.8323728400,9.3727615200,14437754,713416640.0000,2,6.809073,1,-5.765500,0
2013-05-23,sh.600388,8.9462340000,9.2155246800,8.8377948000,8.9968389600,8.8323728400,8068808,401220832.0000,2,3.805377,1,1.862100,0
2013-05-24,sh.600388,8.9606925600,9.1052781600,8.8739412000,9.0763610400,8.9968389600,5465578,271640576.0000,2,2.577653,1,0.883900,0
2013-05-27,sh.600388,9.1884148800,9.9492966000,9.1848002400,9.4974666000,9.0763610400,8609297,455780736.0000,2,4.060281,1,4.639600,0
2013-05-28,sh.600388,9.6655473600,9.8408574000,9.3040833600,9.5137324800,9.4974666000,8893157,470714880.0000,2,4.194153,1,0.171300,0
2013-05-29,sh.600388,9.5245764000,9.8498940000,9.5245764000,9.7233816000,9.5137324800,7939520,425315680.0000,2,3.744403,1,2.203600,0
2013-05-30,sh.600388,9.7197669600,9.7776012000,9.5534935200,9.7649499600,9.7233816000,5826214,312094784.0000,2,2.747735,1,0.427500,0
2013-05-31,sh.600388,9.8860404000,10.6198123200,9.7613353200,10.2782288400,9.7649499600,12506177,705634048.0000,2,5.898111,1,5.256340,0
2013-06-03,sh.600388,10.4383728000,10.8751248000,9.8997120000,10.0125396000,10.2782304000,17396431,496150208.0000,2,4.102216,1,-2.585000,0
2013-06-04,sh.600388,9.9397476000,10.3037076000,9.1717920000,9.4411224000,10.0125396000,35891635,946866368.0000,2,8.463531,1,-5.707000,0
2013-06-05,sh.600388,9.4265640000,9.5575896000,9.0735228000,9.3865284000,9.4411224000,21394439,544861760.0000,2,5.044978,1,-0.578300,0
2013-06-06,sh.600388,9.2918988000,9.2918988000,8.9279388000,9.0043704000,9.3865284000,18775307,467482688.0000,2,4.427366,1,-4.071300,0
2013-06-07,sh.600388,9.1171980000,9.1645128000,8.5057452000,8.6549688000,9.0043704000,20693647,500639104.0000,2,4.879725,1,-3.880400,0
2013-06-13,sh.600388,8.4329532000,8.9170200000,8.4183948000,8.8842636000,8.6549688000,24303860,581021120.0000,2,5.731042,1,2.649300,0
2013-06-14,sh.600388,8.8842636000,9.6849756000,8.8624260000,9.6267420000,8.8842636000,31768761,804847168.0000,2,7.491325,1,8.357200,0
2013-06-17,sh.600388,9.8232804000,9.9361080000,9.3537720000,9.4811580000,9.6267420000,29373089,773511680.0000,2,6.926406,1,-1.512300,0
2013-06-18,sh.600388,9.4010868000,9.5248332000,8.9024616000,9.2700612000,9.4811580000,23585682,592841344.0000,2,5.561690,1,-2.226500,0
2013-06-19,sh.600388,9.1499544000,9.2482236000,8.8660656000,9.1244772000,9.2700612000,15780726,393244640.0000,2,3.721220,1,-1.570500,0
2013-06-20,sh.600388,9.0080100000,9.0589644000,8.4839076000,8.5166640000,9.1244772000,17588283,423815808.0000,2,4.147456,1,-6.661300,0
2013-06-21,sh.600388,8.3528820000,8.5530600000,8.0726328000,8.4438720000,8.5166640000,16915812,387281728.0000,2,3.988882,1,-0.854700,0
2013-06-24,sh.600388,8.4620700000,8.4620700000,7.6431600000,7.8215004000,8.4438720000,15978476,353747264.0000,2,3.767851,1,-7.370700,0
2013-06-25,sh.600388,7.7559876000,8.0981100000,7.0644636000,8.0034804000,7.8215004000,27112297,571016640.0000,2,6.393294,1,2.326700,0
2013-06-26,sh.600388,7.9707240000,8.4766284000,7.8251400000,8.4729888000,8.0034804000,29149796,655996032.0000,2,6.873752,1,5.866300,0
2013-06-27,sh.600388,8.5166640000,9.0516852000,8.2436940000,8.2618920000,8.4729888000,34939240,825030912.0000,2,8.238949,1,-2.491400,0
2013-06-28,sh.600388,8.0180388000,8.4729888000,8.0180388000,8.2509732000,8.2618920000,15755351,356622176.0000,2,3.715236,1,-0.132200,0
2013-07-01,sh.600388,8.2982880000,8.6913648000,8.1454248000,8.6513292000,8.2509732000,15542929,357257024.0000,2,3.665145,1,4.852200,0
2013-07-02,sh.600388,8.7277608000,8.8405884000,8.5385016000,8.7532380000,8.6513292000,18855439,451370912.0000,2,4.446262,1,1.178000,0
2013-07-03,sh.600388,8.6622480000,8.7314004000,8.3528820000,8.5275828000,8.7532380000,18814614,440620064.0000,2,4.436635,1,-2.578000,0
2013-07-04,sh.600388,8.3819988000,8.7095628000,8.2982880000,8.4693492000,8.5275828000,15167820,353801728.0000,2,3.576692,1,-0.682900,0
2013-07-05,sh.600388,8.5021056000,8.7095628000,8.3310444000,8.3638008000,8.4693492000,14038492,329438528.0000,2,3.310387,1,-1.246200,0
2013-07-08,sh.600388,8.2254960000,8.2254960000,7.6031244000,7.6467996000,8.3638008000,16974302,369419392.0000,2,4.002675,1,-8.572700,0
2013-07-09,sh.600388,7.6504392000,7.8105816000,7.3519920000,7.5121344000,7.6467996000,14176167,293547936.0000,2,3.342852,1,-1.761100,0
2013-07-10,sh.600388,7.5776472000,8.2618920000,7.5776472000,8.2618920000,7.5121344000,24274340,536875456.0000,2,5.724081,1,9.980600,0
2013-07-11,sh.600388,8.3710800000,8.7969132000,8.2254960000,8.5930956000,8.2618920000,32531014,759244416.0000,2,7.671070,1,4.008800,0
2013-07-12,sh.600388,8.5530600000,9.0990000000,8.4729888000,8.7750756000,8.5930956000,31501995,760034816.0000,2,7.428419,1,2.117700,0
2013-07-15,sh.600388,9.0371268000,9.2809800000,8.9679744000,9.0407664000,8.7750756000,29114153,727732928.0000,2,6.865347,1,3.027800,0
2013-07-16,sh.600388,9.0808020000,9.2627820000,8.8806240000,9.2409444000,9.0407664000,19466134,483978816.0000,2,4.590268,1,2.214200,0
2013-07-17,sh.600388,9.3173760000,9.3828888000,8.9133804000,8.9206596000,9.2409444000,19708243,489363648.0000,2,4.647359,1,-3.465900,0
2013-07-18,sh.600388,8.9352180000,8.9752536000,8.6695272000,8.7532380000,8.9206596000,17153977,414371616.0000,2,4.045043,1,-1.876800,0
2013-07-19,sh.600388,8.7241212000,9.1353960000,8.6986440000,8.8041924000,8.7532380000,22651539,556066368.0000,2,5.341412,1,0.582100,0
2013-07-22,sh.600388,8.6622480000,9.6849756000,8.6222124000,9.6849756000,8.8041924000,39489438,1006601728.0000,2,9.311922,1,10.004100,0
2013-07-23,sh.600388,9.6849756000,9.9943416000,9.5357520000,9.8560368000,9.6849756000,41348004,1113543552.0000,2,9.750186,1,1.766300,0
2013-07-24,sh.600388,9.8269200000,10.8423684000,9.6849756000,10.8423684000,9.8560368000,42296875,1189002496.0000,2,9.973937,1,10.007400,0
2013-07-25,sh.600388,10.9188000000,11.0498256000,10.3219056000,10.4602104000,10.8423684000,38084741,1116917248.0000,2,8.980683,1,-3.524700,0
2013-07-26,sh.600388,10.4056164000,11.3773896000,10.3000680000,11.1480948000,10.4602104000,46701496,1395941120.0000,2,11.012582,1,6.576200,0
2013-07-29,sh.600388,10.9188000000,10.9879524000,10.3655808000,10.3874184000,11.1480948000,35967952,1056475776.0000,2,8.481527,1,-6.823400,0
2013-07-30,sh.600388,10.4784084000,10.6967844000,9.8232804000,10.0089000000,10.3874184000,34023360,954489088.0000,2,8.022977,1,-3.644000,0
2013-07-31,sh.600388,10.1908800000,10.8241704000,10.0452960000,10.5220836000,10.0089000000,32726728,943447168.0000,2,7.717221,1,5.127300,0
2013-08-01,sh.600388,10.5584796000,11.1044196000,10.3364640000,10.9297188000,10.5220836000,34176077,1014377856.0000,2,8.058989,1,3.874100,0
2013-08-02,sh.600388,10.9188000000,10.9188000000,10.6130736000,10.6494696000,10.9297188000,28939599,853606976.0000,2,6.824186,1,-2.564100,0
2013-08-05,sh.600388,10.0270980000,10.3692204000,10.0125396000,10.2017988000,10.6494696000,48638691,1358505216.0000,2,11.469388,1,-4.203700,0
2013-08-06,sh.600388,10.0816920000,10.4019768000,10.0016208000,10.2709512000,10.2017988000,30398935,853040064.0000,2,7.168309,1,0.677800,0
2013-08-07,sh.600388,10.2745908000,10.3182660000,10.0161792000,10.0889712000,10.2709512000,21923651,608517824.0000,2,5.169770,1,-1.771800,0
2013-08-08,sh.600388,10.0198188000,10.2600324000,10.0198188000,10.0707732000,10.0889712000,17407394,484672640.0000,2,4.104801,1,-0.180400,0
2013-08-09,sh.600388,10.0671336000,10.2454740000,9.9179100000,10.2054384000,10.0707732000,18271347,507114688.0000,2,4.308528,1,1.337200,0
2013-08-12,sh.600388,10.5730380000,10.7695764000,10.3437432000,10.4165352000,10.2054384000,37444177,1087549568.0000,2,8.829633,1,2.068500,0
2013-08-13,sh.600388,10.4201748000,10.4674896000,10.2127176000,10.3109868000,10.4165352000,16084811,454832640.0000,2,3.792926,1,-1.013300,0
2013-08-14,sh.600388,10.3000680000,10.3109868000,9.9543060000,10.1253672000,10.3109868000,20303925,563206144.0000,2,4.787826,1,-1.800200,0
2013-08-15,sh.600388,10.0452960000,10.0816920000,9.8341992000,9.8378388000,10.1253672000,14806074,404923456.0000,2,3.491389,1,-2.839700,0
2013-08-16,sh.600388,9.7541280000,10.1690424000,9.7177320000,9.9288288000,9.8378388000,21015873,577416448.0000,2,4.955709,1,0.924900,0
2013-08-19,sh.600388,9.8269200000,10.0634940000,9.7614072000,10.0452960000,9.9288288000,11825523,323625952.0000,2,2.788552,1,1.173000,0
2013-08-20,sh.600388,9.9797832000,10.0525752000,9.8815140000,9.9725040000,10.0452960000,10344415,283401728.0000,2,2.439295,1,-0.724600,0
2013-08-21,sh.600388,9.9579456000,10.5512004000,9.9506664000,10.4638500000,9.9725040000,33215747,946831680.0000,2,7.832536,1,4.927000,0
2013-08-22,sh.600388,10.3364640000,10.4019768000,10.1544840000,10.1872404000,10.4638500000,18725875,526259136.0000,2,4.415709,1,-2.643500,0
2013-08-23,sh.600388,10.2127176000,10.3619412000,9.6886152000,10.0052604000,10.1872404000,22408759,617770048.0000,2,5.284162,1,-1.786400,0
2013-08-26,sh.600388,10.0380168000,10.1326464000,9.8269200000,10.1180880000,10.0052604000,16924796,464649088.0000,2,3.991001,1,1.127700,0
2013-08-27,sh.600388,10.1180880000,10.1326464000,9.8997120000,9.9907020000,10.1180880000,13171654,360622720.0000,2,3.105980,1,-1.259000,0
2013-08-28,sh.600388,9.9361080000,9.9397476000,9.6449400000,9.6631380000,9.9907020000,20357910,546165824.0000,2,4.800556,1,-3.278700,0
2013-08-29,sh.600388,9.6631380000,9.8341992000,9.5721480000,9.6594984000,9.6631380000,11228605,299411136.0000,2,2.647794,1,-0.037700,0
2013-08-30,sh.600388,9.7177320000,9.8633160000,9.4120056000,9.5066352000,9.6594984000,16629525,440566016.0000,2,3.921373,1,-1.582500,0
2013-09-02,sh.600388,9.4629600000,9.7759656000,8.9534160000,9.7250112000,9.5066352000,16736539,434080640.0000,2,3.946608,1,2.297100,0
2013-09-03,sh.600388,9.7432092000,9.8232804000,9.6158232000,9.7686864000,9.7250112000,10474554,280021248.0000,2,2.469983,1,0.449100,0
2013-09-04,sh.600388,9.7650468000,9.7832448000,9.4847976000,9.4993560000,9.7686864000,12729728,334388640.0000,2,3.001770,1,-2.757100,0
2013-09-05,sh.600388,9.4629600000,9.6776964000,9.3901680000,9.5539500000,9.4993560000,11521275,303465472.0000,2,2.716808,1,0.574700,0
2013-09-06,sh.600388,9.5175540000,9.7177320000,9.2445840000,9.5685084000,9.5539500000,19914912,518295936.0000,2,4.696094,1,0.152400,0
2013-09-09,sh.600388,9.6231024000,10.1071692000,9.4702392000,10.0889712000,9.5685084000,31416338,847504960.0000,2,7.408221,1,5.439300,0
2013-09-10,sh.600388,10.0816920000,10.6567488000,10.0452960000,10.4529312000,10.0889712000,47257273,1344025472.0000,2,11.143638,1,3.607500,0
2013-09-11,sh.600388,10.4602104000,10.4602104000,10.0125396000,10.1544840000,10.4529312000,23490041,657379728.0000,2,5.539137,1,-2.855200,0
2013-09-12,sh.600388,10.1399256000,10.3182660000,9.8705952000,9.8997120000,10.1544840000,19593284,540937936.0000,2,4.620251,1,-2.509000,0
2013-09-13,sh.600388,10.1180880000,10.3000680000,9.9688644000,10.0270980000,9.8997120000,18615829,517131616.0000,2,4.389760,1,1.286800,0
2013-09-16,sh.600388,10.1362860000,10.1690424000,9.8742348000,9.9069912000,10.0270980000,12394904,338564656.0000,2,2.922816,1,-1.197800,0
2013-09-17,sh.600388,9.9069912000,10.0634940000,9.7614072000,9.7868844000,9.9069912000,10838062,295434912.0000,2,2.555701,1,-1.212300,0
2013-09-18,sh.600388,9.7577676000,10.0016208000,9.6449400000,9.9251892000,9.7868844000,12324412,332245088.0000,2,2.906194,1,1.413200,0
2013-09-23,sh.600388,9.9907020000,10.1799612000,9.9215496000,10.0962504000,9.9251892000,14929909,412633216.0000,2,3.520591,1,1.723500,0
2013-09-24,sh.600388,10.1362860000,10.5111648000,10.0452960000,10.4238144000,10.0962504000,36462390,1039786272.0000,2,8.598120,1,3.244400,0
2013-09-25,sh.600388,10.3728600000,10.3728600000,9.9834228000,10.0089000000,10.4238144000,23653556,657528448.0000,2,5.577695,1,-3.980400,0
2013-09-26,sh.600388,9.9397476000,10.0780524000,9.8305596000,9.8414784000,10.0089000000,11841293,322860240.0000,2,2.792270,1,-1.672700,0
2013-09-27,sh.600388,9.9288288000,9.9907020000,9.8523972000,9.9033516000,9.8414784000,8467582,230557501.0000,2,1.996723,1,0.628700,0
2013-09-30,sh.600388,10.2418344000,10.2563928000,10.0744128000,10.1945196000,9.9033516000,16290977,455597616.0000,2,3.841541,1,2.940100,0
2013-10-08,sh.600388,10.4456520000,10.8860436000,10.4456520000,10.5330024000,10.1945196000,31581810,922125120.0000,2,7.447240,1,3.320200,0
2013-10-09,sh.600388,10.5402816000,10.8314496000,10.3728600000,10.7004240000,10.5330024000,30468619,892880080.0000,2,7.184741,1,1.589500,0
2013-10-10,sh.600388,10.6640280000,10.6640280000,10.3728600000,10.4238144000,10.7004240000,20906591,601810496.0000,2,4.929939,1,-2.585000,0
2013-10-11,sh.600388,10.5475608000,10.8278100000,10.4674896000,10.6239924000,10.4238144000,21812542,639436896.0000,2,5.143570,1,1.920400,0
2013-10-14,sh.600388,10.6203528000,11.6867556000,10.4201748000,11.6867556000,10.6239924000,41824520,1266754224.0000,2,9.862552,1,10.003400,0
2013-10-15,sh.600388,11.9633652000,12.1125888000,11.5520904000,11.8214208000,11.6867556000,61228446,1993553760.0000,2,14.438151,1,1.152300,0
2013-10-16,sh.600388,11.6685576000,12.7022040000,11.2936788000,12.1999392000,11.8214208000,52112590,1723252672.0000,2,12.288560,1,3.202000,0
2013-10-17,sh.600388,12.1890204000,13.2845400000,12.0725532000,12.8477880000,12.1999392000,51561458,1820358880.0000,2,12.158599,1,5.310300,0
2013-10-18,sh.600388,12.8659860000,13.1899104000,12.4146756000,12.8477880000,12.8477880000,34942806,1226313536.0000,2,8.239790,1,0.000000,0
2013-10-21,sh.600388,12.8514276000,14.1216480000,12.7386000000,13.7940840000,12.8477880000,44832419,1671074096.0000,2,10.571839,1,7.365400,0
2013-10-22,sh.600388,13.9032720000,14.7585780000,13.3500528000,13.4119260000,13.7940840000,59660754,2302971808.0000,2,14.068477,1,-2.770400,0
2013-10-23,sh.600388,13.3136568000,13.7322108000,12.9169404000,13.1280372000,13.4119260000,34907188,1274159424.0000,2,8.231391,1,-2.116700,0
2013-10-24,sh.600388,12.9424176000,12.9424176000,12.0179592000,12.4001172000,13.1280372000,30804654,1061176848.0000,2,7.263981,1,-5.544800,0
2013-10-25,sh.600388,12.4073964000,13.3391340000,12.4037568000,12.9205800000,12.4001172000,35804757,1267051936.0000,2,8.443045,1,4.197200,0
2013-10-28,sh.600388,12.9569760000,13.1935500000,12.0543552000,13.0188492000,12.9205800000,24218413,848751040.0000,2,5.710893,1,0.760600,0
2013-10-29,sh.600388,12.8004732000,13.2117480000,12.0579948000,12.6075744000,13.0188492000,26361403,910771040.0000,2,6.216227,1,-3.159100,0
2013-10-30,sh.600388,12.4401528000,12.9460572000,12.3346044000,12.8368692000,12.6075744000,22355400,780830240.0000,2,5.271580,1,1.818700,0
2013-10-31,sh.600388,12.6330516000,12.7204020000,12.0215988000,12.1271472000,12.8368692000,22085259,748453744.0000,2,5.207879,1,-5.528800,0
2013-11-01,sh.600388,11.9633652000,11.9633652000,11.5375320000,11.5666488000,12.1271472000,19839328,636954464.0000,2,4.678270,1,-4.621800,0
2013-11-04,sh.600388,11.8760148000,12.3127668000,11.7923040000,12.1016700000,11.5666488000,21153902,702695536.0000,2,4.988257,1,4.625600,0
2013-11-05,sh.600388,11.8468980000,12.6949248000,11.7486288000,12.6548892000,12.1016700000,20746080,702458032.0000,2,4.892090,1,4.571400,0
2013-11-06,sh.600388,12.5893764000,13.1425956000,12.3309648000,12.3819192000,12.6548892000,27864680,976834304.0000,2,6.570712,1,-2.157000,0
2013-11-07,sh.600388,12.3746400000,13.0406868000,12.2690916000,12.9278592000,12.3819192000,29028476,1020771136.0000,2,6.845144,1,4.409200,0
2013-11-08,sh.600388,12.7749960000,13.1171184000,12.7386000000,12.9169404000,12.9278592000,21983097,780011584.0000,2,5.183788,1,-0.084500,0
2013-11-11,sh.600388,12.9205800000,12.9569760000,12.2654520000,12.3418836000,12.9169404000,17128784,588292608.0000,2,4.039103,1,-4.452000,0
2013-11-12,sh.600388,12.3418836000,12.5675388000,12.0215988000,12.5347824000,12.3418836000,15684138,529837680.0000,2,3.698444,1,1.563000,0
2013-11-13,sh.600388,12.3746400000,12.4656300000,12.0143196000,12.0215988000,12.5347824000,13076289,440382560.0000,2,3.083492,1,-4.094100,0
2013-11-14,sh.600388,11.9378880000,12.1562640000,11.6721972000,12.0034008000,12.0215988000,13758269,451642800.0000,2,3.244309,1,-0.151400,0
2013-11-15,sh.600388,12.1125888000,12.8987424000,12.1125888000,12.7677168000,12.0034008000,23787562,822431120.0000,2,5.609295,1,6.367500,0
2013-11-18,sh.600388,12.8405088000,13.0188492000,12.5675388000,12.9642552000,12.7677168000,24139378,850458880.0000,2,5.692256,1,1.539300,0
2013-11-19,sh.600388,12.9496968000,13.3136568000,12.7859148000,13.0261284000,12.9642552000,22368957,803865216.0000,2,5.274777,1,0.477300,0
2013-11-20,sh.600388,12.9751740000,13.2081084000,12.8113920000,13.1607936000,13.0261284000,16822594,599267968.0000,2,3.966901,1,1.033800,0
2013-11-21,sh.600388,13.0224888000,13.0625244000,12.7386000000,12.8441484000,13.1607936000,16854856,595526704.0000,2,3.974508,1,-2.406000,0
2013-11-22,sh.600388,12.8441484000,12.9496968000,12.6294120000,12.6476100000,12.8441484000,12572281,441234128.0000,2,2.964643,1,-1.530200,0
2013-11-25,sh.600388,12.6476100000,12.7677168000,12.3382440000,12.3673608000,12.6476100000,12780899,441574912.0000,2,3.013837,1,-2.215800,0
2013-11-26,sh.600388,12.3673608000,12.4838280000,12.1235076000,12.2836500000,12.3673608000,12040788,406146688.0000,2,2.839313,1,-0.676900,0
2013-11-27,sh.600388,12.2581728000,12.9860928000,12.1926600000,12.9496968000,12.2836500000,20780475,724312784.0000,2,4.900200,1,5.422200,0
2013-11-28,sh.600388,12.9205800000,12.9387780000,12.6512496000,12.6658080000,12.9496968000,17797069,623317408.0000,2,4.196689,1,-2.192200,0
2013-11-29,sh.600388,12.6585288000,12.8223108000,12.6221328000,12.7677168000,12.6658080000,12806767,447538016.0000,2,3.019937,1,0.804600,0
2013-12-02,sh.600388,12.3746400000,12.5093052000,11.7741060000,11.9014920000,12.7677168000,22789190,759368960.0000,2,5.373871,1,-6.784500,0
2013-12-03,sh.600388,11.8214208000,12.2472540000,11.7741060000,12.1417056000,11.9014920000,10993287,365558720.0000,2,2.592304,1,2.018300,0
2013-12-04,sh.600388,12.2290560000,12.7240416000,12.2217768000,12.5093052000,12.1417056000,17478116,603869616.0000,2,4.121478,1,3.027600,0
2013-12-05,sh.600388,12.5602596000,13.1571540000,12.5602596000,12.8077524000,12.5093052000,25724340,912564512.0000,2,6.066003,1,2.385800,0
2013-12-06,sh.600388,13.2299460000,13.6011852000,12.8587068000,12.9060216000,12.8077524000,30978852,1122908064.0000,2,7.305058,1,0.767300,0
2013-12-09,sh.600388,13.1098392000,13.3427736000,12.9569760000,13.2008292000,12.9060216000,24293939,877334000.0000,2,5.728703,1,2.284300,0
2013-12-10,sh.600388,13.1207580000,13.1207580000,12.7677168000,12.8150316000,13.2008292000,17606158,623253648.0000,2,4.151671,1,-2.922500,0
2013-12-11,sh.600388,12.8150316000,13.0297680000,12.7058436000,12.9569760000,12.8150316000,13261723,469183808.0000,2,3.127219,1,1.107600,0
2013-12-12,sh.600388,12.9096612000,12.9205800000,12.7531584000,12.8259504000,12.9569760000,10221078,360271056.0000,2,2.410211,1,-1.011200,0
2013-12-13,sh.600388,12.7022040000,12.7895544000,12.6330516000,12.7204020000,12.8259504000,8092219,282728864.0000,2,1.908209,1,-0.822900,0
2013-12-16,sh.600388,12.7276812000,12.9060216000,12.4001172000,12.7968336000,12.7204020000,13805118,480200240.0000,2,3.255356,1,0.600900,0
2013-12-17,sh.600388,12.6658080000,12.7968336000,12.5930160000,12.6694476000,12.7968336000,7072975,246612757.0000,2,1.667863,1,-0.995400,0
2013-12-18,sh.600388,12.7458792000,12.8041128000,12.5202240000,12.5347824000,12.6694476000,5808814,201490804.0000,2,1.369764,1,-1.062900,0
2013-12-19,sh.600388,12.6658080000,12.8041128000,12.4692696000,12.4765488000,12.5347824000,7411809,257034692.0000,2,1.747763,1,-0.464600,0
2013-12-20,sh.600388,12.5384220000,12.5711784000,12.2545332000,12.4110360000,12.4765488000,7899429,268327908.0000,2,1.862748,1,-0.525100,0
2013-12-23,sh.600388,12.4474320000,12.4765488000,12.0507156000,12.2363352000,12.4110360000,7177311,241502854.0000,2,1.692467,1,-1.407600,0
2013-12-24,sh.600388,12.2654520000,12.5093052000,12.1926600000,12.3600816000,12.2363352000,7544809,256642280.0000,2,1.779126,1,1.011300,0
2013-12-25,sh.600388,12.4037568000,12.6840060000,12.2654520000,12.6730872000,12.3600816000,10444347,357710784.0000,2,2.462860,1,2.532400,0
2013-12-26,sh.600388,12.6730872000,12.6803664000,12.1125888000,12.1562640000,12.6730872000,11557112,392844832.0000,2,2.725258,1,-4.078100,0
2013-12-27,sh.600388,12.1453452000,12.3891984000,12.0907512000,12.2436144000,12.1562640000,6745757,227258217.0000,2,1.590703,1,0.718600,0
2013-12-30,sh.600388,12.3382440000,12.4328736000,12.1599036000,12.2108580000,12.2436144000,5550488,186953072.0000,2,1.308849,1,-0.267500,0
2013-12-31,sh.600388,12.1744620000,12.2872896000,12.0907512000,12.1999392000,12.2108580000,4604248,154311401.0000,2,1.085718,1,-0.089400,0
2014-01-02,sh.600388,12.2290560000,12.2545332000,12.1562640000,12.2072184000,12.1999392000,4840379,162356833.0000,2,1.141400,1,0.059700,0
2014-01-03,sh.600388,12.2144976000,12.2254164000,11.7923040000,11.8650960000,12.2072184000,13480981,441310640.0000,2,3.178922,1,-2.802600,0
2014-01-06,sh.600388,11.8214208000,11.8214208000,11.4938568000,11.5047756000,11.8650960000,9308285,296534736.0000,2,2.194967,1,-3.036800,0
2014-01-07,sh.600388,11.4429024000,11.6903952000,11.3409936000,11.5666488000,11.5047756000,6663854,211005834.0000,2,1.571389,1,0.537800,0
2014-01-08,sh.600388,11.6576388000,11.8287000000,11.5702884000,11.6430804000,11.5666488000,7555687,242526313.0000,2,1.781691,1,0.660800,0
2014-01-09,sh.600388,11.6467200000,12.0652740000,11.5739280000,11.8032228000,11.6430804000,12060012,392177360.0000,2,2.843846,1,1.375400,0
2014-01-10,sh.600388,11.7886644000,11.7886644000,11.1808512000,11.2718412000,11.8032228000,9717480,305812800.0000,2,2.291459,1,-4.502000,0
2014-01-13,sh.600388,11.1735720000,11.2791204000,10.3728600000,10.4856876000,11.2718412000,18954976,555770544.0000,2,4.469733,1,-6.974500,0
2014-01-14,sh.600388,10.4966064000,10.6895052000,10.4929668000,10.6494696000,10.4856876000,9222594,268683648.0000,2,2.174761,1,1.562000,0
2014-01-15,sh.600388,10.7186220000,10.7186220000,10.2600324000,10.4310936000,10.6494696000,11241962,322778352.0000,2,2.650943,1,-2.050600,0
2014-01-16,sh.600388,10.4638500000,10.6713072000,10.4019768000,10.4711292000,10.4310936000,8534231,247236559.0000,2,2.012439,1,0.383800,0
2014-01-17,sh.600388,10.4456520000,10.4456520000,10.2272760000,10.2636720000,10.4711292000,7939743,224646947.0000,2,1.872254,1,-1.981200,0
2014-01-20,sh.600388,10.3837788000,10.9188000000,10.3182660000,10.7950536000,10.2636720000,16316833,481547248.0000,2,3.847638,1,5.177300,0
2014-01-21,sh.600388,10.8059724000,10.8241704000,10.6276320000,10.7914140000,10.7950536000,8396082,247411434.0000,2,1.979862,1,-0.033700,0
2014-01-22,sh.600388,10.7986932000,11.2390848000,10.7586576000,11.1626532000,10.7914140000,12301842,373357392.0000,2,2.900872,1,3.440100,0
2014-01-23,sh.600388,11.1626532000,11.2718412000,11.0643840000,11.2390848000,11.1626532000,9376353,288348096.0000,2,2.211018,1,0.684700,0
2014-01-24,sh.600388,11.1808512000,11.3555520000,11.1044196000,11.2026888000,11.2390848000,9470532,292502192.0000,2,2.233226,1,-0.323800,0
2014-01-27,sh.600388,11.1517344000,11.1517344000,10.8205308000,10.8532872000,11.2026888000,10067766,301868464.0000,2,2.374059,1,-3.118900,0
2014-01-28,sh.600388,10.8969624000,11.1153384000,10.8642060000,10.9260792000,10.8532872000,5725304,172596728.0000,2,1.350072,1,0.670700,0
2014-01-29,sh.600388,10.9260792000,11.0935008000,10.9188000000,11.0025108000,10.9260792000,6292609,190428925.0000,2,1.483847,1,0.699500,0
2014-01-30,sh.600388,11.0243484000,11.0352672000,10.8059724000,10.8824040000,11.0025108000,5664592,169550235.0000,2,1.335756,1,-1.091600,0
2014-02-07,sh.600388,10.7331804000,11.1226176000,10.6858656000,11.1153384000,10.8824040000,8780410,265388268.0000,2,2.070490,1,2.140500,0
2014-02-10,sh.600388,11.2281660000,11.6467200000,11.1917700000,11.6430804000,11.1153384000,15153026,477841376.0000,2,3.573203,1,4.747900,0
2014-02-11,sh.600388,11.7923040000,12.3673608000,11.7195120000,11.9779236000,11.6430804000,23273899,771275824.0000,2,5.488169,1,2.875900,0
2014-02-12,sh.600388,12.1744620000,12.4983864000,11.9742840000,12.1453452000,11.9779236000,21668790,727302528.0000,2,5.109672,1,1.397800,0
2014-02-13,sh.600388,12.4110360000,12.5493408000,11.9560860000,12.0871116000,12.1453452000,22412675,757088848.0000,2,5.285086,1,-0.479500,0
2014-02-14,sh.600388,12.0652740000,12.1853808000,11.8978524000,12.1635432000,12.0871116000,13554582,449198128.0000,2,3.196278,1,0.632300,0
2014-02-17,sh.600388,12.2290560000,12.5238636000,12.2290560000,12.4547112000,12.1635432000,17604950,599986672.0000,2,4.151386,1,2.393800,0
2014-02-18,sh.600388,12.4619904000,12.4692696000,12.0652740000,12.1453452000,12.4547112000,14716110,494535776.0000,2,3.470175,1,-2.483900,0
2014-02-19,sh.600388,12.1562640000,12.3637212000,12.0507156000,12.1271472000,12.1453452000,10834583,362401600.0000,2,2.554880,1,-0.149800,0
2014-02-20,sh.600388,12.1307868000,12.2217768000,11.6758368000,11.6976744000,12.1271472000,13039312,423978320.0000,2,3.074773,1,-3.541400,0
2014-02-21,sh.600388,11.6649180000,12.0834720000,11.6503596000,11.9997612000,11.6976744000,11067414,361767440.0000,2,2.609784,1,2.582500,0
2014-02-24,sh.600388,12.1744620000,12.3710004000,12.0143196000,12.2108580000,11.9997612000,16334363,547413584.0000,2,3.851772,1,1.759200,0
2014-02-25,sh.600388,12.2108580000,12.2144976000,11.5156944000,11.6248824000,12.2108580000,14625786,475966880.0000,2,3.448876,1,-4.798800,0
2014-02-26,sh.600388,11.5557300000,11.5557300000,11.0425464000,11.4065064000,11.6248824000,10267598,318861536.0000,2,2.421181,1,-1.878500,0
2014-02-27,sh.600388,11.4647400000,11.5994052000,11.0097900000,11.0170692000,11.4065064000,11320248,351967984.0000,2,2.669404,1,-3.414200,0
2014-02-28,sh.600388,10.9551960000,11.3992272000,10.7659368000,11.3846688000,11.0170692000,9179286,279816016.0000,2,2.164548,1,3.336600,0
2014-03-03,sh.600388,11.5193340000,12.5238636000,11.5156944000,12.5238636000,11.3846688000,27999807,932738160.0000,2,6.602576,1,10.006400,0
2014-03-04,sh.600388,12.4474320000,12.4474320000,12.0652740000,12.1853808000,12.5238636000,22633907,760716256.0000,2,5.337254,1,-2.702700,0
2014-03-05,sh.600388,12.2508936000,12.3382440000,11.9378880000,11.9815632000,12.1853808000,13001297,432597312.0000,2,3.065809,1,-1.672600,0
2014-03-06,sh.600388,12.0397968000,12.2181372000,11.8287000000,12.1125888000,11.9815632000,13576121,448763744.0000,2,3.201357,1,1.093600,0
2014-03-07,sh.600388,12.1344264000,12.1344264000,11.7377100000,11.7559080000,12.1125888000,10515264,343268320.0000,2,2.479582,1,-2.944700,0
2014-03-10,sh.600388,11.6503596000,11.9670048000,11.3555520000,11.3846688000,11.7559080000,12076367,386513904.0000,2,2.847703,1,-3.157900,0
2014-03-11,sh.600388,11.2827600000,11.3992272000,11.1007800000,11.2754808000,11.3846688000,7479371,231091368.0000,2,1.763695,1,-0.959100,0
2014-03-12,sh.600388,11.2718412000,11.3773896000,11.0607444000,11.2172472000,11.2754808000,7276730,223922560.0000,2,1.715910,1,-0.516500,0
2014-03-13,sh.600388,11.2536432000,11.4647400000,11.2172472000,11.4429024000,11.2172472000,7681985,239203808.0000,2,1.811473,1,2.011700,0
2014-03-14,sh.600388,11.3628312000,11.3628312000,11.0389068000,11.1226176000,11.4429024000,7106115,218155967.0000,2,1.675678,1,-2.799000,0
2014-03-17,sh.600388,11.1226176000,11.3191560000,11.1226176000,11.3045976000,11.1226176000,5997979,185311817.0000,2,1.414371,1,1.636100,0
2014-03-18,sh.600388,11.3810292000,11.6394408000,11.2390848000,11.5193340000,11.3045976000,8908589,280304976.0000,2,2.100716,1,1.899500,0
2014-03-19,sh.600388,11.4574608000,11.4574608000,11.1371760000,11.1917700000,11.5193340000,7138277,220719339.0000,2,1.683262,1,-2.843600,0
2014-03-20,sh.600388,11.2281660000,11.2827600000,10.7732160000,10.7950536000,11.1917700000,9386958,283550000.0000,2,2.213519,1,-3.544700,0
2014-03-21,sh.600388,10.7732160000,11.0753028000,10.5111648000,11.0352672000,10.7950536000,8947125,265051872.0000,2,2.109803,1,2.225200,0
2014-03-24,sh.600388,11.2099680000,11.2754808000,11.0461860000,11.1262572000,11.0352672000,6413084,196711642.0000,2,1.512256,1,0.824500,0
2014-03-25,sh.600388,11.0097900000,11.0607444000,10.8969624000,10.9151604000,11.1262572000,5086395,153130203.0000,2,1.199412,1,-1.897300,0
2014-03-26,sh.600388,10.9369980000,11.0825820000,10.9115208000,10.9551960000,10.9151604000,5085665,153410410.0000,2,1.199240,1,0.366800,0
2014-03-27,sh.600388,11.0025108000,11.0643840000,10.7950536000,10.8059724000,10.9551960000,5388732,161432208.0000,2,1.270706,1,-1.362100,0
2014-03-28,sh.600388,10.8023328000,10.8787644000,10.4820480000,10.4966064000,10.8059724000,7153118,207895718.0000,2,1.686762,1,-2.862900,0
2014-03-31,sh.600388,10.5002460000,10.6130736000,10.4310936000,10.5038856000,10.4966064000,3561734,102908035.0000,2,0.839885,1,0.069300,0
2014-04-01,sh.600388,10.5621192000,10.6603884000,10.5111648000,10.6349112000,10.5038856000,3773716,110056414.0000,2,0.889872,1,1.247400,0
2014-04-02,sh.600388,10.6567488000,10.7295408000,10.5584796000,10.5912360000,10.6349112000,3224508,94199940.0000,2,0.760364,1,-0.410700,0
2014-04-03,sh.600388,10.5766776000,10.7550180000,10.5766776000,10.6931448000,10.5912360000,4621161,135752604.0000,2,1.089706,1,0.962200,0
2014-04-04,sh.600388,10.7586576000,10.9078812000,10.7550180000,10.8605664000,10.6931448000,5044329,150420364.0000,2,1.189493,1,1.565700,0
2014-04-08,sh.600388,10.8532872000,10.9369980000,10.7004240000,10.9297188000,10.8605664000,6261180,186464714.0000,2,1.476436,1,0.636700,0
2014-04-09,sh.600388,10.9042416000,11.0643840000,10.8168912000,10.9078812000,10.9297188000,5961760,178872405.0000,2,1.405830,1,-0.199800,0
2014-04-10,sh.600388,11.0643840000,11.0971404000,10.8860436000,10.9115208000,10.9078812000,5521984,165929224.0000,2,1.302127,1,0.033400,0
2014-04-11,sh.600388,10.8423684000,10.8460080000,10.6312716000,10.6567488000,10.9115208000,7106718,208896998.0000,2,1.675820,1,-2.334900,0
2014-04-14,sh.600388,10.6822260000,10.8096120000,10.6822260000,10.7331804000,10.6567488000,3805451,112253447.0000,2,0.897355,1,0.717200,0
2014-04-15,sh.600388,10.7368200000,10.7368200000,10.5184440000,10.5475608000,10.7331804000,6001545,174551328.0000,2,1.415212,1,-1.729400,0
2014-04-16,sh.600388,10.5366420000,10.6057944000,10.5184440000,10.5766776000,10.5475608000,3663163,106284943.0000,2,0.863803,1,0.276100,0
2014-04-17,sh.600388,10.6021548000,10.6385508000,10.5548400000,10.5584796000,10.5766776000,3384503,98449083.0000,2,0.798093,1,-0.172100,0
2014-04-18,sh.600388,10.5839568000,10.8205308000,10.4820480000,10.8132516000,10.5584796000,6900713,201969083.0000,2,1.627243,1,2.413000,0
2014-04-21,sh.600388,10.7404596000,10.7404596000,10.5038856000,10.5257232000,10.8132516000,6092449,177945329.0000,2,1.436648,1,-2.659000,0
2014-04-22,sh.600388,10.5548400000,10.6167132000,10.3000680000,10.4929668000,10.5257232000,4951734,142066913.0000,2,1.167658,1,-0.311200,0
2014-04-23,sh.600388,10.5002460000,10.6130736000,10.4201748000,10.5621192000,10.4929668000,3478546,100813834.0000,2,0.820269,1,0.659000,0
2014-04-24,sh.600388,10.5912360000,10.6203528000,10.3219056000,10.3328244000,10.5621192000,4890301,140320918.0000,2,1.153172,1,-2.170900,0
2014-04-25,sh.600388,10.4092560000,10.5220836000,10.1581236000,10.1908800000,10.3328244000,4777319,135516652.0000,2,1.126530,1,-1.373700,0
2014-04-28,sh.600388,10.1726820000,10.1726820000,9.2445840000,9.3173760000,10.1908800000,11146655,293264384.0000,2,2.628469,1,-8.571400,0
2014-04-29,sh.600388,9.3137364000,9.4411224000,9.2809800000,9.3683304000,9.3173760000,6207991,159852372.0000,2,1.463893,1,0.546900,0
2014-04-30,sh.600388,9.2445840000,9.3028176000,9.0262080000,9.2191068000,9.3683304000,6251207,157768011.0000,2,1.461860,1,-1.592900,0
2014-05-05,sh.600388,9.1899900000,9.2409444000,9.0298476000,9.2336652000,9.2191068000,6364581,159611846.0000,2,1.488373,1,0.157900,0
2014-05-06,sh.600388,9.2263860000,9.3865284000,9.1535940000,9.2445840000,9.2336652000,5254456,134082883.0000,2,1.228768,1,0.118200,0
2014-05-07,sh.600388,9.2081880000,9.2081880000,8.9752536000,9.0043704000,9.2445840000,5933259,148020805.0000,2,1.387507,1,-2.598400,0
2014-05-08,sh.600388,9.0043704000,9.1171980000,8.8515072000,8.8769844000,9.0043704000,4974370,122544302.0000,2,1.163269,1,-1.414700,0
2014-05-09,sh.600388,8.8624260000,8.9424972000,8.3456028000,8.5130244000,8.8769844000,9466279,223017561.0000,2,2.213713,1,-4.100000,0
2014-05-12,sh.600388,8.5748976000,8.7204816000,8.3892780000,8.7059232000,8.5130244000,8458000,200070784.0000,2,1.977924,1,2.265900,0
2014-05-13,sh.600388,8.7059232000,8.8733448000,8.6731668000,8.7641568000,8.7059232000,5757070,138749738.0000,2,1.346305,1,0.668900,0
2014-05-14,sh.600388,8.7787152000,8.8151112000,8.5894560000,8.6258520000,8.7641568000,4383599,104326019.0000,2,1.025116,1,-1.578100,0
2014-05-15,sh.600388,8.6222124000,8.7059232000,8.4183948000,8.4220344000,8.6258520000,4674479,109826584.0000,2,1.093139,1,-2.362900,0
2014-05-16,sh.600388,8.4620700000,8.4984660000,8.2473336000,8.3019276000,8.4220344000,4873539,111765947.0000,2,1.139689,1,-1.426100,0
2014-05-19,sh.600388,8.3638008000,8.5021056000,8.3164860000,8.3892780000,8.3019276000,5805233,134011971.0000,2,1.357568,1,1.052200,0
2014-05-20,sh.600388,8.5421412000,8.7350400000,8.5421412000,8.6367708000,8.3892780000,7923981,188345356.0000,2,1.853043,1,2.950100,0
2014-05-21,sh.600388,8.6222124000,8.7059232000,8.4911868000,8.7022836000,8.6367708000,5099164,120965346.0000,2,1.192452,1,0.758500,0
2014-05-22,sh.600388,8.6804460000,8.8114716000,8.5421412000,8.5712580000,8.7022836000,7041103,167684962.0000,2,1.646579,1,-1.505600,0
2014-05-23,sh.600388,8.5858164000,8.8005528000,8.5203036000,8.7168420000,8.5712580000,6338441,151486853.0000,2,1.482260,1,1.698500,0
2014-05-26,sh.600388,8.7350400000,9.0225684000,8.6804460000,8.9461368000,8.7168420000,10585918,257595035.0000,2,2.475543,1,2.630500,0
2014-05-27,sh.600388,8.9534160000,8.9752536000,8.8078320000,8.8114716000,8.9461368000,6650607,162309357.0000,2,1.555261,1,-1.505300,0
2014-05-28,sh.600388,8.9570556000,9.0043704000,8.8114716000,8.9534160000,8.8114716000,7116497,174235448.0000,2,1.664211,1,1.610900,0
2014-05-29,sh.600388,8.9643348000,9.0080100000,8.6986440000,8.7022836000,8.9534160000,6834638,165795976.0000,2,1.598297,1,-2.804900,0
2014-05-30,sh.600388,8.7059232000,8.7314004000,8.4729888000,8.5930956000,8.7022836000,5808030,137136419.0000,2,1.358222,1,-1.254700,0
2014-06-03,sh.600388,8.5239432000,8.6476896000,8.5239432000,8.5421412000,8.5930956000,3321652,78388266.0000,2,0.776777,1,-0.593000,0
2014-06-04,sh.600388,8.5894560000,9.3901680000,8.5894560000,9.3392136000,8.5421412000,29217986,727445792.0000,2,6.832699,1,9.331100,0
2014-06-05,sh.600388,9.2591424000,9.3392136000,9.0662436000,9.2482236000,9.3392136000,18348807,463303584.0000,2,4.290914,1,-0.974300,0
2014-06-06,sh.600388,9.2081880000,9.2445840000,9.0589644000,9.1099188000,9.2482236000,9119996,228973056.0000,2,2.132734,1,-1.495500,0
2014-06-09,sh.600388,9.0735228000,9.1463148000,8.9279388000,8.9606952000,9.1099188000,6718016,166916585.0000,2,1.571025,1,-1.638000,0
2014-06-10,sh.600388,8.9534160000,9.1317564000,8.9388576000,9.1026396000,8.9606952000,6145153,152999797.0000,2,1.437059,1,1.584100,0
2014-06-11,sh.600388,9.1026396000,9.3792492000,9.0990000000,9.1463148000,9.1026396000,11979279,304722432.0000,2,2.801384,1,0.479800,0
2014-06-12,sh.600388,9.0990000000,9.1026396000,8.9170200000,8.9534160000,9.1463148000,7680614,189309142.0000,2,1.796131,1,-2.109000,0
2014-06-13,sh.600388,8.9534160000,9.0444060000,8.8879032000,9.0334872000,8.9534160000,7607274,187911578.0000,2,1.778980,1,0.894300,0
2014-06-16,sh.600388,9.0589644000,9.1717920000,9.0553248000,9.0589644000,9.0334872000,7477806,187121521.0000,2,1.748704,1,0.282000,0
2014-06-17,sh.600388,9.0626040000,9.0808020000,8.9206596000,8.9643348000,9.0589644000,5748964,141737850.0000,2,1.344410,1,-1.044600,0
2014-06-18,sh.600388,8.9242992000,8.9643348000,8.7423192000,8.7532380000,8.9643348000,6991177,169455488.0000,2,1.634904,1,-2.354900,0
2014-06-19,sh.600388,8.7314004000,8.8806240000,8.4802680000,8.5821768000,8.7532380000,6830517,163191107.0000,2,1.597333,1,-1.954300,0
2014-06-20,sh.600388,8.5385016000,8.6222124000,8.4839076000,8.6185728000,8.5821768000,4093078,96240008.0000,2,0.957176,1,0.424100,0
2014-06-23,sh.600388,8.6331312000,8.7314004000,8.6331312000,8.6586084000,8.6185728000,3849263,91866841.0000,2,0.900160,1,0.464500,0
2014-06-24,sh.600388,8.6586084000,8.7350400000,8.6476896000,8.7059232000,8.6586084000,4245468,101293409.0000,2,0.992813,1,0.546400,0
2014-06-25,sh.600388,8.6986440000,8.7969132000,8.5421412000,8.7823548000,8.7059232000,5957748,142005980.0000,2,1.393234,1,0.877900,0
2014-06-26,sh.600388,8.9133804000,8.9352180000,8.7568776000,8.8078320000,8.7823548000,6547860,158932476.0000,2,1.531233,1,0.290100,0
2014-06-27,sh.600388,8.8078320000,8.8442280000,8.7059232000,8.7677964000,8.8078320000,5365372,129185118.0000,2,1.254706,1,-0.454500,0
2014-06-30,sh.600388,8.7714360000,8.8296696000,8.7241212000,8.7896340000,8.7677964000,4522864,109087591.0000,2,1.057683,1,0.249100,0
2014-07-01,sh.600388,8.8260300000,8.9716140000,8.7386796000,8.9716140000,8.7896340000,8340097,203550522.0000,2,1.950352,1,2.070400,0
2014-07-02,sh.600388,8.9898120000,9.0043704000,8.8369488000,8.8988220000,8.9716140000,7688773,188002594.0000,2,1.798039,1,-0.811400,0
2014-07-03,sh.600388,8.9061012000,9.0553248000,8.8442280000,9.0334872000,8.8988220000,9434329,232981865.0000,2,2.206241,1,1.513300,0
2014-07-04,sh.600388,9.0189288000,9.0516852000,8.8915428000,8.9242992000,9.0334872000,6375033,156696467.0000,2,1.490817,1,-1.208700,0
2014-07-07,sh.600388,8.8806240000,8.9133804000,8.7277608000,8.7423192000,8.9242992000,6732760,162587653.0000,2,1.574473,1,-2.039200,0
2014-07-08,sh.600388,8.7423192000,8.7896340000,8.6658876000,8.7423192000,8.7423192000,5800865,139207181.0000,2,1.356547,1,0.000000,0
2014-07-09,sh.600388,8.7641568000,8.9352180000,8.7204816000,8.7823548000,8.7423192000,9724372,236027664.0000,2,2.274069,1,0.457900,0
2014-07-10,sh.600388,8.7423192000,8.7932736000,8.5858164000,8.6003748000,8.7823548000,7348242,175440488.0000,2,1.718405,1,-2.072100,0
2014-07-11,sh.600388,8.5821768000,8.7314004000,8.5530600000,8.6112936000,8.6003748000,5222578,123720907.0000,2,1.221313,1,0.127000,0
2014-07-14,sh.600388,8.6950044000,8.9461368000,8.6331312000,8.9315784000,8.6112936000,9744313,236183525.0000,2,2.278732,1,3.719400,0
2014-07-15,sh.600388,8.9133804000,8.9133804000,8.7532380000,8.8187508000,8.9315784000,6238251,150973461.0000,2,1.458831,1,-1.263200,0
2014-07-16,sh.600388,8.8442280000,8.9388576000,8.8114716000,8.8697052000,8.8187508000,7478945,182388873.0000,2,1.748970,1,0.577800,0
2014-07-17,sh.600388,8.8697052000,9.0080100000,8.7896340000,8.8478676000,8.8697052000,6612075,161642541.0000,2,1.546250,1,-0.246200,0
2014-07-18,sh.600388,8.8442280000,8.9097408000,8.8296696000,8.8915428000,8.8478676000,5505040,134050456.0000,2,1.287367,1,0.493600,0
2014-07-21,sh.600388,8.8624260000,8.8806240000,8.6804460000,8.7059232000,8.8915428000,5501700,132073898.0000,2,1.286586,1,-2.087600,0
2014-07-22,sh.600388,8.6986440000,8.8005528000,8.6476896000,8.7677964000,8.7059232000,5136305,123510291.0000,2,1.201138,1,0.710700,0
2014-07-23,sh.600388,8.7714360000,8.9097408000,8.6840856000,8.7095628000,8.7677964000,5625130,135898126.0000,2,1.315451,1,-0.664200,0
2014-07-24,sh.600388,8.7095628000,8.7677964000,8.5930956000,8.7641568000,8.7095628000,5776589,137782874.0000,2,1.350870,1,0.626800,0
2014-07-25,sh.600388,8.7714360000,9.1535940000,8.7641568000,9.0407664000,8.7641568000,15446251,382476288.0000,2,3.612144,1,3.156100,0
2014-07-28,sh.600388,9.1645128000,9.2336652000,9.0662436000,9.2191068000,9.0407664000,16428632,413588768.0000,2,3.841876,1,1.972600,0
2014-07-29,sh.600388,9.2633768000,9.3260668500,9.1490596500,9.2375632500,9.2191250000,14842012,371679136.0000,2,3.470841,1,0.200000,0
2014-07-30,sh.600388,9.2744397500,9.3371298000,9.1933114500,9.2707521000,9.2375632500,10290636,258407274.0000,2,2.406491,1,0.359300,0
2014-07-31,sh.600388,9.2928780000,9.3850692500,9.2338756000,9.3481927500,9.2707521000,9299833,234872184.0000,2,2.174789,1,0.835300,0
2014-08-01,sh.600388,9.3481927500,9.5768270500,9.2560015000,9.2707521000,9.3481927500,15287951,391213184.0000,2,3.575125,1,-0.828400,0
2014-08-04,sh.600388,9.3518804000,9.4993864000,9.3334421500,9.4330087000,9.2707521000,10794751,274866400.0000,2,2.524379,1,1.750200,0
2014-08-05,sh.600388,9.4883234500,9.4993864000,9.2781274000,9.3629433500,9.4330087000,8529721,216285299.0000,2,1.994696,1,-0.742800,0
2014-08-06,sh.600388,9.3445051000,9.3703186500,9.2191250000,9.3186915500,9.3629433500,8626601,217250357.0000,2,2.017352,1,-0.472600,0
2014-08-07,sh.600388,9.3113162500,9.3850692500,9.1748732000,9.1859361500,9.3186915500,8582415,215957281.0000,2,2.007019,1,-1.424600,0
2014-08-08,sh.600388,9.1896238000,9.2449385500,9.1416843500,9.2191250000,9.1859361500,6286839,156767943.0000,2,1.470193,1,0.361300,0
2014-08-11,sh.600388,9.2191250000,9.3887569000,9.1859361500,9.3629433500,9.2191250000,8732203,220568424.0000,2,2.042047,1,1.560000,0
2014-08-12,sh.600388,9.3629433500,9.3666310000,9.2781274000,9.3260668500,9.3629433500,6842892,172649314.0000,2,1.600227,1,-0.393800,0
2014-08-13,sh.600388,9.3223792000,9.3850692500,9.2486262000,9.3518804000,9.3260668500,8642431,218466508.0000,2,2.021054,1,0.276800,0
2014-08-14,sh.600388,9.3481927500,9.7206454000,9.3260668500,9.5067617000,9.3518804000,19749627,513011152.0000,2,4.618499,1,1.656200,0
2014-08-15,sh.600388,9.4772605000,9.6432047500,9.4698852000,9.5399505500,9.5067617000,10603717,274438144.0000,2,2.479706,1,0.349100,0
2014-08-18,sh.600388,9.5473258500,9.6284541500,9.4956987500,9.5768270500,9.5399505500,9091687,235676310.0000,2,2.126114,1,0.386500,0
2014-08-19,sh.600388,9.5915776500,9.7907107500,9.5915776500,9.6579553500,9.5768270500,15576115,409274528.0000,2,3.642513,1,0.847100,0
2014-08-20,sh.600388,9.6579553500,9.6911442000,9.4956987500,9.5399505500,9.6579553500,9539219,247266006.0000,2,2.230770,1,-1.221800,0
2014-08-21,sh.600388,9.5362629000,9.6173912000,9.4698852000,9.5915776500,9.5399505500,8470859,219246693.0000,2,1.980931,1,0.541200,0
2014-08-22,sh.600388,9.6137035500,9.6985195000,9.5030740500,9.6763936000,9.5915776500,10770756,281318208.0000,2,2.518768,1,0.884300,0
2014-08-25,sh.600388,9.6800812500,9.7022071500,9.4256334000,9.4772605000,9.6763936000,9460668,244313682.0000,2,2.212401,1,-2.057900,0
2014-08-26,sh.600388,9.4625099000,9.5620764500,9.1933114500,9.2228126500,9.4772605000,9525516,241073854.0000,2,2.227566,1,-2.684800,0
2014-08-27,sh.600388,9.2191250000,9.2781274000,9.1711855500,9.2117497000,9.2228126500,6151244,153756988.0000,2,1.438484,1,-0.120000,0
2014-08-28,sh.600388,9.2744397500,9.3408174500,9.1638102500,9.1859361500,9.2117497000,6237915,156570491.0000,2,1.458752,1,-0.280200,0
2014-08-29,sh.600388,9.2006867500,9.2928780000,9.1490596500,9.2781274000,9.1859361500,4881285,122037943.0000,2,1.141501,1,1.003600,0
2014-09-01,sh.600388,9.2891903500,9.3924445500,9.1822485000,9.3887569000,9.2781274000,7733108,195261785.0000,2,1.808407,1,1.192400,0
2014-09-02,sh.600388,9.3998198500,9.5657641000,9.3518804000,9.5510135000,9.3887569000,10826065,277941920.0000,2,2.531702,1,1.728200,0
2014-09-03,sh.600388,9.6247665000,9.6395171000,9.4920111000,9.5473258500,9.5510135000,10677403,276568784.0000,2,2.496937,1,-0.038600,0
2014-09-04,sh.600388,9.5473258500,9.5473258500,9.5473258500,9.5473258500,9.5473258500,0,0.0000,2,,0,0.000000,0
2014-09-05,sh.600388,9.5473258500,9.5473258500,9.5473258500,9.5473258500,9.5473258500,0,0.0000,2,,0,0.000000,0
2014-09-09,sh.600388,9.5473258500,9.5473258500,9.5473258500,9.5473258500,9.5473258500,0,0.0000,2,,0,0.000000,0
2014-09-10,sh.600388,9.5473258500,9.5473258500,9.5473258500,9.5473258500,9.5473258500,0,0.0000,2,,0,0.000000,0
2014-09-11,sh.600388,9.5473258500,9.5473258500,9.5473258500,9.5473258500,9.5473258500,0,0.0000,2,,0,0.000000,0
2014-09-12,sh.600388,9.9566550000,10.0599092000,9.6616430000,9.7796478000,9.5473258500,27653465,736907040.0000,2,6.466832,1,2.433400,0
2014-09-15,sh.600388,9.7980860500,9.8128366500,9.6653306500,9.7427713000,9.7796478000,12608508,332488752.0000,2,2.948531,1,-0.377100,0
2014-09-16,sh.600388,9.7427713000,9.8128366500,9.3113162500,9.3629433500,9.7427713000,15266843,396047056.0000,2,3.570189,1,-3.898600,0
2014-09-17,sh.600388,9.3998198500,9.4293210500,9.2633768000,9.3961322000,9.3629433500,8845922,223965676.0000,2,2.068641,1,0.354500,0
2014-09-18,sh.600388,9.3666310000,9.4330087000,9.3371298000,9.4256334000,9.3961322000,5927191,150939063.0000,2,1.386088,1,0.314000,0
2014-09-19,sh.600388,9.5325752500,9.8829020000,9.5325752500,9.7317083500,9.4256334000,19345152,511278816.0000,2,4.523912,1,3.247300,0
2014-09-22,sh.600388,9.6616430000,9.9345291000,9.5731394000,9.8054613500,9.7317083500,20110607,533766176.0000,2,4.702915,1,0.757900,0
2014-09-23,sh.600388,9.8275872500,9.9382167500,9.6948318500,9.8423378500,9.8054613500,13056359,347190640.0000,2,3.053262,1,0.376100,0
2014-09-24,sh.600388,9.8460255000,9.9382167500,9.7833354500,9.9013402500,9.8423378500,14485845,388326528.0000,2,3.387551,1,0.599500,0
2014-09-25,sh.600388,9.9419044000,9.9824685500,9.7022071500,9.7722725000,9.9013402500,16524981,439963840.0000,2,3.864408,1,-1.303500,0
2014-09-26,sh.600388,9.7538342500,9.7538342500,9.6468924000,9.7022071500,9.7722725000,8308925,218099481.0000,2,1.943063,1,-0.717000,0
2014-09-29,sh.600388,9.7501466000,9.8275872500,9.6837689000,9.7796478000,9.7022071500,10077885,266554473.0000,2,2.356738,1,0.798200,0
2014-09-30,sh.600388,9.7980860500,9.8792143500,9.7353960000,9.8423378500,9.7796478000,9917073,263820373.0000,2,2.319132,1,0.641000,0
2014-10-08,sh.600388,9.8829020000,10.2111028500,9.7870231000,10.1779140000,9.8423378500,22636144,614916992.0000,2,5.293519,1,3.409500,0
2014-10-09,sh.600388,10.2848558500,10.8711922000,10.2737929000,10.5761802000,10.1779140000,40692846,1172711504.0000,2,9.516123,1,3.913000,0
2014-10-10,sh.600388,10.5098025000,10.9449452000,10.4139236000,10.8490663000,10.5761802000,32350237,945836384.0000,2,7.565183,1,2.580200,0
2014-10-13,sh.600388,10.8416910000,10.8416910000,10.5429913500,10.6868097000,10.8490663000,16883270,488523376.0000,2,3.948195,1,-1.495600,0
2014-10-14,sh.600388,10.6757467500,10.7531874000,10.4360495000,10.5503666500,10.6868097000,15985160,459384800.0000,2,3.738169,1,-1.276700,0
2014-10-15,sh.600388,10.4544877500,10.9449452000,10.3733594500,10.9375699000,10.5503666500,22459206,651988624.0000,2,5.252141,1,3.670000,0
2014-10-16,sh.600388,10.8011268500,11.3137102000,10.7679380000,11.0518870500,10.9375699000,31417295,938863616.0000,2,7.347013,1,1.045200,0
2014-10-17,sh.600388,10.9523205000,11.1477659500,10.6573085000,10.7863762500,11.0518870500,18385282,540877696.0000,2,4.299444,1,-2.402400,0
2014-10-20,sh.600388,10.8453786500,10.9891970000,10.7310615000,10.8269404000,10.7863762500,12267135,361164512.0000,2,2.868700,1,0.376100,0
2014-10-21,sh.600388,10.8269404000,10.8748798500,10.4729260000,10.4876766000,10.8269404000,13462109,388971120.0000,2,3.148148,1,-3.133500,0
2014-10-22,sh.600388,10.5024272000,10.6019937500,10.3069817500,10.3622965000,10.4876766000,12112101,342677760.0000,2,2.832445,1,-1.195500,0
2014-10-23,sh.600388,10.3622965000,10.5393037000,10.2516670000,10.4839889500,10.3622965000,12462151,351700368.0000,2,2.914305,1,1.174400,0
2014-10-24,sh.600388,10.4655507000,10.5098025000,10.2516670000,10.3106694000,10.4839889500,8624093,242518460.0000,2,2.016766,1,-1.653200,0
2014-10-27,sh.600388,10.3401706000,10.6204320000,10.3364829500,10.4987395500,10.3106694000,10491915,298709808.0000,2,2.453560,1,1.824000,0
2014-10-28,sh.600388,10.5466790000,10.7494997500,10.4544877500,10.7421244500,10.4987395500,12234063,351693424.0000,2,2.860966,1,2.318200,0
2014-10-29,sh.600388,10.7826886000,10.8380033500,10.6093690500,10.8232527500,10.7421244500,16362019,475878160.0000,2,3.826299,1,0.755200,0
2014-10-30,sh.600388,10.8416910000,10.8416910000,10.5651172500,10.6278073000,10.8232527500,13627222,394265696.0000,2,3.186760,1,-1.805800,0
2014-10-31,sh.600388,10.6204320000,10.6388702500,10.3069817500,10.4102359500,10.6278073000,15004269,423909808.0000,2,3.508786,1,-2.047200,0
2014-11-03,sh.600388,10.3917977000,10.5356160500,10.2922311500,10.3364829500,10.4102359500,12077059,340782880.0000,2,2.824250,1,-0.708500,0
2014-11-04,sh.600388,10.4360495000,10.4360495000,10.2111028500,10.2553546500,10.3364829500,9686559,270593280.0000,2,2.265226,1,-0.784900,0
2014-11-05,sh.600388,10.2590423000,10.4913642500,10.1521004500,10.4397371500,10.2553546500,10934862,307702784.0000,2,2.557145,1,1.797900,0
2014-11-06,sh.600388,10.4212989000,10.5393037000,10.3291076500,10.5282407500,10.4397371500,10684266,303242448.0000,2,2.498542,1,0.847800,0
2014-11-07,sh.600388,10.6093690500,10.7494997500,10.2516670000,10.2959188000,10.5282407500,16313324,465147776.0000,2,3.814911,1,-2.206700,0
2014-11-10,sh.600388,10.2701052500,10.3622965000,10.1521004500,10.2922311500,10.2959188000,9456570,262688690.0000,2,2.211442,1,-0.035800,0
2014-11-11,sh.600388,10.3254200000,10.3549212000,9.7722725000,9.8939649500,10.2922311500,14030734,382046864.0000,2,3.281122,1,-3.869600,0
2014-11-12,sh.600388,9.8607761000,10.0599092000,9.8275872500,10.0488462500,9.8939649500,5814281,157307747.0000,2,1.359684,1,1.565400,0
2014-11-13,sh.600388,10.0525339000,10.0562215500,9.6985195000,9.7538342500,10.0488462500,10309026,274334704.0000,2,2.410791,1,-2.935800,0
2014-11-14,sh.600388,9.7353960000,9.9382167500,9.6616430000,9.7759601500,9.7538342500,7833714,208101980.0000,2,1.831933,1,0.226800,0
2014-11-17,sh.600388,9.7796478000,9.9529673500,9.7538342500,9.8902773000,9.7759601500,6372405,170953540.0000,2,1.490203,1,1.169400,0
2014-11-18,sh.600388,9.8902773000,10.0119697500,9.8607761000,9.9419044000,9.8902773000,5273899,142302884.0000,2,1.233314,1,0.522000,0
2014-11-19,sh.600388,9.9382167500,9.9824685500,9.8497131500,9.9419044000,9.9419044000,5662436,152090442.0000,2,1.324175,1,0.000000,0
2014-11-20,sh.600388,9.9382167500,9.9382167500,9.8128366500,9.8312749000,9.9419044000,4988584,133387305.0000,2,1.166593,1,-1.112800,0
2014-11-21,sh.600388,9.8165243000,9.9492797000,9.7943984000,9.9234661500,9.8312749000,7273545,194827743.0000,2,1.700937,1,0.937700,0
2014-11-24,sh.600388,10.1299745500,10.4323618500,9.9935315000,10.4249865500,9.9234661500,22846799,634571184.0000,2,5.342781,1,5.053900,0
2014-11-25,sh.600388,10.4176112500,10.4692383500,10.2701052500,10.4139236000,10.4249865500,15488699,435326224.0000,2,3.622071,1,-0.106100,0
2014-11-26,sh.600388,10.4286742000,10.5688049000,10.3032941000,10.4544877500,10.4139236000,13914684,393237360.0000,2,3.253983,1,0.389500,0
2014-11-27,sh.600388,10.6314949500,10.7384368000,10.3327953000,10.4139236000,10.4544877500,20149990,575642560.0000,2,4.712125,1,-0.388000,0
2014-11-28,sh.600388,10.4176112500,10.4212989000,10.1557881000,10.2479793500,10.4139236000,12356888,343509024.0000,2,2.889689,1,-1.593500,0
2014-12-01,sh.600388,10.2369164000,10.3917977000,10.0857227500,10.3217323500,10.2479793500,12624773,349738288.0000,2,2.952335,1,0.719700,0
2014-12-02,sh.600388,10.3254200000,10.6757467500,10.3254200000,10.5540543000,10.3217323500,22687458,649827360.0000,2,5.305518,1,2.250800,0
2014-12-03,sh.600388,10.5577419500,10.6683714500,10.4028606500,10.6204320000,10.5540543000,19454616,555382608.0000,2,4.549510,1,0.628900,0
2014-12-04,sh.600388,10.6278073000,10.6757467500,10.5208654500,10.6314949500,10.6204320000,19089218,549010112.0000,2,4.464061,1,0.104200,0
2014-12-05,sh.600388,10.5946184500,10.5946184500,9.9603426500,10.1889769500,10.6314949500,20056902,560138128.0000,2,4.690356,1,-4.162300,0
2014-12-08,sh.600388,10.0967857000,10.3807347500,9.9640303000,10.1926646000,10.1889769500,17434651,481959920.0000,2,4.077136,1,0.036200,0
2014-12-09,sh.600388,10.2147905000,10.3917977000,9.9566550000,9.9714056000,10.1926646000,22100836,612807488.0000,2,5.168335,1,-2.170800,0
2014-12-10,sh.600388,10.0193450500,10.9670711000,9.9382167500,10.9670711000,9.9714056000,43633246,1269452848.0000,2,10.203743,1,9.985200,0
2014-12-11,sh.600388,11.2473325000,11.7414776000,11.0629500000,11.2325819000,10.9670711000,54511282,1677014752.0000,2,12.747599,1,2.421000,0
2014-12-12,sh.600388,11.4169644000,12.3573151500,11.0740129500,12.3573151500,11.2325819000,66817509,2163490336.0000,2,15.625441,1,10.013100,0
2014-12-15,sh.600388,12.3610028000,13.1022204500,12.1987462000,12.6043877000,12.3573151500,60873896,2085324320.0000,2,14.235512,1,1.999400,0
2014-12-16,sh.600388,12.6117630000,13.0727192500,12.2651239000,12.7334554500,12.6043877000,38663311,1330236464.0000,2,9.041511,1,1.024000,0
2014-12-17,sh.600388,12.4937582000,13.0284674500,12.3646904500,12.5601359000,12.7334554500,27575487,943778848.0000,2,6.448596,1,-1.361100,0
2014-12-18,sh.600388,12.5380100000,13.8176245500,12.5380100000,13.5226125500,12.5601359000,56779459,2086386432.0000,2,13.278018,1,7.662900,0
2014-12-19,sh.600388,13.2976659000,13.6811815000,12.7223925000,13.6332420500,13.5226125500,37097872,1325738560.0000,2,8.675430,1,0.818100,0
2014-12-22,sh.600388,13.4967990000,14.2269537000,12.8625232000,13.3124165000,13.6332420500,30848526,1129666784.0000,2,7.214004,1,-2.353300,0
2014-12-23,sh.600388,13.1649105000,13.8876899000,12.9104626500,12.9215256000,13.3124165000,18786945,682847472.0000,2,4.393374,1,-2.936300,0
2014-12-24,sh.600388,12.9104626500,13.6369297000,12.8883367500,13.3898571500,12.9215256000,21879205,787461408.0000,2,5.116506,1,3.624400,0
2014-12-25,sh.600388,13.3492930000,13.8987528500,13.0579686500,13.8434381000,13.3898571500,22916584,841861328.0000,2,5.359100,1,3.387500,0
2014-12-26,sh.600388,13.8471257500,14.3412708500,13.6443050000,13.6811815000,13.8434381000,21970844,830507952.0000,2,5.137936,1,-1.172100,0
2014-12-29,sh.600388,13.6295544000,13.9393170000,13.1280340000,13.3751065500,13.6811815000,24290084,882606528.0000,2,5.680297,1,-2.237200,0
2014-12-30,sh.600388,13.3087288500,13.3935448000,12.5380100000,12.6117630000,13.3751065500,26036403,903693136.0000,2,6.088678,1,-5.707200,0
2014-12-31,sh.600388,12.6302012500,12.9510268000,12.5195717500,12.9067750000,12.6117630000,17750340,614330576.0000,2,4.150961,1,2.339200,0
2015-01-05,sh.600388,12.9805280000,13.0837822000,12.5011335000,12.8920244000,12.9067750000,18802846,651409760.0000,2,4.397092,1,-0.114300,0
2015-01-06,sh.600388,12.7223925000,13.5558014000,12.5748865000,13.3456053500,12.8920244000,26597256,941394224.0000,2,6.219834,1,3.518300,0
2015-01-07,sh.600388,13.0911575000,13.2349758500,12.9252132500,12.9694650500,13.3456053500,13617329,481416784.0000,2,3.184446,1,-2.818500,0
2015-01-08,sh.600388,12.9067750000,13.3677312500,12.8219590500,12.9620897500,12.9694650500,17300616,615458288.0000,2,4.045792,1,-0.056900,0
2015-01-09,sh.600388,12.8883367500,13.1206587000,12.4568817000,12.4716323000,12.9620897500,22256730,766670016.0000,2,5.204792,1,-3.783800,0
2015-01-12,sh.600388,12.4716323000,12.4716323000,11.8594824000,11.9664242500,12.4716323000,14369820,471938928.0000,2,3.360418,1,-4.050900,0
2015-01-13,sh.600388,11.8742330000,12.0770537500,11.7931047000,11.9000465500,11.9664242500,14585208,470462624.0000,2,3.410787,1,-0.554700,0
2015-01-14,sh.600388,11.9221724500,12.1213055500,11.8152306000,11.9111095000,11.9000465500,8650403,281202864.0000,2,2.022918,1,0.093000,0
2015-01-15,sh.600388,11.9996131000,12.6265136000,11.9996131000,12.1581820500,11.9111095000,16033355,535056624.0000,2,3.749440,1,2.074300,0
2015-01-16,sh.600388,12.1876832500,12.3610028000,12.0033007500,12.3130633500,12.1581820500,11561658,383283216.0000,2,2.703722,1,1.273900,0
2015-01-19,sh.600388,11.8004800000,12.2724992000,11.3579620000,11.5755333500,12.3130633500,15108539,485351280.0000,2,3.533169,1,-5.989800,0
2015-01-20,sh.600388,11.6714122500,11.9553613000,11.6714122500,11.9000465500,11.5755333500,13509314,433140624.0000,2,3.159187,1,2.803400,0
2015-01-21,sh.600388,12.0217390000,12.3646904500,11.9442983500,12.3130633500,11.9000465500,15216031,505295760.0000,2,3.558307,1,3.470700,0
2015-01-22,sh.600388,12.3499398500,12.4605693500,12.1729326500,12.4200052000,12.3130633500,13437645,448695920.0000,2,3.142427,1,0.868500,0
2015-01-23,sh.600388,12.4458187500,12.4937582000,12.0954920000,12.1581820500,12.4200052000,11404672,378377264.0000,2,2.667011,1,-2.108100,0
2015-01-26,sh.600388,12.3388769000,12.3831287000,12.1655573500,12.2909374500,12.1581820500,9346145,310813296.0000,2,2.185619,1,1.091900,0
2015-01-27,sh.600388,12.2798745000,12.3905040000,12.0954920000,12.3093757000,12.2909374500,10097854,335512192.0000,2,2.361408,1,0.150000,0
2015-01-28,sh.600388,12.3093757000,12.3425645500,12.0217390000,12.0881167000,12.3093757000,9534252,314125616.0000,2,2.229609,1,-1.797500,0
2015-01-29,sh.600388,11.9664242500,12.1139302500,11.8078553000,11.8152306000,12.0881167000,7647060,246901981.0000,2,1.788284,1,-2.257500,0
2015-01-30,sh.600388,11.8299812000,12.1249932000,11.8299812000,11.8963589000,11.8152306000,8594310,279670336.0000,2,2.009801,1,0.686600,0
2015-02-02,sh.600388,11.7820417500,11.8926712500,11.7046011000,11.8115429500,11.8963589000,4889576,156457874.0000,2,1.143440,1,-0.713000,0
2015-02-03,sh.600388,11.8373565000,12.0512402000,11.7672911500,12.0291143000,11.8115429500,7081566,228869638.0000,2,1.656042,1,1.842000,0
2015-02-04,sh.600388,12.0143637000,12.0401772500,11.7341023000,11.7636035000,12.0291143000,10305006,332091104.0000,2,2.409851,1,-2.207200,0
2015-02-05,sh.600388,11.8852959500,11.9295477500,11.6087222000,11.6271604500,11.7636035000,8832719,281734784.0000,2,2.065553,1,-1.159900,0
2015-02-06,sh.600388,11.6160975000,11.6824752000,11.0703253000,11.0961388500,11.6271604500,12400589,378958944.0000,2,2.899909,1,-4.567100,0
2015-02-09,sh.600388,11.1256400500,11.2399572000,10.9375699000,11.1293277000,11.0961388500,7022673,211344660.0000,2,1.642270,1,0.299100,0
2015-02-10,sh.600388,11.1440783000,11.4944050500,11.0186982000,11.4132767500,11.1293277000,8417390,258770215.0000,2,1.968428,1,2.551400,0
2015-02-11,sh.600388,11.4464656000,11.5644704000,11.4022138000,11.4759668000,11.4132767500,5868065,182752571.0000,2,1.372262,1,0.549300,0
2015-02-12,sh.600388,11.5128433000,11.6787875500,11.4464656000,11.5312815500,11.4759668000,4309362,135070255.0000,2,1.007755,1,0.482000,0
2015-02-13,sh.600388,11.5534074500,12.6855160000,11.5534074500,12.6855160000,11.5312815500,41884943,1418507600.0000,2,9.794898,1,10.009600,0
2015-02-16,sh.600388,12.7592690000,13.0174045000,12.6043877000,12.9584021000,12.6855160000,34619952,1199918848.0000,2,8.095962,1,2.151200,0
2015-02-17,sh.600388,12.8698985000,12.9731527000,12.6412642000,12.7039542500,12.9584021000,17277549,597648064.0000,2,4.040398,1,-1.963600,0
2015-02-25,sh.600388,12.9067750000,13.6443050000,12.9067750000,13.0358427500,12.7039542500,26479647,950074400.0000,2,6.192331,1,2.612500,0
2015-02-26,sh.600388,13.0579686500,13.2866029500,12.7039542500,13.0469057000,13.0358427500,17094046,600017360.0000,2,3.997485,1,0.084900,0
2015-02-27,sh.600388,12.9952786000,13.3013535500,12.9104626500,13.1833487500,13.0469057000,15997917,570906864.0000,2,3.741153,1,1.045800,0
2015-03-02,sh.600388,14.5035274500,14.5035274500,14.1532007000,14.5035274500,13.1833487500,57465456,2247768992.0000,2,13.438440,1,10.014000,0
2015-03-03,sh.600388,14.8612295000,15.8163308500,14.5293410000,14.8575418500,14.5035274500,66240174,2725595360.0000,2,15.490429,1,2.440900,0
2015-03-04,sh.600388,14.7506000000,14.7874765000,14.2638302000,14.4076485500,14.8575418500,32300295,1267726224.0000,2,7.553504,1,-3.028000,0
2015-03-05,sh.600388,14.3818350000,14.6325952000,13.9798811500,14.0831353500,14.4076485500,30289964,1170590176.0000,2,7.083383,1,-2.252400,0
2015-03-06,sh.600388,14.0278206000,14.0425712000,13.4599225000,13.4931113500,14.0831353500,25567484,949955232.0000,2,5.979020,1,-4.189600,0
2015-03-09,sh.600388,13.4931113500,13.8028739500,13.4857360500,13.6221791000,13.4931113500,16604046,614283552.0000,2,3.882897,1,0.956500,0
2015-03-10,sh.600388,13.6443050000,13.7659974500,13.3898571500,13.6221791000,13.6221791000,15293319,564599280.0000,2,3.576381,1,0.000000,0
2015-03-11,sh.600388,13.5853026000,13.5853026000,13.2460388000,13.3382300500,13.6221791000,15245343,552733520.0000,2,3.565161,1,-2.084500,0
2015-03-12,sh.600388,13.4082954000,13.5189249000,13.2091623000,13.4783607500,13.3382300500,13647053,494431184.0000,2,3.191397,1,1.050600,0
2015-03-13,sh.600388,13.5447384500,13.6959321000,13.3935448000,13.6811815000,13.4783607500,14536550,534069504.0000,2,3.399408,1,1.504800,0
2015-03-16,sh.600388,13.8766269500,14.1200118500,13.7991863000,13.9430046500,13.6811815000,21713187,820413152.0000,2,5.077683,1,1.913800,0
2015-03-17,sh.600388,14.0536341500,14.0868230000,13.7844357000,13.9430046500,13.9430046500,21887446,825783872.0000,2,5.118434,1,0.000000,0
2015-03-18,sh.600388,14.1495130500,14.3265202500,13.9503799500,14.2306413500,13.9430046500,24910415,956096992.0000,2,5.825362,1,2.062900,0
2015-03-19,sh.600388,14.1974525000,14.1974525000,13.8286875000,13.9393170000,14.2306413500,21408315,811455840.0000,2,5.006388,1,-2.047200,0
2015-03-20,sh.600388,13.9430046500,14.1273871500,13.8286875000,13.9245664000,13.9393170000,15995452,605144384.0000,2,3.740576,1,-0.105800,0
2015-03-23,sh.600388,14.0167576500,14.1863895500,13.8876899000,14.1642636500,13.9245664000,24019486,914816896.0000,2,5.617017,1,1.721400,0
2015-03-24,sh.600388,14.1716389500,14.1974525000,13.5263002000,13.9282540500,14.1642636500,24304798,916869904.0000,2,5.683737,1,-1.666200,0
2015-03-25,sh.600388,13.9688182000,14.7137235000,13.7954986500,14.3117696500,13.9282540500,32451117,1260268496.0000,2,7.588774,1,2.753500,0
2015-03-26,sh.600388,14.1974525000,14.1974525000,13.8840022500,14.0056947000,14.3117696500,17798185,676850640.0000,2,4.162150,1,-2.138600,0
2015-03-27,sh.600388,14.0056947000,14.2048278000,13.8286875000,14.0646971000,14.0056947000,14066890,536932256.0000,2,3.289577,1,0.421300,0
2015-03-30,sh.600388,14.1458254000,14.1495130500,13.8692516500,14.1236995000,14.0646971000,15923536,605201248.0000,2,3.723758,1,0.419500,0
2015-03-31,sh.600388,14.1642636500,14.5440916000,14.0610094500,14.2158907500,14.1236995000,27657875,1075949776.0000,2,6.467863,1,0.652700,0
2015-04-01,sh.600388,14.2380166500,14.6215322500,14.2380166500,14.4371497500,14.2158907500,24409794,956265296.0000,2,5.708291,1,1.556400,0
2015-04-02,sh.600388,14.6030940000,15.4807547000,14.4408374000,15.0677379000,14.4371497500,35756307,1452250432.0000,2,8.361701,1,4.367800,0
2015-04-03,sh.600388,14.8427912500,15.0197984500,14.6768470000,14.8944183500,15.0677379000,25114978,1009739824.0000,2,5.873200,1,-1.150300,0
2015-04-07,sh.600388,14.9349825000,14.9681713500,14.6805346500,14.8280406500,14.8944183500,22595512,905320672.0000,2,5.284017,1,-0.445700,0
2015-04-08,sh.600388,14.8796677500,14.9349825000,14.2269537000,14.4113362000,14.8280406500,25632886,1007070128.0000,2,5.994314,1,-2.810200,0
2015-04-09,sh.600388,14.3818350000,14.3818350000,13.6738062000,14.1863895500,14.4113362000,21023213,798106976.0000,2,4.916331,1,-1.560900,0
2015-04-10,sh.600388,14.0905106500,14.4629633000,13.9688182000,14.3412708500,14.1863895500,14549828,563906320.0000,2,3.402513,1,1.091800,0
2015-04-13,sh.600388,14.5662175000,14.7100358500,14.4113362000,14.6178446000,14.3412708500,20348901,804211456.0000,2,4.758641,1,1.928500,0
2015-04-14,sh.600388,14.6030940000,14.6030940000,14.2748931500,14.3486461500,14.6178446000,18640439,728192096.0000,2,4.359113,1,-1.841600,0
2015-04-15,sh.600388,14.3560214500,14.3818350000,13.6664309000,13.7217456500,14.3486461500,18763155,708399200.0000,2,4.387810,1,-4.369100,0
2015-04-16,sh.600388,13.7180580000,14.3302079000,13.5889902500,14.1605760000,13.7217456500,16958454,646851168.0000,2,3.965777,1,3.198100,0
2015-04-17,sh.600388,14.3375832000,14.4629633000,14.1974525000,14.3523338000,14.1605760000,18812123,730663952.0000,2,4.399262,1,1.354200,0
2015-04-20,sh.600388,15.7868296500,15.7868296500,14.9386701500,15.3000598500,14.3523338000,61373884,2581299328.0000,2,14.352435,1,6.603300,0
2015-04-21,sh.600388,15.3037475000,16.8304346000,15.1636168000,16.8304346000,15.3000598500,59236707,2626065072.0000,2,13.852651,1,10.002400,0
2015-04-22,sh.600388,17.1660107500,17.4020203500,16.7935581000,17.0185047500,16.8304346000,51555047,2387998640.0000,2,12.056276,1,1.117400,0
2015-04-23,sh.600388,17.2028872500,18.1911774500,16.9816282500,17.1180713000,17.0185047500,41816516,1978705776.0000,2,9.778896,1,0.585000,0
2015-04-24,sh.600388,17.0295677000,17.7670977000,16.6829286000,17.6085287500,17.1180713000,35730456,1678923616.0000,2,8.355656,1,2.865100,0
2015-04-27,sh.600388,17.7818483000,17.9514802000,17.2213255000,17.3172044000,17.6085287500,27760956,1317041264.0000,2,6.491969,1,-1.654500,0
2015-04-28,sh.600388,17.4093956500,17.4093956500,16.3731660000,16.5796744000,17.3172044000,26538939,1204731008.0000,2,6.206197,1,-4.258900,0
2015-04-29,sh.600388,16.4653572500,17.1438848500,16.2994130000,17.0775071500,16.5796744000,19008595,871285040.0000,2,4.445207,1,3.002700,0
2015-04-30,sh.600388,17.1475725000,17.2176378500,16.6239262000,16.6644903500,17.0775071500,18953340,866275728.0000,2,4.432286,1,-2.418500,0
2015-05-04,sh.600388,16.5907373500,16.8119963500,16.4321684000,16.5796744000,16.6644903500,13652304,612005072.0000,2,3.192625,1,-0.509000,0
2015-05-05,sh.600388,16.5981126500,17.4905239500,16.4985461000,16.7714322000,16.5796744000,22939182,1056370656.0000,2,5.364385,1,1.156600,0
2015-05-06,sh.600388,17.0811948000,17.1991996000,16.2182847000,16.3510401000,16.7714322000,17312803,785887984.0000,2,4.048642,1,-2.506600,0
2015-05-07,sh.600388,16.3510401000,16.3510401000,15.8384567500,15.9048344500,16.3510401000,12486468,542939920.0000,2,2.919992,1,-2.728900,0
2015-05-08,sh.600388,16.1814082000,16.6239262000,16.0781540000,16.6128632500,15.9048344500,15966899,708276544.0000,2,3.733899,1,4.451700,0
2015-05-11,sh.600388,16.7788075000,17.4720857000,16.7788075000,17.3835821000,16.6128632500,22708110,1056032704.0000,2,5.310348,1,4.639300,0
2015-05-12,sh.600388,17.4425845000,17.4425845000,17.0627565500,17.3061414500,17.3835821000,17334167,810711952.0000,2,4.053638,1,-0.445500,0
2015-05-13,sh.600388,17.2397637500,18.9102692000,16.9631900000,18.3423711000,17.3061414500,32009854,1570184336.0000,2,7.485584,1,5.987600,0
2015-05-14,sh.600388,18.3202452000,18.7148237500,18.0252332000,18.5415042000,18.3423711000,19932884,990503216.0000,2,4.661354,1,1.085600,0
2015-05-15,sh.600388,18.2538675000,18.4013735000,17.8113495000,18.0031073000,18.5415042000,16536239,810475232.0000,2,3.867041,1,-2.903700,0
2015-05-18,sh.600388,17.8851025000,18.3165575500,17.5163375000,17.8408507000,18.0031073000,14087618,685265120.0000,2,3.294424,1,-0.901300,0
2015-05-19,sh.600388,17.8851025000,18.7369496500,17.7781606500,18.6152572000,17.8408507000,20839641,1031282672.0000,2,4.873402,1,4.340600,0
2015-05-20,sh.600388,18.6152572000,19.2827218500,18.4456253000,18.5488795000,18.6152572000,21909516,1125337408.0000,2,5.123595,1,-0.356600,0
2015-05-21,sh.600388,18.8033273500,19.3417242500,18.5083153500,19.1647170500,18.5488795000,20138457,1035135360.0000,2,4.709428,1,3.320100,0
2015-05-22,sh.600388,19.5408573500,21.0822950500,19.1757800000,21.0822950500,19.1647170500,37937091,2086687408.0000,2,8.871683,1,10.005800,0
2015-05-25,sh.600388,21.0196050000,21.5100624500,20.5697117000,21.3809947000,21.0822950500,33092486,1894618096.0000,2,7.738760,1,1.416800,0
2015-05-26,sh.600388,21.2039875000,22.8191782000,21.0196050000,22.5462921000,21.3809947000,34827342,2086076992.0000,2,8.144461,1,5.450200,0
2015-05-27,sh.600388,22.5684180000,24.7957586000,21.7571350000,24.3532406000,22.5462921000,37037863,2315541680.0000,2,8.661396,1,8.014400,0
2015-05-28,sh.600388,25.0760200000,25.7692982000,21.9193916000,21.9193916000,24.3532406000,59327586,3851608480.0000,2,13.873903,1,-9.993900,0
2015-05-29,sh.600388,22.0595223000,23.3428245000,20.6508400000,22.8560547000,21.9193916000,38416023,2338596368.0000,2,8.983682,1,4.273200,0
2015-06-01,sh.600388,23.4092022000,25.1423977000,23.1547543500,25.1423977000,22.8560547000,38589916,2527687120.0000,2,9.024348,1,10.003200,0
2015-06-02,sh.600388,25.7840488000,26.8239661000,24.8916375000,26.6358959500,25.1423977000,39650886,2778008752.0000,2,9.272458,1,5.940200,0
2015-06-03,sh.600388,26.9198450000,26.9198450000,25.0760200000,25.9868695500,26.6358959500,29713443,2092961584.0000,2,6.948563,1,-2.436700,0
2015-06-04,sh.600388,25.9979325000,26.2228791500,23.6009600000,25.3525937500,25.9868695500,31658135,2141190288.0000,2,7.403334,1,-2.440800,0
2015-06-05,sh.600388,26.8624100000,27.6682823000,25.9361200000,26.0194861000,25.3525573000,56817094,1629715232.0000,2,5.314727,1,2.630600,0
2015-06-08,sh.600388,24.6393140000,25.2228767000,23.7871272000,23.9168078000,26.0194861000,103637162,2710463392.0000,2,9.694323,1,-8.081200,0
2015-06-09,sh.600388,23.9723852000,24.1761690000,23.1757758000,24.0557513000,23.9168078000,64964287,1662442848.0000,2,6.076824,1,0.580900,0
2015-06-10,sh.600388,24.0835400000,24.9079381000,23.6389208000,24.5466850000,24.0557513000,73340875,1925524064.0000,2,6.860378,1,2.040800,0
2015-06-11,sh.600388,24.6022624000,24.8338349000,23.9909110000,24.5929995000,24.5466850000,64224000,1696773248.0000,2,6.007577,1,0.188700,0
2015-06-12,sh.600388,24.5281592000,24.5281592000,23.9353336000,24.1113287000,24.5929995000,60236003,1571764384.0000,2,5.634536,1,-1.958600,0
2015-06-15,sh.600388,24.1576432000,24.6022624000,23.7871272000,23.9631223000,24.1113287000,54455196,1421603696.0000,2,5.093793,1,-0.614700,0
2015-06-16,sh.600388,23.7130240000,23.7130240000,21.9530730000,22.1661197000,23.9631223000,57017050,1405231632.0000,2,5.333432,1,-7.499000,0
2015-06-17,sh.600388,22.1383310000,22.4995841000,20.5636380000,22.2031713000,22.1661197000,56444700,1314679792.0000,2,5.279893,1,0.167200,0
2015-06-18,sh.600388,22.2124342000,22.2124342000,21.0267830000,21.0638346000,22.2031713000,36334048,847249600.0000,2,3.398723,1,-5.131400,0
2015-06-19,sh.600388,20.6747928000,20.7488960000,18.9611563000,18.9611563000,21.0638346000,44622065,953327552.0000,2,4.173992,1,-9.982400,0
2015-06-23,sh.600388,18.9611563000,19.3872497000,17.1734166000,19.1927288000,18.9611563000,41244748,827749072.0000,2,3.858075,1,1.221300,0
2015-06-24,sh.600388,19.2019917000,19.8226060000,18.8777902000,19.5725077000,19.1927288000,44210359,928626736.0000,2,4.135481,1,1.978800,0
2015-06-25,sh.600388,19.9059721000,20.8693137000,19.2390433000,19.6743996000,19.5725077000,60321397,1317394992.0000,2,5.642523,1,0.520600,0
2015-06-26,sh.600388,18.8963160000,19.0723111000,17.7106648000,17.7106648000,19.6743996000,44609189,882113216.0000,2,4.172788,1,-9.981200,0
2015-06-29,sh.600388,18.5258000000,18.5628516000,15.9414509000,16.0248170000,17.7106648000,58084988,1060463520.0000,2,5.433328,1,-9.518800,0
2015-06-30,sh.600388,15.7469300000,17.5995100000,14.4686498000,17.5902471000,16.0248170000,62834677,1083548464.0000,2,5.877618,1,9.768800,0
2015-07-01,sh.600388,17.3957262000,17.9700260000,15.9785025000,16.1544976000,17.5902471000,52987991,991171824.0000,2,4.956549,1,-8.162200,0
2015-07-02,sh.600388,16.4879620000,16.5342765000,14.7094852000,14.9132690000,16.1544976000,50472374,852777872.0000,2,4.721236,1,-7.683500,0
2015-07-03,sh.600388,14.6353820000,15.6543010000,13.5238340000,14.0055048000,14.9132690000,50252392,775754848.0000,2,4.700659,1,-6.087000,0
2015-07-06,sh.600388,15.4042027000,15.4042027000,13.4867824000,14.2741289000,14.0055048000,58397388,911931968.0000,2,5.462550,1,1.918000,0
2015-07-07,sh.600388,13.9036129000,14.4779127000,12.8476423000,12.8476423000,14.2741289000,52233922,753472416.0000,2,4.886013,1,-9.993500,0
2015-07-08,sh.600388,11.5600992000,11.5600992000,11.5600992000,11.5600992000,12.8476423000,7959100,99329568.0000,2,0.744502,1,-10.021600,0
2015-07-09,sh.600388,11.5600992000,11.5600992000,11.5600992000,11.5600992000,11.5600992000,0,0.0000,2,,0,0.000000,0
2015-07-10,sh.600388,11.5600992000,11.5600992000,11.5600992000,11.5600992000,11.5600992000,0,0.0000,2,,0,0.000000,0
2015-07-13,sh.600388,12.7179617000,12.7179617000,12.7179617000,12.7179617000,11.5600992000,1072795,14729475.0000,2,0.100350,1,10.016000,0
2015-07-14,sh.600388,13.9869790000,13.9869790000,13.9869790000,13.9869790000,12.7179617000,2225811,33609746.0000,2,0.208205,1,9.978200,0
2015-07-15,sh.600388,15.3856769000,15.3856769000,13.7090920000,13.9499274000,13.9869790000,119529400,1895052240.0000,2,11.180899,1,-0.264900,0
2015-07-16,sh.600388,12.9680600000,14.8113771000,12.8013278000,14.4501240000,13.9499274000,63158532,964446272.0000,2,5.907912,1,3.585700,0
2015-07-17,sh.600388,14.4871756000,15.7284042000,14.4871756000,15.6172494000,14.4501240000,68791461,1129556816.0000,2,6.434822,1,8.076900,0
2015-07-20,sh.600388,15.7006155000,16.3397556000,15.2930479000,15.8951364000,15.6172494000,76137900,1304015328.0000,2,7.122015,1,1.779400,0
2015-07-21,sh.600388,15.8951364000,16.3027040000,15.5431462000,16.1452347000,15.8951364000,55086860,954423168.0000,2,5.152880,1,1.573400,0
2015-07-22,sh.600388,16.2563895000,17.3772004000,15.8858735000,17.2197311000,16.1452347000,84693605,1505975424.0000,2,7.922324,1,6.655200,0
2015-07-23,sh.600388,17.2753085000,17.4420407000,16.7010087000,17.3586746000,17.2197311000,76256895,1411267184.0000,2,7.133146,1,0.806900,0
2015-07-24,sh.600388,17.3030972000,17.7940309000,16.4786991000,16.8214264000,17.3586746000,74144025,1381240432.0000,2,6.935506,1,-3.095000,0
2015-07-27,sh.600388,16.3027040000,17.0066844000,15.1355786000,15.1355786000,16.8214264000,59383833,1032892928.0000,2,5.554823,1,-10.022000,0
2015-07-28,sh.600388,14.0888709000,15.4505172000,13.7554065000,14.3204434000,15.1355786000,55873204,866973424.0000,2,5.226435,1,-5.385600,0
2015-07-29,sh.600388,14.7372739000,15.3856769000,14.0147677000,15.3671511000,14.3204434000,40060480,632305808.0000,2,3.747297,1,7.309200,0
2015-07-30,sh.600388,15.2745221000,15.7376671000,14.5890675000,14.7928513000,15.3671511000,44184988,732792592.0000,2,4.133108,1,-3.737200,0
2015-07-31,sh.600388,14.4686498000,14.9966351000,14.2463402000,14.4779127000,14.7928513000,28532523,449082432.0000,2,2.668961,1,-2.129000,0
2015-08-03,sh.600388,14.4038095000,15.1170528000,14.0981338000,14.5427530000,14.4779127000,40760963,646186288.0000,2,3.812821,1,0.447900,0
2015-08-04,sh.600388,14.8021142000,15.9970283000,14.5149643000,15.9970283000,14.5427530000,63550518,1053761456.0000,2,5.944579,1,10.000000,0
2015-08-05,sh.600388,15.9321880000,16.7195345000,15.7932445000,16.1637605000,15.9970283000,76443638,1344332176.0000,2,7.150614,1,1.042300,0
2015-08-06,sh.600388,15.7469300000,16.3675443000,15.5338833000,15.9599767000,16.1637605000,40092988,692311552.0000,2,3.750338,1,-1.260800,0
2015-08-07,sh.600388,16.2563895000,16.8399522000,16.0989202000,16.7380603000,15.9599767000,67814693,1211110256.0000,2,6.343454,1,4.875200,0
2015-08-10,sh.600388,16.9974215000,17.7014019000,16.6824829000,17.5254068000,16.7380603000,84992666,1573052960.0000,2,7.950298,1,4.703900,0
2015-08-11,sh.600388,17.3586746000,17.5068810000,16.8862667000,17.0437360000,17.5254068000,71178534,1320334272.0000,2,6.658111,1,-2.748400,0
2015-08-12,sh.600388,16.6083797000,17.2475198000,16.5528023000,16.5713281000,17.0437360000,43634460,792073664.0000,2,4.081611,1,-2.771700,0
2015-08-13,sh.600388,16.3953330000,17.0344731000,16.2563895000,17.0159473000,16.5713281000,43037269,772919056.0000,2,4.025749,1,2.683100,0
2015-08-14,sh.600388,17.0622618000,17.5809842000,16.8584780000,17.1085763000,17.0159473000,56251919,1044930672.0000,2,5.261860,1,0.544400,0
2015-08-17,sh.600388,17.0900505000,17.2753085000,16.9325812000,17.1734166000,17.1085763000,39557883,730677216.0000,2,3.700284,1,0.379000,0
2015-08-18,sh.600388,17.3123601000,17.7477164000,15.4597801000,15.4597801000,17.1734166000,80075627,1451687024.0000,2,7.490354,1,-9.978400,0
2015-08-19,sh.600388,15.0058980000,16.1637605000,14.3574950000,15.9321880000,15.4597801000,54426794,895046288.0000,2,5.091136,1,3.055700,0
2015-08-20,sh.600388,15.6543010000,16.0248170000,15.0151609000,15.0707383000,15.9321880000,33522615,560029440.0000,2,3.135739,1,-5.407000,0
2015-08-21,sh.600388,14.8021142000,15.2282076000,14.3204434000,14.5334901000,15.0707383000,33581486,534613920.0000,2,3.141246,1,-3.564800,0
2015-08-24,sh.600388,13.9036129000,14.0796080000,13.0792148000,13.0792148000,14.5334901000,32467351,465633104.0000,2,3.037028,1,-10.006400,0
2015-08-25,sh.600388,11.7824088000,12.3937602000,11.7731459000,11.7731459000,13.0792148000,35639971,457674608.0000,2,3.333798,1,-9.985800,0
2015-08-26,sh.600388,11.8379862000,12.3103941000,10.6708608000,10.9580107000,11.7731459000,44758443,562307776.0000,2,4.186749,1,-6.923700,0
2015-08-27,sh.600388,11.3933670000,11.6712540000,10.7449640000,11.6342024000,10.9580107000,32274443,393985920.0000,2,3.018983,1,6.170800,0
2015-08-28,sh.600388,11.9306152000,12.6160698000,11.7268314000,12.5975440000,11.6342024000,38217751,500005328.0000,2,3.574926,1,8.280300,0
2015-08-31,sh.600388,12.7179617000,13.0236374000,12.4215489000,12.6531214000,12.5975440000,47622294,654858784.0000,2,4.454637,1,0.441200,0
2015-09-01,sh.600388,12.6438585000,12.6438585000,11.3841041000,11.4026299000,12.6531214000,35737603,454622096.0000,2,3.342931,1,-9.882900,0
2015-09-02,sh.600388,10.8839075000,11.7916717000,10.7264382000,10.8468559000,11.4026299000,29547718,355079808.0000,2,2.763923,1,-4.874100,0
2015-09-07,sh.600388,11.1988461000,11.6434653000,11.1247429000,11.3285267000,10.8468559000,26365557,324336928.0000,2,2.466260,1,4.440600,0
2015-09-08,sh.600388,11.3933670000,12.1807135000,11.1617945000,12.0325071000,11.3285267000,26443694,331301152.0000,2,2.473569,1,6.214200,0
2015-09-09,sh.600388,12.1251361000,12.5790182000,11.9491410000,12.4771263000,12.0325071000,40330009,536510848.0000,2,3.772509,1,3.695200,0
2015-09-10,sh.600388,12.2733425000,12.4771263000,12.0510329000,12.0788216000,12.4771263000,25618634,339244784.0000,2,2.396392,1,-3.192300,0
2015-09-11,sh.600388,12.0047184000,12.3103941000,11.9676668000,12.1992393000,12.0788216000,20351362,266933316.0000,2,1.903687,1,0.996900,0
2015-09-14,sh.600388,12.3567086000,12.4586005000,10.9765365000,11.0228510000,12.1992393000,35068306,438929024.0000,2,3.280324,1,-9.643100,0
2015-09-15,sh.600388,10.8839075000,11.2544235000,10.3744480000,10.5597060000,11.0228510000,26070658,304358912.0000,2,2.438675,1,-4.201700,0
2015-09-16,sh.600388,10.6615979000,11.6156766000,10.5782318000,11.6156766000,10.5597060000,28986243,346744192.0000,2,2.711402,1,10.000000,0
2015-09-17,sh.600388,11.6156766000,12.1992393000,11.3192638000,11.3655783000,11.6156766000,45185145,576276544.0000,2,4.226663,1,-2.153100,0
2015-09-18,sh.600388,11.5137847000,11.6619911000,11.2358977000,11.5230476000,11.3655783000,25479327,315121696.0000,2,2.383362,1,1.385500,0
2015-09-21,sh.600388,11.3007380000,12.0139813000,11.1617945000,11.9861926000,11.5230476000,29084711,368179744.0000,2,2.720613,1,4.019300,0
2015-09-22,sh.600388,12.0325071000,12.1621877000,11.6990427000,11.9584039000,11.9861926000,31901417,411604912.0000,2,2.984090,1,-0.231800,0
2015-09-23,sh.600388,11.7175685000,11.9491410000,11.5971508000,11.6990427000,11.9584039000,23675805,301107328.0000,2,2.214658,1,-2.168900,0
2015-09-24,sh.600388,11.7731459000,12.1158732000,11.7546201000,12.0695587000,11.6990427000,27047938,348729104.0000,2,2.530091,1,3.167100,0
2015-09-25,sh.600388,11.9491410000,13.1996325000,11.8657749000,12.8476423000,12.0695587000,87615347,1192041424.0000,2,8.195627,1,6.446700,0
2015-09-28,sh.600388,12.6901730000,13.0143745000,12.1807135000,12.8754310000,12.8476423000,63935362,871483344.0000,2,5.980577,1,0.216300,0
2015-09-29,sh.600388,12.4586005000,12.7828020000,12.2455538000,12.3103941000,12.8754310000,35451413,477115776.0000,2,3.316160,1,-4.388500,0
2015-09-30,sh.600388,12.4122860000,12.5975440000,12.1714506000,12.2362909000,12.3103941000,22311386,297402528.0000,2,2.087029,1,-0.602000,0
2015-10-08,sh.600388,12.7642762000,12.9217455000,12.5141779000,12.7735391000,12.2362909000,37152857,511662720.0000,2,3.475315,1,4.390600,0
2015-10-09,sh.600388,12.9587971000,13.6905662000,12.8291165000,13.1811067000,12.7735391000,46940818,671747472.0000,2,4.390891,1,3.190700,0
2015-10-12,sh.600388,13.3571018000,14.4038095000,13.2459470000,14.2926547000,13.1811067000,71239938,1065993984.0000,2,6.663855,1,8.432900,0
2015-10-13,sh.600388,14.0610822000,14.4964385000,13.9221387000,14.4779127000,14.2926547000,55324392,848010224.0000,2,5.175099,1,1.296200,0
2015-10-14,sh.600388,14.3574950000,14.8021142000,14.1259225000,14.2278144000,14.4779127000,57380918,893892240.0000,2,5.367468,1,-1.727500,0
2015-10-15,sh.600388,14.0796080000,14.8206400000,14.0796080000,14.7557997000,14.2278144000,50245119,792639696.0000,2,4.699978,1,3.710900,0
2015-10-16,sh.600388,14.9410577000,15.5431462000,14.5520159000,15.2559963000,14.7557997000,73099215,1190377984.0000,2,6.837773,1,3.389800,0
2015-10-19,sh.600388,15.4597801000,15.7098784000,14.8947432000,15.0892641000,15.2559963000,71539942,1184587520.0000,2,6.691917,1,-1.092900,0
2015-10-20,sh.600388,15.0058980000,15.2559963000,14.8854803000,15.2374705000,15.0892641000,40071536,650945504.0000,2,3.748331,1,0.982200,0
2015-10-21,sh.600388,15.2652592000,15.4690430000,13.8017210000,13.8109839000,15.2374705000,65661899,1041071744.0000,2,6.142079,1,-9.361700,0
2015-10-22,sh.600388,13.8943500000,14.4871756000,13.7924581000,14.4408611000,13.8109839000,44557234,681160880.0000,2,4.167928,1,4.560700,0
2015-10-23,sh.600388,14.5798046000,15.8858735000,14.2185515000,15.8858735000,14.4408611000,72668407,1189227408.0000,2,6.797475,1,10.006400,0
2015-10-26,sh.600388,16.8584780000,16.9325812000,15.8488219000,16.1081831000,15.8858735000,129772882,2309183392.0000,2,12.139084,1,1.399400,0
2015-10-27,sh.600388,16.2749153000,16.7473232000,15.3115737000,16.5620652000,16.1081831000,85807432,1497651536.0000,2,8.026513,1,2.817700,0
2015-10-28,sh.600388,16.1915492000,16.8584780000,15.8210332000,15.9507138000,16.5620652000,61889918,1091670416.0000,2,5.789244,1,-3.691300,0
2015-10-29,sh.600388,16.1730234000,16.6546942000,15.6172494000,16.2471266000,15.9507138000,53445713,930663120.0000,2,4.999365,1,1.858300,0
2015-10-30,sh.600388,15.9785025000,16.1822863000,15.5616720000,15.7654558000,16.2471266000,39321432,674353312.0000,2,3.678166,1,-2.964700,0
2015-11-02,sh.600388,15.2837850000,16.1267089000,15.2559963000,15.4042027000,15.7654558000,33548089,569204672.0000,2,3.138122,1,-2.291400,0
2015-11-03,sh.600388,15.5153575000,15.8858735000,15.1818931000,15.6265123000,15.4042027000,36593455,614686768.0000,2,3.422988,1,1.443200,0
2015-11-04,sh.600388,15.8025074000,16.6639571000,15.6543010000,16.5435394000,15.6265123000,63484346,1113332480.0000,2,5.938389,1,5.868400,0
2015-11-05,sh.600388,16.5805910000,17.5068810000,16.1915492000,17.0807876000,16.5435394000,99234293,1788573648.0000,2,9.282474,1,3.247500,0
2015-11-06,sh.600388,16.9511070000,17.3679375000,16.7658490000,17.0807876000,17.0807876000,68649470,1265702416.0000,2,6.421540,1,0.000000,0
2015-11-09,sh.600388,16.8584780000,17.5531955000,16.5805910000,17.2104682000,17.0807876000,77303464,1431240256.0000,2,7.231043,1,0.759200,0
2015-11-10,sh.600388,17.2845714000,18.0626550000,17.1363650000,17.4790923000,17.2104682000,86150638,1635870928.0000,2,8.058616,1,1.560800,0
2015-11-11,sh.600388,17.5902471000,17.7569793000,17.1826795000,17.7291906000,17.4790923000,57511419,1085361968.0000,2,5.379675,1,1.430800,0
2015-11-12,sh.600388,17.8773970000,17.9329744000,17.3216230000,17.5995100000,17.7291906000,60151653,1142068448.0000,2,5.626645,1,-0.731400,0
2015-11-13,sh.600388,17.3772004000,17.5902471000,16.9603699000,17.3216230000,17.5995100000,50941344,952544944.0000,2,4.765104,1,-1.578900,0
2015-11-16,sh.600388,16.8584780000,18.0070776000,16.7658490000,17.9700260000,17.3216230000,57876792,1092468864.0000,2,5.413853,1,3.743300,0
2015-11-17,sh.600388,18.4331710000,18.8592644000,17.9792889000,18.1738098000,17.9700260000,105611540,2098575344.0000,2,9.879008,1,1.134000,0
2015-11-18,sh.600388,18.0626550000,18.3127533000,17.3216230000,17.5161439000,18.1738098000,51412935,989825280.0000,2,4.809217,1,-3.618800,0
2015-11-19,sh.600388,17.5995100000,17.8588712000,17.1826795000,17.7755051000,17.5161439000,42208166,797578688.0000,2,3.948194,1,1.480700,0
2015-11-20,sh.600388,17.8588712000,17.9329744000,17.4142520000,17.6550874000,17.7755051000,41829019,796854064.0000,2,3.912728,1,-0.677400,0
2015-11-23,sh.600388,17.5995100000,17.8032938000,17.3401488000,17.4513036000,17.6550874000,35022143,664292128.0000,2,3.276006,1,-1.154200,0
2015-11-24,sh.600388,17.3494117000,17.8032938000,17.2289940000,17.7847680000,17.4513036000,33036903,624736736.0000,2,3.090305,1,1.910800,0
2015-11-25,sh.600388,17.6921390000,18.0256034000,17.5161439000,17.9144486000,17.7847680000,45721234,878568096.0000,2,4.276810,1,0.729200,0
2015-11-26,sh.600388,18.0719179000,18.1274953000,17.3864633000,17.4235149000,17.9144486000,45964596,877200544.0000,2,4.299574,1,-2.740400,0
2015-11-27,sh.600388,17.3030972000,17.5717213000,15.7469300000,16.1452347000,17.4235149000,47373654,855842544.0000,2,4.431379,1,-7.336500,0
2015-11-30,sh.600388,16.3027040000,16.8214264000,15.2374705000,16.7658490000,16.1452347000,42967588,755823872.0000,2,4.019231,1,3.843900,0
2015-12-01,sh.600388,16.8492151000,18.1552840000,16.6639571000,17.5995100000,16.7658490000,74135070,1400375520.0000,2,6.934668,1,4.972400,0
2015-12-02,sh.600388,17.2289940000,17.4142520000,16.3027040000,16.9511070000,17.5995100000,43563214,795666912.0000,2,4.074946,1,-3.684200,0
2015-12-03,sh.600388,16.9974215000,17.5624584000,16.9788957000,17.1826795000,16.9511070000,41470265,770909488.0000,2,3.879170,1,1.366100,0
2015-12-04,sh.600388,17.1271021000,17.1271021000,16.6732200000,16.7936377000,17.1826795000,32520963,592467936.0000,2,3.042043,1,-2.264200,0
2015-12-07,sh.600388,17.1363650000,17.2289940000,16.8029006000,16.9788957000,16.7936377000,22994572,422427152.0000,2,2.150935,1,1.103100,0
2015-12-08,sh.600388,17.1363650000,17.4605665000,16.6732200000,16.7658490000,16.9788957000,37955526,700076624.0000,2,3.550398,1,-1.254800,0
2015-12-09,sh.600388,16.6639571000,16.6639571000,16.0989202000,16.2193379000,16.7658490000,28165827,495466288.0000,2,2.634659,1,-3.259700,0
2015-12-10,sh.600388,16.2100750000,16.3860701000,16.0433428000,16.2286008000,16.2193379000,20071000,350795952.0000,2,1.877461,1,0.057100,0
2015-12-11,sh.600388,16.1359718000,16.2100750000,15.8210332000,15.8951364000,16.2286008000,15688697,270232704.0000,2,1.467536,1,-2.054800,0
2015-12-14,sh.600388,15.7932445000,16.3027040000,15.7376671000,16.2563895000,15.8951364000,17444702,302781568.0000,2,1.631795,1,2.272700,0
2015-12-15,sh.600388,16.4416475000,16.4416475000,16.1267089000,16.2749153000,16.2563895000,17213073,302985376.0000,2,1.610128,1,0.114000,0
2015-12-16,sh.600388,16.3490185000,16.8121635000,16.2100750000,16.5435394000,16.2749153000,26352277,468726144.0000,2,2.465018,1,1.650500,0
2015-12-17,sh.600388,16.5435394000,16.8677409000,16.4879620000,16.8584780000,16.5435394000,34259775,618334736.0000,2,3.204693,1,1.903700,0
2015-12-18,sh.600388,16.7102716000,17.1271021000,16.6824829000,16.8677409000,16.8584780000,35902783,655500352.0000,2,3.358382,1,0.054900,0
2015-12-21,sh.600388,16.8029006000,16.9511070000,16.6176426000,16.8492151000,16.8677409000,27623018,500121680.0000,2,2.583885,1,-0.109800,0
2015-12-22,sh.600388,16.9418441000,16.9974215000,16.6454313000,16.8399522000,16.8492151000,21591354,391805072.0000,2,2.019677,1,-0.055000,0
2015-12-23,sh.600388,16.8955296000,16.9233183000,16.4879620000,16.5435394000,16.8399522000,26073134,470050144.0000,2,2.438907,1,-1.760200,0
2015-12-24,sh.600388,16.4879620000,16.7751119000,16.4045959000,16.6361684000,16.5435394000,18010594,322881472.0000,2,1.684729,1,0.559900,0
2015-12-25,sh.600388,16.6639571000,16.7565861000,16.5528023000,16.6454313000,16.6361684000,14456215,259778342.0000,2,1.352249,1,0.055700,0
2015-12-28,sh.600388,16.7195345000,16.8399522000,16.0526057000,16.0896573000,16.6454313000,25822601,459668032.0000,2,2.415472,1,-3.338900,0
2015-12-29,sh.600388,16.0618686000,16.2286008000,15.8302961000,16.1452347000,16.0896573000,17118784,296374656.0000,2,1.601308,1,0.345400,0
2015-12-30,sh.600388,16.1637605000,16.2841782000,15.9877654000,16.1822863000,16.1452347000,14317861,249443530.0000,2,1.339307,1,0.229500,0
2015-12-31,sh.600388,16.2286008000,16.3397556000,15.9970283000,16.0062912000,16.1822863000,15452336,269426336.0000,2,1.445427,1,-1.087600,0
2016-01-04,sh.600388,16.0062912000,16.0711315000,14.4593869000,14.5149643000,16.0062912000,19061461,315984832.0000,2,1.783028,1,-9.317100,0
2016-01-05,sh.600388,13.8943500000,14.7002223000,13.7090920000,14.1444483000,14.5149643000,29837638,456557392.0000,2,2.791042,1,-2.552600,0
2016-01-06,sh.600388,14.3111805000,14.5149643000,14.1259225000,14.4408611000,14.1444483000,15320587,236544058.0000,2,1.433103,1,2.095600,0
2016-01-07,sh.600388,14.2556031000,14.2556031000,13.0606890000,13.1347922000,14.4408611000,4480450,66160562.0000,2,0.419106,1,-9.044300,0
2016-01-08,sh.600388,13.4589937000,13.7739323000,12.5049150000,13.3200502000,13.1347922000,23171881,333188096.0000,2,2.167521,1,1.410400,0
2016-01-11,sh.600388,13.0606890000,13.4219421000,12.2270280000,12.4030231000,13.3200502000,23527557,326285088.0000,2,2.200791,1,-6.884600,0
2016-01-12,sh.600388,12.5234408000,12.8013278000,12.2640796000,12.6438585000,12.4030231000,16522743,224106617.0000,2,1.545554,1,1.941700,0
2016-01-13,sh.600388,12.8661681000,12.9402713000,12.2270280000,12.2826054000,12.6438585000,15481765,212097064.0000,2,1.448180,1,-2.857100,0
2016-01-14,sh.600388,11.9120894000,12.7550133000,11.7638830000,12.7086988000,12.2826054000,15203990,203864763.0000,2,1.422196,1,3.469100,0
2016-01-15,sh.600388,12.6901730000,12.7457504000,12.0973474000,12.2455538000,12.7086988000,15014867,201458608.0000,2,1.404506,1,-3.644300,0
2016-01-18,sh.600388,11.9954555000,12.5512295000,11.8750378000,12.4122860000,12.2455538000,14765596,196507366.0000,2,1.381189,1,1.361600,0
2016-01-19,sh.600388,12.3844973000,12.8291165000,12.1992393000,12.8013278000,12.4122860000,20523187,278582144.0000,2,1.919759,1,3.134300,0
2016-01-20,sh.600388,12.7364875000,13.1347922000,12.6345956000,12.7550133000,12.8013278000,22900381,317417040.0000,2,2.142124,1,-0.361800,0
2016-01-21,sh.600388,12.5049150000,12.8013278000,12.0880845000,12.1251361000,12.7550133000,18097558,244100584.0000,2,1.692864,1,-4.938300,0
2016-01-22,sh.600388,12.2918683000,12.3844973000,11.9491410000,12.2826054000,12.1251361000,12028612,158719380.0000,2,1.125168,1,1.298700,0
2016-01-25,sh.600388,12.3937602000,12.5697553000,12.2826054000,12.3659715000,12.2826054000,10364438,139058828.0000,2,0.969500,1,0.678700,0
2016-01-26,sh.600388,12.2362909000,12.3011312000,11.1617945000,11.3377896000,12.3659715000,19464462,248028477.0000,2,1.820725,1,-8.314600,0
2016-01-27,sh.600388,11.4396815000,11.5323105000,10.6708608000,11.2729493000,11.3377896000,16447554,197978809.0000,2,1.538521,1,-0.571900,0
2016-01-28,sh.600388,11.2081090000,11.3563154000,10.7449640000,10.8005414000,11.2729493000,10076529,120330207.0000,2,0.942569,1,-4.190600,0
2016-01-29,sh.600388,10.8561188000,11.3470525000,10.7634898000,11.2081090000,10.8005414000,14115928,169446631.0000,2,1.320418,1,3.773600,0
2016-02-01,sh.600388,11.2544235000,11.5693621000,11.2081090000,11.3841041000,11.2081090000,15812236,193568398.0000,2,1.479092,1,1.570200,0
2016-02-02,sh.600388,11.3841041000,11.7824088000,11.3470525000,11.7453572000,11.3841041000,15214371,191429532.0000,2,1.423167,1,3.173300,0
2016-02-03,sh.600388,11.5786250000,11.7546201000,11.3933670000,11.6619911000,11.7453572000,10850767,135272716.0000,2,1.014992,1,-0.709800,0
2016-02-04,sh.600388,11.6990427000,11.8379862000,11.6527282000,11.8194604000,11.6619911000,13507516,171604496.0000,2,1.263506,1,1.350300,0
2016-02-05,sh.600388,11.8565120000,11.9861926000,11.7083056000,11.7268314000,11.8194604000,10327669,131737504.0000,2,0.966060,1,-0.783700,0
2016-02-15,sh.600388,11.2544235000,11.6805169000,11.1247429000,11.5415734000,11.7268314000,12495504,153456541.0000,2,1.168842,1,-1.579800,0
2016-02-16,sh.600388,11.6527282000,12.2270280000,11.6249395000,12.1621877000,11.5415734000,21830616,281744784.0000,2,2.042058,1,5.377200,0
2016-02-17,sh.600388,12.1899764000,12.6345956000,12.0417700000,12.5975440000,12.1621877000,27726215,367315744.0000,2,2.593538,1,3.579600,0
2016-02-18,sh.600388,12.5049150000,12.6345956000,12.3474457000,12.3937602000,12.5975440000,22432019,302104848.0000,2,2.098313,1,-1.617600,0
2016-02-19,sh.600388,12.3474457000,12.5049150000,12.3289199000,12.4956521000,12.3937602000,14751876,197833092.0000,2,1.379905,1,0.822100,0
2016-02-22,sh.600388,12.7364875000,12.7642762000,12.5234408000,12.6531214000,12.4956521000,19924426,271766880.0000,2,1.863751,1,1.260200,0
2016-02-23,sh.600388,12.6809101000,12.6901730000,12.2362909000,12.4400747000,12.6531214000,17338099,232990583.0000,2,1.621823,1,-1.683700,0
2016-02-24,sh.600388,12.3659715000,12.5419666000,12.1621877000,12.4771263000,12.4400747000,16512309,220454165.0000,2,1.544578,1,0.297800,0
2016-02-25,sh.600388,12.5141779000,12.9402713000,11.5878879000,11.8101975000,12.4771263000,45892415,617133376.0000,2,4.292822,1,-5.345200,0
2016-02-26,sh.600388,12.0232442000,12.4493376000,11.5971508000,12.2548167000,11.8101975000,28237509,365549600.0000,2,2.641365,1,3.764700,0
2016-02-29,sh.600388,12.0417700000,12.1529248000,11.1895832000,11.4582073000,12.2548167000,22944866,284854960.0000,2,2.146286,1,-6.500400,0
2016-03-01,sh.600388,11.4859960000,11.7824088000,11.2081090000,11.6805169000,11.4582073000,18732881,233254422.0000,2,1.752292,1,1.940200,0
2016-03-02,sh.600388,11.5415734000,12.2826054000,11.3470525000,12.1992393000,11.6805169000,39107642,497600416.0000,2,3.658168,1,4.440900,0
2016-03-03,sh.600388,12.0880845000,12.6716472000,12.0047184000,12.4863892000,12.1992393000,40615433,540778496.0000,2,3.799208,1,2.353800,0
2016-03-04,sh.600388,12.3752344000,12.4771263000,11.6897798000,11.9028265000,12.4863892000,29343326,383598304.0000,2,2.744804,1,-4.673600,0
2016-03-07,sh.600388,12.0325071000,12.2918683000,11.9584039000,12.0880845000,11.9028265000,16751999,219190966.0000,2,1.566999,1,1.556400,0
2016-03-08,sh.600388,12.0880845000,12.0880845000,11.4859960000,11.9491410000,12.0880845000,16024426,203194254.0000,2,1.498941,1,-1.149400,0
2016-03-09,sh.600388,11.7175685000,11.8379862000,11.5786250000,11.6156766000,11.9491410000,11687676,147254969.0000,2,1.093277,1,-2.790700,0
2016-03-10,sh.600388,11.6156766000,11.7453572000,11.4211557000,11.4396815000,11.6156766000,9396327,117513193.0000,2,0.878942,1,-1.515100,0
2016-03-11,sh.600388,11.3007380000,11.5230476000,11.2822122000,11.3748412000,11.4396815000,9964465,122491262.0000,2,0.932086,1,-0.566800,0
2016-03-14,sh.600388,11.4859960000,11.8565120000,11.4859960000,11.7083056000,11.3748412000,15788540,199952064.0000,2,1.476876,1,2.931600,0
2016-03-15,sh.600388,11.7268314000,11.8843007000,11.6434653000,11.6805169000,11.7083056000,11461119,145178860.0000,2,1.072084,1,-0.237300,0
2016-03-16,sh.600388,11.6897798000,11.8009346000,11.4489444000,11.4859960000,11.6805169000,10586805,132634638.0000,2,0.990300,1,-1.665300,0
2016-03-17,sh.600388,11.5045218000,11.8379862000,11.4859960000,11.7916717000,11.4859960000,17076466,215743835.0000,2,1.597350,1,2.661300,0
2016-03-18,sh.600388,11.8565120000,12.2270280000,11.8101975000,12.1529248000,11.7916717000,31602495,411972800.0000,2,2.956129,1,3.063600,0
2016-03-21,sh.600388,12.3289199000,12.5697553000,12.1807135000,12.4863892000,12.1529248000,37347221,499100112.0000,2,3.493496,1,2.743900,0
2016-03-22,sh.600388,12.3752344000,12.6623843000,12.2362909000,12.4678634000,12.4863892000,30676765,411610576.0000,2,2.869535,1,-0.148400,0
2016-03-23,sh.600388,12.3752344000,12.5327037000,12.2733425000,12.4308118000,12.4678634000,21554118,288787904.0000,2,2.016194,1,-0.297200,0
2016-03-24,sh.600388,12.3659715000,12.6068069000,12.2085022000,12.2455538000,12.4308118000,29617674,395815360.0000,2,2.770467,1,-1.490300,0
2016-03-25,sh.600388,12.1529248000,12.3103941000,12.0880845000,12.2270280000,12.2455538000,15925683,209608426.0000,2,1.489704,1,-0.151300,0
2016-03-28,sh.600388,12.2918683000,12.3937602000,12.0232442000,12.0602958000,12.2270280000,17800296,234839836.0000,2,1.665057,1,-1.363600,0
2016-03-29,sh.600388,12.1251361000,12.1251361000,11.6712540000,11.7731459000,12.0602958000,15768247,201686946.0000,2,1.474978,1,-2.381000,0
2016-03-30,sh.600388,11.8657749000,12.1714506000,11.8379862000,12.1621877000,11.7731459000,14429011,187193900.0000,2,1.349704,1,3.304500,0
2016-03-31,sh.600388,12.2270280000,12.3844973000,12.1714506000,12.2085022000,12.1621877000,18903241,250556447.0000,2,1.768228,1,0.380800,0
2016-04-01,sh.600388,12.2085022000,12.2733425000,11.9491410000,12.1343990000,12.2085022000,13139685,171340085.0000,2,1.229099,1,-0.607000,0
2016-04-05,sh.600388,12.1436619000,12.4493376000,12.1066103000,12.4122860000,12.1343990000,21364878,284295744.0000,2,1.998492,1,2.290100,0
2016-04-06,sh.600388,12.3844973000,12.6901730000,12.3011312000,12.5882811000,12.4122860000,30885579,417366032.0000,2,2.889068,1,1.417900,0
2016-04-07,sh.600388,12.5882811000,12.6716472000,12.2733425000,12.2918683000,12.5882811000,25654516,345288304.0000,2,2.399749,1,-2.354700,0
2016-04-08,sh.600388,12.1807135000,12.1899764000,12.0417700000,12.1529248000,12.2918683000,16246087,212426018.0000,2,1.519675,1,-1.130400,0
2016-04-11,sh.600388,12.2177651000,12.6160698000,12.2177651000,12.5882811000,12.1529248000,24155642,324187664.0000,2,2.259543,1,3.582300,0
2016-04-12,sh.600388,12.5141779000,12.6716472000,12.3289199000,12.4586005000,12.5882811000,17576501,236464366.0000,2,1.644123,1,-1.030200,0
2016-04-13,sh.600388,12.5141779000,12.7642762000,12.4956521000,12.5604924000,12.4586005000,33735238,460563744.0000,2,3.155628,1,0.817800,0
2016-04-14,sh.600388,12.6160698000,13.3941534000,12.5141779000,13.2644728000,12.5604924000,57862132,810452496.0000,2,5.412481,1,5.604700,0
2016-04-15,sh.600388,13.1070035000,13.2088954000,12.9495342000,13.0699519000,13.2644728000,33047104,465713824.0000,2,3.091259,1,-1.466500,0
2016-04-18,sh.600388,12.9217455000,12.9587971000,12.7364875000,12.7642762000,13.0699519000,26136244,361615264.0000,2,2.444810,1,-2.338800,0
2016-04-19,sh.600388,12.8291165000,13.0792148000,12.8013278000,12.9310084000,12.7642762000,20667545,288238736.0000,2,1.933263,1,1.306200,0
2016-04-20,sh.600388,12.8754310000,12.9680600000,12.0510329000,12.3196570000,12.9310084000,35692018,478664960.0000,2,3.338667,1,-4.727800,0
2016-04-21,sh.600388,12.2270280000,12.4863892000,12.1529248000,12.1992393000,12.3196570000,16055911,213436037.0000,2,1.501886,1,-0.977400,0
2016-04-22,sh.600388,12.0417700000,12.2270280000,12.0139813000,12.2085022000,12.1992393000,12700786,166473244.0000,2,1.188044,1,0.075900,0
2016-04-25,sh.600388,12.1807135000,12.2177651000,11.9491410000,12.0880845000,12.2085022000,9242775,120483316.0000,2,0.864578,1,-0.986300,0
2016-04-26,sh.600388,12.1529248000,12.2826054000,12.0973474000,12.2733425000,12.0880845000,9369331,123407005.0000,2,0.876417,1,1.532600,0
2016-04-27,sh.600388,12.2826054000,12.3381828000,12.1807135000,12.2548167000,12.2733425000,10817377,143228563.0000,2,1.011868,1,-0.150900,0
2016-04-28,sh.600388,12.2455538000,12.2918683000,11.9584039000,12.0973474000,12.2548167000,12274490,160353304.0000,2,1.148168,1,-1.285000,0
2016-04-29,sh.600388,12.0973474000,12.1251361000,12.0047184000,12.0417700000,12.0973474000,7511099,97680206.0000,2,0.702596,1,-0.459400,0
2016-05-03,sh.600388,12.0510329000,12.3937602000,11.9954555000,12.3659715000,12.0417700000,13156405,174152579.0000,2,1.230663,1,2.692300,0
2016-05-04,sh.600388,12.3011312000,12.4678634000,12.2733425000,12.4308118000,12.3659715000,13687077,182970082.0000,2,1.280303,1,0.524300,0
2016-05-05,sh.600388,12.2270280000,12.4586005000,12.2270280000,12.4215489000,12.4308118000,11980952,159683674.0000,2,1.120710,1,-0.074500,0
2016-05-06,sh.600388,12.4308118000,12.4586005000,11.9028265000,11.9306152000,12.4215489000,18093726,237360911.0000,2,1.692505,1,-3.952300,0
2016-05-09,sh.600388,11.9120894000,11.9120894000,11.4582073000,11.5045218000,11.9306152000,14042518,176400474.0000,2,1.313551,1,-3.571400,0
2016-05-10,sh.600388,11.5693621000,11.6249395000,11.4582073000,11.5045218000,11.5045218000,7123526,88623877.0000,2,0.666342,1,0.000000,0
2016-05-11,sh.600388,11.5508363000,11.6156766000,11.4211557000,11.4767331000,11.5045218000,6092808,75822309.0000,2,0.569927,1,-0.241500,0
2016-05-12,sh.600388,11.4396815000,11.4396815000,11.2173719000,11.4026299000,11.4767331000,7168990,87688812.0000,2,0.670594,1,-0.645700,0
2016-05-13,sh.600388,11.4026299000,11.5323105000,11.3100009000,11.3192638000,11.4026299000,5940568,73213237.0000,2,0.555687,1,-0.731100,0
2016-05-16,sh.600388,11.3285267000,11.5693621000,11.2822122000,11.5693621000,11.3192638000,6185840,76518564.0000,2,0.578630,1,2.209500,0
2016-05-17,sh.600388,11.5786250000,11.6527282000,11.4859960000,11.5230476000,11.5693621000,6341495,79101472.0000,2,0.593190,1,-0.400300,0
2016-05-18,sh.600388,11.4767331000,11.4767331000,11.1154800000,11.2266348000,11.5230476000,9019302,109464658.0000,2,0.843674,1,-2.572300,0
2016-05-19,sh.600388,11.2358977000,11.3748412000,11.1617945000,11.1988461000,11.2266348000,6702413,81556480.0000,2,0.626950,1,-0.247500,0
2016-05-20,sh.600388,11.2081090000,11.3192638000,11.1617945000,11.3100009000,11.1988461000,5500037,66851599.0000,2,0.514479,1,0.992600,0
2016-05-23,sh.600388,11.3100009000,11.4489444000,11.2544235000,11.3841041000,11.3100009000,6600499,81097906.0000,2,0.617417,1,0.655200,0
2016-05-24,sh.600388,11.3748412000,11.3841041000,11.2266348000,11.2636864000,11.3841041000,5347786,65129705.0000,2,0.500237,1,-1.057800,0
2016-05-25,sh.600388,11.3007380000,11.4211557000,11.2081090000,11.2358977000,11.2636864000,6278641,76669210.0000,2,0.587310,1,-0.246700,0
2016-05-26,sh.600388,11.2451606000,11.2914751000,10.9765365000,11.2358977000,11.2358977000,8395247,100651468.0000,2,0.785300,1,0.000000,0
2016-05-27,sh.600388,11.2173719000,11.2914751000,11.1617945000,11.2266348000,11.2358977000,5477579,66417287.0000,2,0.512378,1,-0.082400,0
2016-05-30,sh.600388,11.2081090000,11.2358977000,11.0691655000,11.1617945000,11.2266348000,4116599,49648099.0000,2,0.385071,1,-0.577600,0
2016-05-31,sh.600388,11.1525316000,11.6342024000,11.1525316000,11.5693621000,11.1617945000,16363931,202425263.0000,2,1.530698,1,3.651400,0
2016-06-01,sh.600388,11.5878879000,11.6619911000,11.4767331000,11.5137847000,11.5693621000,11528135,143865099.0000,2,1.078353,1,-0.480400,0
2016-06-02,sh.600388,11.5137847000,11.8935636000,11.5137847000,11.8194604000,11.5137847000,21245515,268621536.0000,2,1.987327,1,2.654900,0
2016-06-03,sh.600388,11.7546201000,11.8009346000,11.5600992000,11.7083056000,11.8194604000,15596734,196701130.0000,2,1.458934,1,-0.940400,0
2016-06-06,sh.600388,11.7453572000,11.7453572000,11.5415734000,11.6342024000,11.7083056000,9334029,117266425.0000,2,0.873114,1,-0.632900,0
2016-06-07,sh.600388,11.6712540000,11.6712540000,11.5323105000,11.5786250000,11.6342024000,7029505,87815981.0000,2,0.657547,1,-0.477700,0
2016-06-08,sh.600388,11.5971508000,11.7638830000,11.5415734000,11.6527282000,11.5786250000,10591805,133388048.0000,2,0.990768,1,0.640000,0
2016-06-13,sh.600388,11.4767331000,11.5508363000,11.0969542000,11.1154800000,11.6527282000,12674572,155074268.0000,2,1.185592,1,-4.610500,0
2016-06-14,sh.600388,11.1154800000,11.2266348000,11.0969542000,11.1803203000,11.1154800000,6539178,78787139.0000,2,0.611681,1,0.583300,0
2016-06-15,sh.600388,11.1154800000,11.4489444000,11.0506397000,11.3841041000,11.1803203000,12541403,153320882.0000,2,1.173135,1,1.822700,0
2016-06-16,sh.600388,11.3933670000,11.3933670000,11.1988461000,11.2266348000,11.3841041000,9671656,117673028.0000,2,0.904696,1,-1.383200,0
2016-06-17,sh.600388,11.2266348000,11.3748412000,11.2081090000,11.3563154000,11.2266348000,11151848,136309275.0000,2,1.043155,1,1.155100,0
2016-06-20,sh.600388,11.3933670000,11.4674702000,11.3192638000,11.4396815000,11.3563154000,7451596,91653675.0000,2,0.697030,1,0.734100,0
2016-06-21,sh.600388,11.5323105000,11.5600992000,11.3748412000,11.4489444000,11.4396815000,10212032,126531274.0000,2,0.955244,1,0.081000,0
2016-06-22,sh.600388,11.4489444000,11.5415734000,11.3470525000,11.5415734000,11.4489444000,7228989,89391694.0000,2,0.676207,1,0.809100,0
2016-06-23,sh.600388,11.5508363000,11.6805169000,11.4026299000,11.5600992000,11.5415734000,13375818,166988573.0000,2,1.251187,1,0.160500,0
2016-06-24,sh.600388,11.4859960000,11.5786250000,11.0969542000,11.2729493000,11.5600992000,14757020,180541319.0000,2,1.380386,1,-2.484000,0
2016-06-27,sh.600388,11.1710574000,11.4582073000,11.1710574000,11.4304186000,11.2729493000,9763286,119731880.0000,2,0.913267,1,1.396900,0
2016-06-28,sh.600388,11.5230476000,11.7360943000,11.4674702000,11.6249395000,11.4304186000,17801301,223067107.0000,2,1.665151,1,1.701800,0
2016-06-29,sh.600388,11.6712540000,11.7175685000,11.5600992000,11.6249395000,11.6249395000,12455339,156431664.0000,2,1.165085,1,0.000000,0
2016-06-30,sh.600388,11.6249395000,11.6990427000,11.5415734000,11.6342024000,11.6249395000,10507319,131737211.0000,2,0.982865,1,0.079700,0
2016-07-01,sh.600388,11.6527282000,11.6990427000,11.5878879000,11.6249395000,11.6342024000,9860187,123885147.0000,2,0.922332,1,-0.079600,0
2016-07-04,sh.600388,11.5878879000,11.9028265000,11.5878879000,11.8379862000,11.6249395000,20067935,255584240.0000,2,1.877175,1,1.832700,0
2016-07-05,sh.600388,11.8194604000,11.9213523000,11.7546201000,11.8750378000,11.8379862000,14973713,191133931.0000,2,1.400656,1,0.313000,0
2016-07-06,sh.600388,11.8565120000,11.8565120000,11.7360943000,11.8287233000,11.8750378000,10231244,130361851.0000,2,0.957041,1,-0.390000,0
2016-07-07,sh.600388,11.8472491000,11.8935636000,11.7360943000,11.8750378000,11.8287233000,13220944,168776727.0000,2,1.236700,1,0.391500,0
2016-07-08,sh.600388,11.9125619000,11.9125619000,11.7718623500,11.7718623500,11.8750420200,9345621,117795442.0000,2,0.874199,1,-0.868900,0
2016-07-11,sh.600388,11.7624823800,11.9219418700,11.7531024100,11.7906222900,11.7718623500,12628039,159442238.0000,2,1.181239,1,0.159400,0
2016-07-12,sh.600388,11.8093822300,12.0345015100,11.7624823800,12.0063616000,11.7906222900,19029013,241843928.0000,2,1.779993,1,1.829800,0
2016-07-13,sh.600388,12.0814013600,12.2877607000,12.0063616000,12.0345015100,12.0063616000,21028226,271749664.0000,2,1.967001,1,0.234400,0
2016-07-14,sh.600388,12.0063616000,12.2690007600,11.8938019600,12.1470611500,12.0345015100,18713602,240531180.0000,2,1.750489,1,0.935300,0
2016-07-15,sh.600388,12.1564411200,12.2502408200,12.0907813300,12.1658210900,12.1470611500,14004111,181700224.0000,2,1.309958,1,0.154400,0
2016-07-18,sh.600388,12.1845810300,12.2408608500,11.9407018100,12.0814013600,12.1658210900,13235009,170569588.0000,2,1.238016,1,-0.693900,0
2016-07-19,sh.600388,12.0532614500,12.1376811800,11.9969816300,12.0626414200,12.0814013600,9515946,122170806.0000,2,0.890131,1,-0.155300,0
2016-07-20,sh.600388,12.1001613000,12.1283012100,11.9876016600,11.9969816300,12.0626414200,8235583,105816779.0000,2,0.770365,1,-0.544300,0
2016-07-21,sh.600388,12.0063616000,12.0720213900,11.9313218400,11.9688417200,11.9969816300,9534006,121988226.0000,2,0.891820,1,-0.234600,0
2016-07-22,sh.600388,11.9500817800,11.9876016600,11.8000022600,11.8281421700,11.9688417200,9834118,124598925.0000,2,0.919893,1,-1.175600,0
2016-07-25,sh.600388,11.8000022600,12.0157415700,11.7624823800,11.9407018100,11.8281421700,9484465,120621920.0000,2,0.887186,1,0.951600,0
2016-07-26,sh.600388,11.9313218400,12.1470611500,11.9125619000,12.1376811800,11.9407018100,11484702,147586921.0000,2,1.074290,1,1.649600,0
2016-07-27,sh.600388,12.1470611500,12.1845810300,11.6593027100,11.7437224400,12.1376811800,21970944,279093008.0000,2,2.055184,1,-3.245700,0
2016-07-28,sh.600388,11.7343424700,11.8656620500,11.5842629500,11.7718623500,11.7437224400,12002173,150099641.0000,2,1.122695,1,0.239600,0
2016-07-29,sh.600388,11.7718623500,11.8281421700,11.6405427700,11.7062025600,11.7718623500,6607714,82601435.0000,2,0.618092,1,-0.557800,0
2016-08-01,sh.600388,11.7062025600,11.7155825300,11.3966635500,11.5748829800,11.7062025600,8122992,99760402.0000,2,0.759833,1,-1.121800,0
2016-08-02,sh.600388,11.5842629500,11.6124028600,11.5373631000,11.6030228900,11.5748829800,4556669,56238702.0000,2,0.426235,1,0.243100,0
2016-08-03,sh.600388,11.5561230400,11.6311628000,11.4998432200,11.5748829800,11.6030228900,4522555,55838129.0000,2,0.423044,1,-0.242500,0
2016-08-04,sh.600388,11.5467430700,11.6311628000,11.5186031600,11.6030228900,11.5748829800,4681819,57812019.0000,2,0.437942,1,0.243100,0
2016-08-05,sh.600388,11.6124028600,11.6499227400,11.5467430700,11.5561230400,11.6030228900,4668065,57706535.0000,2,0.436655,1,-0.404200,0
2016-08-08,sh.600388,11.5467430700,11.6686826800,11.4810832800,11.6593027100,11.5561230400,5744602,70993353.0000,2,0.537356,1,0.892900,0
2016-08-09,sh.600388,11.6780626500,11.8562820800,11.6593027100,11.8093822300,11.6593027100,11050322,138924736.0000,2,1.033658,1,1.287200,0
2016-08-10,sh.600388,11.8187622000,11.8375221400,11.7062025600,11.7249625000,11.8093822300,5831455,73143402.0000,2,0.545480,1,-0.714900,0
2016-08-11,sh.600388,11.7343424700,11.7624823800,11.5561230400,11.5842629500,11.7249625000,7629791,94606923.0000,2,0.713698,1,-1.200000,0
2016-08-12,sh.600388,11.5655030100,11.6593027100,11.4998432200,11.6311628000,11.5842629500,8836693,109057546.0000,2,0.826593,1,0.404900,0
2016-08-15,sh.600388,11.6499227400,12.0438814800,11.6124028600,11.9500817800,11.6311628000,19300795,244453741.0000,2,1.805416,1,2.741900,0
2016-08-16,sh.600388,11.9500817800,12.0157415700,11.8750420200,12.0063616000,11.9500817800,11810698,150670884.0000,2,1.104784,1,0.471000,0
2016-08-17,sh.600388,12.0063616000,12.0532614500,11.8750420200,11.9688417200,12.0063616000,10552275,134683494.0000,2,0.987070,1,-0.312500,0
2016-08-18,sh.600388,11.9500817800,12.0157415700,11.8938019600,11.9219418700,11.9688417200,8294046,105578654.0000,2,0.775833,1,-0.391900,0
2016-08-19,sh.600388,11.9500817800,12.0532614500,11.9031819300,12.0251215400,11.9219418700,12193144,155897293.0000,2,1.140559,1,0.865500,0
2016-08-22,sh.600388,12.0626414200,12.1470611500,11.8562820800,11.8656620500,12.0251215400,11378301,145586033.0000,2,1.064338,1,-1.326100,0
2016-08-23,sh.600388,11.9031819300,12.0345015100,11.8281421700,11.9969816300,11.8656620500,9107748,115665880.0000,2,0.851948,1,1.106700,0
2016-08-24,sh.600388,11.9969816300,12.0532614500,11.9407018100,12.0345015100,11.9969816300,7696263,98458709.0000,2,0.719916,1,0.312700,0
2016-08-25,sh.600388,11.9688417200,11.9688417200,11.8187622000,11.8938019600,12.0345015100,9030116,114271291.0000,2,0.844686,1,-1.169100,0
2016-08-26,sh.600388,11.8938019600,12.1752010600,11.8656620500,12.1189212400,11.8938019600,19002498,244451025.0000,2,1.777513,1,1.892700,0
2016-08-29,sh.600388,12.0251215400,12.6160596500,11.9876016600,12.3159006100,12.1189212400,43480965,573927264.0000,2,4.067253,1,1.625400,0
2016-08-30,sh.600388,12.3159006100,12.3440405200,12.1189212400,12.1376811800,12.3159006100,20115053,261591765.0000,2,1.881582,1,-1.447100,0
2016-08-31,sh.600388,12.1283012100,12.2690007600,12.1283012100,12.1939610000,12.1376811800,12979302,168762548.0000,2,1.214097,1,0.463700,0
2016-09-01,sh.600388,12.1752010600,12.3065206400,11.9594617500,11.9688417200,12.1939610000,17039395,220749348.0000,2,1.593882,1,-1.846200,0
2016-09-02,sh.600388,11.9313218400,12.0532614500,11.8750420200,11.9876016600,11.9688417200,11303220,144010210.0000,2,1.057314,1,0.156700,0
2016-09-05,sh.600388,12.0345015100,12.3159006100,11.9876016600,12.1470611500,11.9876016600,18215283,236561121.0000,2,1.703876,1,1.330204,0
2016-09-06,sh.600388,12.0907813300,13.3476973100,11.9688417200,13.0850581500,12.1470611500,93490600,1276968064.0000,2,8.745204,1,7.722007,0
2016-09-07,sh.600388,12.9255986600,13.4977768300,12.8599388700,12.9818784800,13.0850581500,84339366,1183804016.0000,2,7.889188,1,-0.788528,0
2016-09-08,sh.600388,12.9443586000,13.3289373700,12.8505589000,13.3101774300,12.9818784800,55451079,775048960.0000,2,5.186949,1,2.528898,0
2016-09-09,sh.600388,13.2726575500,13.2726575500,12.9631185400,12.9912584500,13.3101774300,32924284,459791504.0000,2,3.079770,1,-2.396048,0
2016-09-12,sh.600388,12.7661391700,12.9068387200,12.5222599500,12.5879197400,12.9912584500,38273724,518463296.0000,2,3.580162,1,-3.104695,0
2016-09-13,sh.600388,12.7379992600,12.8880787800,12.4378402200,12.5785397700,12.5879197400,37206600,501537536.0000,2,3.480342,1,-0.074517,0
2016-09-14,sh.600388,12.4941200400,12.7192393200,12.4097003100,12.5972997100,12.5785397700,24565395,329052896.0000,2,2.297871,1,0.149146,0
2016-09-19,sh.600388,12.6254396200,12.7098593500,12.5410198900,12.6160596500,12.5972997100,18459724,247991915.0000,2,1.726741,1,0.148917,0
2016-09-20,sh.600388,12.6254396200,12.7755191400,12.4097003100,12.4753601000,12.6160596500,28500318,381440176.0000,2,2.665948,1,-1.115239,0
2016-09-21,sh.600388,12.4753601000,12.5035000100,12.3159006100,12.3815604000,12.4753601000,20377973,268913504.0000,2,1.906176,1,-0.751883,0
2016-09-22,sh.600388,12.4566001600,12.5410198900,12.4003203400,12.4566001600,12.3815604000,20989155,278796400.0000,2,1.963346,1,0.606060,0
2016-09-23,sh.600388,12.4941200400,12.6441995600,12.4284602500,12.4472201900,12.4566001600,22323251,298252288.0000,2,2.088139,1,-0.075296,0
2016-09-26,sh.600388,12.3815604000,12.4003203400,11.9876016600,12.0345015100,12.4472201900,29012633,375738368.0000,2,2.713871,1,-3.315754,0
2016-09-27,sh.600388,12.0345015100,12.0814013600,11.8093822300,12.0532614500,12.0345015100,19956286,254790466.0000,2,1.866731,1,0.155888,0
2016-09-28,sh.600388,12.0438814800,12.0438814800,11.9031819300,11.9500817800,12.0532614500,9729511,124022427.0000,2,0.910108,1,-0.856036,0
2016-09-29,sh.600388,11.9876016600,12.0438814800,11.9407018100,11.9969816300,11.9500817800,9918515,126946800.0000,2,0.927788,1,0.392466,0
2016-09-30,sh.600388,11.9969816300,12.0532614500,11.9407018100,11.9876016600,11.9969816300,8932521,114223558.0000,2,0.835557,1,-0.078188,0
2016-10-10,sh.600388,12.1001613000,12.3440405200,12.0626414200,12.3065206400,11.9876016600,16674552,217610957.0000,2,1.559754,1,2.660408,0
2016-10-11,sh.600388,12.2502408200,12.3252805800,12.2314808800,12.2877607000,12.3065206400,9776546,127960577.0000,2,0.914508,1,-0.152435,0
2016-10-12,sh.600388,12.2408608500,12.3159006100,12.1752010600,12.2596207900,12.2877607000,9789276,127783774.0000,2,0.915699,1,-0.229013,0
2016-10-13,sh.600388,12.2783807300,12.3721804300,12.2596207900,12.2971406700,12.2596207900,12425027,163223395.0000,2,1.162249,1,0.306044,0
2016-10-14,sh.600388,12.2971406700,12.4190802800,12.2408608500,12.3252805800,12.2971406700,13224380,173793982.0000,2,1.237022,1,0.228838,0
2016-10-17,sh.600388,12.3440405200,12.4097003100,11.9125619000,11.9969816300,12.3252805800,19715418,255992601.0000,2,1.844200,1,-2.663625,0
2016-10-18,sh.600388,11.9969816300,12.1658210900,11.9688417200,12.1564411200,11.9969816300,14270248,183699604.0000,2,1.334853,1,1.329164,0
2016-10-19,sh.600388,12.1939610000,12.2314808800,12.1001613000,12.1189212400,12.1564411200,11105642,143953189.0000,2,1.038833,1,-0.308642,0
2016-10-20,sh.600388,12.1376811800,12.5316399200,12.1001613000,12.4003203400,12.1189212400,25204672,331428288.0000,2,2.357670,1,2.321983,0
2016-10-21,sh.600388,12.4284602500,12.4566001600,12.1939610000,12.3252805800,12.4003203400,17798663,233684154.0000,2,1.664905,1,-0.605143,0
2016-10-24,sh.600388,12.3252805800,12.4659801300,12.2877607000,12.4378402200,12.3252805800,17877243,236557189.0000,2,1.672255,1,0.913241,0
2016-10-25,sh.600388,12.4378402200,12.4847400700,12.3159006100,12.3909403700,12.4378402200,14157723,186781917.0000,2,1.324327,1,-0.377075,0
2016-10-26,sh.600388,12.3628004600,12.4097003100,12.2127209400,12.2408608500,12.3909403700,13295524,174067063.0000,2,1.243677,1,-1.211203,0
2016-10-27,sh.600388,12.2690007600,12.3065206400,12.2033409700,12.2596207900,12.2408608500,7427654,96958951.0000,2,0.694790,1,0.153253,0
2016-10-28,sh.600388,12.2596207900,12.3065206400,12.0814013600,12.0814013600,12.2596207900,12820301,166197892.0000,2,1.199224,1,-1.453708,0
2016-10-31,sh.600388,12.1001613000,12.1376811800,11.9969816300,12.0907813300,12.0814013600,8677278,111609048.0000,2,0.811681,1,0.077642,0
2016-11-01,sh.600388,12.0907813300,12.2127209400,12.0626414200,12.1752010600,12.0907813300,9197533,119013937.0000,2,0.860346,1,0.698210,0
2016-11-02,sh.600388,12.1752010600,12.1939610000,12.0063616000,12.0345015100,12.1752010600,9553552,123135218.0000,2,0.893649,1,-1.155621,0
2016-11-03,sh.600388,12.0063616000,12.2596207900,11.9969816300,12.1470611500,12.0345015100,11772545,152527650.0000,2,1.101216,1,0.935307,0
2016-11-04,sh.600388,12.1470611500,12.2596207900,12.1189212400,12.2408608500,12.1470611500,12025513,156137984.0000,2,1.124878,1,0.772204,0
2016-11-07,sh.600388,12.4753601000,12.5972997100,12.3159006100,12.3534204900,12.2408608500,26653502,352938272.0000,2,2.493195,1,0.919539,0
2016-11-08,sh.600388,12.3815604000,12.4284602500,12.2783807300,12.3440405200,12.3534204900,13431067,176651732.0000,2,1.256355,1,-0.075932,0
2016-11-09,sh.600388,12.3628004600,12.3909403700,12.0345015100,12.1658210900,12.3440405200,17346952,226238582.0000,2,1.622651,1,-1.443766,0
2016-11-10,sh.600388,12.2877607000,12.4472201900,12.2408608500,12.3909403700,12.1658210900,19533481,257351274.0000,2,1.827181,1,1.850422,0
2016-11-11,sh.600388,12.4190802800,12.4378402200,12.2783807300,12.4284602500,12.3909403700,20250304,267075324.0000,2,1.894234,1,0.302801,0
2016-11-14,sh.600388,12.4284602500,12.5035000100,12.3440405200,12.4284602500,12.4284602500,18114412,239987184.0000,2,1.694440,1,0.000000,0
2016-11-15,sh.600388,12.4378402200,12.6441995600,12.4003203400,12.6348195900,12.4284602500,25651812,342488832.0000,2,2.399496,1,1.660379,0
2016-11-16,sh.600388,12.6441995600,12.6817194400,12.5035000100,12.5410198900,12.6348195900,19122835,256346428.0000,2,1.788769,1,-0.742393,0
2016-11-17,sh.600388,12.5879197400,12.6160596500,12.4097003100,12.4753601000,12.5410198900,13777334,183257415.0000,2,1.288746,1,-0.523558,0
2016-11-18,sh.600388,12.4847400700,12.5128799800,12.4003203400,12.4284602500,12.4753601000,11046614,146621833.0000,2,1.033311,1,-0.375941,0
2016-11-21,sh.600388,12.4097003100,12.4566001600,12.3628004600,12.4284602500,12.4284602500,12075748,159758474.0000,2,1.129577,1,0.000000,0
2016-11-22,sh.600388,12.4284602500,12.4847400700,12.3909403700,12.4753601000,12.4284602500,12527048,166053864.0000,2,1.171793,1,0.377360,0
2016-11-23,sh.600388,12.4941200400,12.4941200400,12.3065206400,12.3346605500,12.4753601000,15084129,199381949.0000,2,1.410984,1,-1.127824,0
2016-11-24,sh.600388,12.3346605500,12.3815604000,12.2596207900,12.2877607000,12.3346605500,12613094,165740735.0000,2,1.179841,1,-0.380222,0
2016-11-25,sh.600388,12.2877607000,12.4097003100,12.1470611500,12.3815604000,12.2877607000,12607370,164818919.0000,2,1.179306,1,0.763354,0
2016-11-28,sh.600388,12.4284602500,12.4378402200,12.3252805800,12.3815604000,12.3815604000,11890797,156901772.0000,2,1.112277,1,0.000000,0
2016-11-29,sh.600388,12.3815604000,12.4097003100,12.2596207900,12.2971406700,12.3815604000,14765931,194125144.0000,2,1.381220,1,-0.681819,0
2016-11-30,sh.600388,12.2596207900,12.3252805800,12.2033409700,12.2408608500,12.2971406700,11199692,146297543.0000,2,1.047630,1,-0.457662,0
2016-12-01,sh.600388,12.2408608500,12.3159006100,12.2127209400,12.2783807300,12.2408608500,9039895,118192112.0000,2,0.845601,1,0.306513,0
2016-12-02,sh.600388,12.2502408200,12.2877607000,12.0814013600,12.1001613000,12.2783807300,14486552,187807091.0000,2,1.355086,1,-1.451494,0
2016-12-05,sh.600388,12.0532614500,12.2314808800,12.0251215400,12.2127209400,12.1001613000,9759354,126595089.0000,2,0.912900,1,0.930239,0
2016-12-06,sh.600388,12.2690007600,12.2690007600,12.1283012100,12.1470611500,12.2127209400,5884803,76426840.0000,2,0.550470,1,-0.537639,0
2016-12-07,sh.600388,12.1564411200,12.3065206400,12.0907813300,12.3065206400,12.1470611500,10138188,132114737.0000,2,0.948336,1,1.312742,0
2016-12-08,sh.600388,12.2971406700,12.3252805800,12.1752010600,12.1845810300,12.3065206400,7144792,93336077.0000,2,0.668331,1,-0.990855,0
2016-12-09,sh.600388,12.1939610000,12.2877607000,12.1564411200,12.1845810300,12.1845810300,7061344,91963927.0000,2,0.660525,1,0.000000,0
2016-12-12,sh.600388,12.1845810300,12.1939610000,11.6780626500,11.7249625000,12.1845810300,17847724,226057617.0000,2,1.669494,1,-3.772130,0
2016-12-13,sh.600388,11.7249625000,11.7812423200,11.5467430700,11.7062025600,11.7249625000,7855059,97890495.0000,2,0.734770,1,-0.160004,0
2016-12-14,sh.600388,11.7062025600,11.7062025600,11.5279831300,11.5561230400,11.7062025600,8574438,106131600.0000,2,0.802061,1,-1.282050,0
2016-12-15,sh.600388,11.5373631000,11.6780626500,11.5279831300,11.6124028600,11.5561230400,6003745,74266141.0000,2,0.561596,1,0.487016,0
2016-12-16,sh.600388,11.7437224400,11.8844219900,11.6780626500,11.7812423200,11.6124028600,9952169,125134364.0000,2,0.930936,1,1.453960,0
2016-12-19,sh.600388,11.8750420200,11.9594617500,11.7718623500,11.8093822300,11.7812423200,9262887,117002485.0000,2,0.866460,1,0.238851,0
2016-12-20,sh.600388,11.8938019600,11.9500817800,11.7624823800,11.8562820800,11.8093822300,9100260,115012444.0000,2,0.851247,1,0.397142,0
2016-12-21,sh.600388,11.8750420200,11.9500817800,11.8187622000,11.9125619000,11.8562820800,8820241,111678844.0000,2,0.825054,1,0.474679,0
2016-12-22,sh.600388,11.8938019600,11.8938019600,11.7531024100,11.7906222900,11.9125619000,6976176,87806074.0000,2,0.652558,1,-1.023623,0
2016-12-23,sh.600388,11.7624823800,11.8000022600,11.5936429200,11.6124028600,11.7906222900,7486047,93073131.0000,2,0.700252,1,-1.511532,0
2016-12-26,sh.600388,11.6124028600,11.7155825300,11.4904632500,11.6968225900,11.6124028600,8543237,105647232.0000,2,0.799143,1,0.726980,0
2016-12-27,sh.600388,11.6874426200,11.7906222900,11.6311628000,11.6593027100,11.6968225900,6226390,77669650.0000,2,0.582423,1,-0.320769,0
2016-12-28,sh.600388,11.6405427700,11.6780626500,11.5373631000,11.5561230400,11.6593027100,5323047,65822167.0000,2,0.497923,1,-0.884961,0
2016-12-29,sh.600388,11.5655030100,11.6405427700,11.5561230400,11.5748829800,11.5561230400,4192191,51798457.0000,2,0.392142,1,0.162341,0
2016-12-30,sh.600388,11.5748829800,11.6405427700,11.5748829800,11.6030228900,11.5748829800,5057918,62568067.0000,2,0.473123,1,0.243110,0
2017-01-03,sh.600388,11.6499227400,11.7624823800,11.6499227400,11.7249625000,11.6030228900,7461709,93157260.0000,2,0.697976,1,1.050931,0
2017-01-04,sh.600388,11.7718623500,11.8375221400,11.7249625000,11.8375221400,11.7249625000,8171881,102797301.0000,2,0.764406,1,0.959999,0
2017-01-05,sh.600388,11.8093822300,11.8938019600,11.7718623500,11.8187622000,11.8375221400,8477252,106858017.0000,2,0.792971,1,-0.158475,0
2017-01-06,sh.600388,11.9031819300,12.2877607000,11.7718623500,12.0814013600,11.8187622000,30988182,398521696.0000,2,2.898665,1,2.222220,0
2017-01-09,sh.600388,12.0626414200,12.1095412700,11.9313218400,12.0814013600,12.0814013600,12666293,162530573.0000,2,1.184818,1,0.000000,0
2017-01-10,sh.600388,12.0720213900,12.0720213900,11.9031819300,11.9219418700,12.0814013600,9633998,122944218.0000,2,0.901174,1,-1.319876,0
2017-01-11,sh.600388,11.9219418700,12.0345015100,11.8844219900,11.9031819300,11.9219418700,8034357,102294080.0000,2,0.751542,1,-0.157360,0
2017-01-12,sh.600388,11.9313218400,11.9500817800,11.7249625000,11.7437224400,11.9031819300,6449295,81421857.0000,2,0.603273,1,-1.339631,0
2017-01-13,sh.600388,11.7624823800,11.7812423200,11.5561230400,11.5842629500,11.7437224400,8503728,105579870.0000,2,0.795447,1,-1.357828,0
2017-01-16,sh.600388,11.6405427700,11.6968225900,11.0777445700,11.5186031600,11.5842629500,11263175,138235480.0000,2,1.053569,1,-0.566807,0
2017-01-17,sh.600388,11.4341834300,11.5842629500,11.3779036100,11.5655030100,11.5186031600,6570261,80381018.0000,2,0.614589,1,0.407168,0
2017-01-18,sh.600388,11.5373631000,11.5842629500,11.4529433700,11.5373631000,11.5655030100,3950329,48561179.0000,2,0.369518,1,-0.243307,0
2017-01-19,sh.600388,11.5092231900,11.7437224400,11.4717033100,11.6217828300,11.5373631000,6807536,84305805.0000,2,0.636784,1,0.731708,0
2017-01-20,sh.600388,11.5842629500,11.7343424700,11.5373631000,11.6499227400,11.6217828300,6276185,78100541.0000,2,0.587081,1,0.242129,0
2017-01-23,sh.600388,11.6780626500,11.7249625000,11.5842629500,11.6780626500,11.6499227400,5751801,71563229.0000,2,0.538029,1,0.241544,0
2017-01-24,sh.600388,11.6780626500,11.6780626500,11.5373631000,11.6030228900,11.6780626500,6161117,76168760.0000,2,0.576317,1,-0.642570,0
2017-01-25,sh.600388,11.5936429200,11.6405427700,11.5467430700,11.6124028600,11.6030228900,4289319,53039778.0000,2,0.401227,1,0.080843,0
2017-01-26,sh.600388,11.6124028600,11.7155825300,11.6124028600,11.6968225900,11.6124028600,4799305,59816039.0000,2,0.448932,1,0.726980,0
2017-02-03,sh.600388,11.7062025600,11.7155825300,11.5842629500,11.6124028600,11.6968225900,3507355,43444851.0000,2,0.328081,1,-0.721733,0
2017-02-06,sh.600388,11.6124028600,11.8187622000,11.5655030100,11.8093822300,11.6124028600,9311351,116309155.0000,2,0.870993,1,1.696285,0
2017-02-07,sh.600388,11.8187622000,11.8187622000,11.6780626500,11.7437224400,11.8093822300,5743370,71853444.0000,2,0.537241,1,-0.555994,0
2017-02-08,sh.600388,11.7155825300,11.8469021100,11.6405427700,11.8093822300,11.7437224400,8431491,105576631.0000,2,0.788690,1,0.559103,0
2017-02-09,sh.600388,11.8281421700,12.1376811800,11.8093822300,11.9782216900,11.8093822300,21323105,272982176.0000,2,1.994584,1,1.429708,0
2017-02-10,sh.600388,11.9500817800,12.0345015100,11.8656620500,11.8844219900,11.9782216900,10866315,138140500.0000,2,1.016446,1,-0.783088,0
2017-02-13,sh.600388,11.9031819300,11.9876016600,11.8844219900,11.9782216900,11.8844219900,8901375,113366941.0000,2,0.832643,1,0.789269,0
2017-02-14,sh.600388,11.9688417200,12.0157415700,11.9313218400,11.9782216900,11.9782216900,6680014,85264499.0000,2,0.624855,1,0.000000,0
2017-02-15,sh.600388,11.9876016600,12.1283012100,11.9219418700,11.9594617500,11.9782216900,15550202,199529785.0000,2,1.454581,1,-0.156621,0
2017-02-16,sh.600388,11.9219418700,12.2971406700,11.9031819300,12.1564411200,11.9594617500,23119032,298789136.0000,2,2.162577,1,1.647059,0
2017-02-17,sh.600388,12.1283012100,12.1752010600,11.9876016600,12.0251215400,12.1564411200,12954324,166539890.0000,2,1.211760,1,-1.080250,0
2017-02-20,sh.600388,12.0532614500,12.2690007600,12.0532614500,12.1752010600,12.0251215400,12040618,156068852.0000,2,1.126291,1,1.248049,0
2017-02-21,sh.600388,12.2314808800,12.2408608500,12.0814013600,12.1752010600,12.1752010600,13615906,176308965.0000,2,1.273645,1,0.000000,0
2017-02-22,sh.600388,12.1564411200,12.2127209400,12.1001613000,12.1658210900,12.1752010600,10425678,135047915.0000,2,0.975228,1,-0.077036,0
2017-02-23,sh.600388,12.1283012100,12.2221009100,11.9969816300,12.0720213900,12.1658210900,13808683,178187661.0000,2,1.291678,1,-0.771013,0
2017-02-24,sh.600388,12.0157415700,12.1189212400,12.0157415700,12.0907813300,12.0720213900,8524366,109584381.0000,2,0.797378,1,0.155404,0
2017-02-27,sh.600388,12.0532614500,12.6535795300,12.0345015100,12.3815604000,12.0907813300,47896563,635280912.0000,2,4.480292,1,2.404961,0
2017-02-28,sh.600388,12.3909403700,12.4659801300,12.2877607000,12.4097003100,12.3815604000,16954970,223615883.0000,2,1.585985,1,0.227271,0
2017-03-01,sh.600388,12.4378402200,12.5128799800,12.3159006100,12.4097003100,12.4097003100,16158030,213804955.0000,2,1.511438,1,0.000000,0
2017-03-02,sh.600388,12.4472201900,12.4941200400,12.3440405200,12.4284602500,12.4097003100,15392143,203876719.0000,2,1.439796,1,0.151175,0
2017-03-03,sh.600388,12.3440405200,12.4097003100,12.2502408200,12.3346605500,12.4284602500,12724439,167154875.0000,2,1.190257,1,-0.754720,0
2017-03-06,sh.600388,12.4003203400,12.4472201900,12.2502408200,12.3346605500,12.3346605500,21829085,286363840.0000,2,2.041914,1,0.000000,0
2017-03-07,sh.600388,12.3159006100,12.3159006100,12.1939610000,12.2690007600,12.3346605500,15302858,199661165.0000,2,1.431445,1,-0.532317,0
2017-03-08,sh.600388,12.2690007600,12.3065206400,12.1376811800,12.1939610000,12.2690007600,13341334,173591462.0000,2,1.247962,1,-0.611620,0
2017-03-09,sh.600388,12.2033409700,12.2408608500,12.0251215400,12.0626414200,12.1939610000,12310933,158807824.0000,2,1.151577,1,-1.076926,0
2017-03-10,sh.600388,12.0532614500,12.1376811800,12.0251215400,12.0532614500,12.0626414200,7748606,99712465.0000,2,0.724812,1,-0.077755,0
2017-03-13,sh.600388,12.0532614500,12.1470611500,11.9219418700,12.1376811800,12.0532614500,11154494,143248891.0000,2,1.043402,1,0.700383,0
2017-03-14,sh.600388,12.1095412700,12.1752010600,11.9782216900,12.0063616000,12.1376811800,10675577,137454773.0000,2,0.998604,1,-1.081912,0
2017-03-15,sh.600388,11.9969816300,12.3252805800,11.9688417200,12.2408608500,12.0063616000,19906766,258670366.0000,2,1.862099,1,1.953125,0
2017-03-16,sh.600388,12.2408608500,12.2877607000,12.1845810300,12.2596207900,12.2408608500,15810731,206480659.0000,2,1.478951,1,0.153253,0
2017-03-17,sh.600388,12.2596207900,12.2596207900,12.0157415700,12.0438814800,12.2596207900,15106081,195710641.0000,2,1.413038,1,-1.759752,0
2017-03-20,sh.600388,12.0438814800,12.1283012100,11.9876016600,12.1095412700,12.0438814800,7911276,101764499.0000,2,0.740029,1,0.545169,0
2017-03-21,sh.600388,12.1095412700,12.4284602500,12.1001613000,12.4003203400,12.1095412700,29851834,391710512.0000,2,2.792370,1,2.401242,0
2017-03-22,sh.600388,12.3440405200,12.4097003100,12.2127209400,12.3440405200,12.4003203400,16087362,211154837.0000,2,1.504828,1,-0.453861,0
2017-03-23,sh.600388,12.3159006100,12.4941200400,12.2408608500,12.4003203400,12.3440405200,18933733,250162402.0000,2,1.771080,1,0.455930,0
2017-03-24,sh.600388,12.4097003100,12.4472201900,12.3159006100,12.4190802800,12.4003203400,14685447,194028140.0000,2,1.373691,1,0.151282,0
2017-03-27,sh.600388,12.4659801300,12.5410198900,12.2877607000,12.3346605500,12.4190802800,12460760,164832494.0000,2,1.165592,1,-0.679759,0
2017-03-28,sh.600388,12.2783807300,12.3346605500,12.1658210900,12.1752010600,12.3346605500,11993883,156315979.0000,2,1.121920,1,-1.292776,0
2017-03-29,sh.600388,12.1845810300,12.2408608500,12.0907813300,12.1189212400,12.1752010600,10977356,142331503.0000,2,1.026833,1,-0.462245,0
2017-03-30,sh.600388,12.1189212400,12.1564411200,11.9125619000,11.9313218400,12.1189212400,12888390,165370908.0000,2,1.205593,1,-1.547986,0
2017-03-31,sh.600388,11.9407018100,12.0532614500,11.8750420200,11.9782216900,11.9313218400,9251825,118037305.0000,2,0.865425,1,0.393083,0
2017-04-05,sh.600388,11.9782216900,11.9782216900,11.9782216900,11.9782216900,11.9782216900,0,0.0000,2,,0,0.000000,0
2017-04-06,sh.600388,11.9782216900,11.9782216900,11.9782216900,11.9782216900,11.9782216900,0,0.0000,2,,0,0.000000,0
2017-04-07,sh.600388,11.9782216900,11.9782216900,11.9782216900,11.9782216900,11.9782216900,0,0.0000,2,,0,0.000000,0
2017-04-10,sh.600388,11.9782216900,11.9782216900,11.9782216900,11.9782216900,11.9782216900,0,0.0000,2,,0,0.000000,0
2017-04-11,sh.600388,11.9782216900,11.9782216900,11.9782216900,11.9782216900,11.9782216900,0,0.0000,2,,0,0.000000,0
2017-04-12,sh.600388,11.9782216900,11.9782216900,11.9782216900,11.9782216900,11.9782216900,0,0.0000,2,,0,0.000000,0
2017-04-13,sh.600388,11.9782216900,11.9782216900,11.9782216900,11.9782216900,11.9782216900,0,0.0000,2,,0,0.000000,0
2017-04-14,sh.600388,11.9782216900,11.9782216900,11.9782216900,11.9782216900,11.9782216900,0,0.0000,2,,0,0.000000,0
2017-04-17,sh.600388,11.9782216900,11.9782216900,11.9782216900,11.9782216900,11.9782216900,0,0.0000,2,,0,0.000000,0
2017-04-18,sh.600388,11.9782216900,11.9782216900,11.9782216900,11.9782216900,11.9782216900,0,0.0000,2,,0,0.000000,0
2017-04-19,sh.600388,11.9782216900,11.9782216900,11.9782216900,11.9782216900,11.9782216900,0,0.0000,2,,0,0.000000,0
2017-04-20,sh.600388,11.9782216900,11.9782216900,11.9782216900,11.9782216900,11.9782216900,0,0.0000,2,,0,0.000000,0
2017-04-21,sh.600388,11.9782216900,11.9782216900,11.9782216900,11.9782216900,11.9782216900,0,0.0000,2,,0,0.000000,0
2017-04-24,sh.600388,11.9782216900,11.9782216900,11.9782216900,11.9782216900,11.9782216900,0,0.0000,2,,0,0.000000,0
2017-04-25,sh.600388,11.9782216900,11.9782216900,11.9782216900,11.9782216900,11.9782216900,0,0.0000,2,,0,0.000000,0
2017-04-26,sh.600388,13.1788578500,13.1788578500,13.1788578500,13.1788578500,11.9782216900,2988561,41989282.0000,2,0.279553,1,10.023490,0
2017-04-27,sh.600388,14.5014336200,14.5014336200,13.9667753300,14.5014336200,13.1788578500,146079735,2227473104.0000,2,13.664444,1,10.035590,0
2017-04-28,sh.600388,14.2575544000,14.9704321200,14.1356147900,14.3513541000,14.5014336200,108081238,1667257808.0000,2,10.110026,1,-1.034928,0
2017-05-02,sh.600388,14.1168548500,14.2200345200,13.7604159900,14.1356147900,14.3513541000,71382491,1064502896.0000,2,6.677189,1,-1.503271,0
2017-05-03,sh.600388,13.9386354200,14.1074748800,13.6009565000,13.6853762300,14.1356147900,60317118,889385040.0000,2,5.642123,1,-3.185133,0
2017-05-04,sh.600388,13.5540566500,13.9386354200,13.4977768300,13.7135161400,13.6853762300,46161324,676349008.0000,2,4.317976,1,0.205618,0
2017-05-05,sh.600388,13.6103364700,13.6947562000,13.2351376700,13.2726575500,13.7135161400,39238312,563506432.0000,2,3.670391,1,-3.214776,0
2017-05-08,sh.600388,13.1413379700,13.2069977600,12.8786988100,12.9537385700,13.2726575500,36442528,505669728.0000,2,3.408870,1,-2.402821,0
2017-05-09,sh.600388,12.8505589000,13.1413379700,12.7755191400,13.0756781800,12.9537385700,25452645,353345360.0000,2,2.380866,1,0.941341,0
2017-05-10,sh.600388,13.0475382700,13.0850581500,12.3159006100,12.3534204900,13.0756781800,40836216,553851888.0000,2,3.819860,1,-5.523669,0
2017-05-11,sh.600388,12.2033409700,12.5691598000,12.1189212400,12.5222599500,12.3534204900,30095283,396840704.0000,2,2.815143,1,1.366745,0
2017-05-12,sh.600388,12.4284602500,12.6817194400,12.3159006100,12.5410198900,12.5222599500,25880393,345570128.0000,2,2.420878,1,0.149809,0
2017-05-15,sh.600388,12.4847400700,12.7004793800,12.3440405200,12.6254396200,12.5410198900,25828912,345063024.0000,2,2.416062,1,0.673150,0
2017-05-16,sh.600388,12.5503998600,13.1038180900,12.4097003100,13.0569182400,12.6254396200,44289737,607034512.0000,2,4.142906,1,3.417534,0
2017-05-17,sh.600388,13.0381583000,13.6666162900,13.0381583000,13.2445176400,13.0569182400,49805803,711453504.0000,2,4.658884,1,1.436780,0
2017-05-18,sh.600388,13.1038180900,13.9573953600,13.0100183900,13.7135161400,13.2445176400,76072436,1109484096.0000,2,7.115891,1,3.541077,0
2017-05-19,sh.600388,13.6009565000,13.8917355700,13.3570772800,13.6290964100,13.7135161400,30367296,438049888.0000,2,2.840587,1,-0.615596,0
2017-05-22,sh.600388,13.5071568000,13.8260757800,13.2351376700,13.3195574000,13.6290964100,28819556,414726384.0000,2,2.695810,1,-2.271163,0
2017-05-23,sh.600388,13.2538976100,13.4133571000,12.9537385700,13.0569182400,13.3195574000,25512222,357631136.0000,2,2.386439,1,-1.971829,0
2017-05-24,sh.600388,13.0381583000,13.6197164400,12.7848991100,13.5821965600,13.0569182400,35672959,505787520.0000,2,3.336884,1,4.022985,0
2017-05-25,sh.600388,13.5071568000,13.6853762300,13.2726575500,13.5540566500,13.5821965600,30913456,445656848.0000,2,2.891675,1,-0.207180,0
2017-05-26,sh.600388,13.5634366200,13.8635956600,13.5165367700,13.7885559000,13.5540566500,33196351,485083296.0000,2,3.105220,1,1.730104,0
2017-05-31,sh.600388,13.8635956600,14.0042952100,13.5540566500,13.5634366200,13.7885559000,23731548,347508336.0000,2,2.219873,1,-1.632651,0
2017-06-01,sh.600388,13.4696369200,13.5728165900,13.1319580000,13.1507179400,13.5634366200,20268610,289080720.0000,2,1.895946,1,-3.042874,0
2017-06-02,sh.600388,13.2820375200,13.8729756300,13.1413379700,13.7604159900,13.1507179400,41938461,610579744.0000,2,3.922965,1,4.636231,0
2017-06-05,sh.600388,13.6759962600,13.9198754800,13.6197164400,13.7791759300,13.7604159900,26871918,394352176.0000,2,2.513626,1,0.136329,0
2017-06-06,sh.600388,13.7885559000,13.8166958100,13.4696369200,13.5821965600,13.7791759300,19151522,277178640.0000,2,1.791452,1,-1.429544,0
2017-06-07,sh.600388,13.5728165900,13.9104955100,13.4883968600,13.8823556000,13.5821965600,34901487,513004848.0000,2,3.264720,1,2.209949,0
2017-06-08,sh.600388,13.9011155400,14.2012745800,13.7885559000,14.1168548500,13.8823556000,40631729,607427376.0000,2,3.800732,1,1.689189,0
2017-06-09,sh.600388,14.1637547000,14.3044542500,13.8260757800,13.9104955100,14.1168548500,29695757,443307824.0000,2,2.777771,1,-1.461796,0
2017-06-12,sh.600388,13.8166958100,13.8917355700,13.6666162900,13.7510360200,13.9104955100,18362261,269300912.0000,2,1.717624,1,-1.146326,0
2017-06-13,sh.600388,13.7228961100,14.1168548500,13.7228961100,13.9855352700,13.7510360200,22766450,339055072.0000,2,2.129596,1,1.705321,0
2017-06-14,sh.600388,13.9855352700,14.1637547000,13.8542156900,13.8729756300,13.9855352700,18018942,268450832.0000,2,1.685510,1,-0.804828,0
2017-06-15,sh.600388,13.8542156900,13.9761553000,13.7604159900,13.8917355700,13.8729756300,17738694,261920122.0000,2,1.659295,1,0.135230,0
2017-06-16,sh.600388,13.8917355700,13.9386354200,13.5446766800,13.5634366200,13.8917355700,20349670,297847392.0000,2,1.903528,1,-2.363271,0
2017-06-19,sh.600388,13.5259167400,13.6290964100,13.4696369200,13.5165367700,13.5634366200,16072549,232050192.0000,2,1.503442,1,-0.345783,0
2017-06-20,sh.600388,13.5634366200,13.9573953600,13.5634366200,13.8354557500,13.5165367700,23959175,353241376.0000,2,2.241165,1,2.359474,0
2017-06-21,sh.600388,13.8917355700,13.9480153900,13.7510360200,13.8917355700,13.8354557500,12310631,181596779.0000,2,1.151549,1,0.406782,0
2017-06-22,sh.600388,13.9480153900,14.0042952100,13.5259167400,13.5634366200,13.8917355700,16269431,239730035.0000,2,1.521859,1,-2.363271,0
2017-06-23,sh.600388,13.6384763800,13.7322760800,13.4883968600,13.6666162900,13.5634366200,11642425,168903474.0000,2,1.089044,1,0.760717,0
2017-06-26,sh.600388,13.6009565000,14.1168548500,13.6009565000,14.1074748800,13.6666162900,27285526,405572448.0000,2,2.552315,1,3.225808,0
2017-06-27,sh.600388,14.1168548500,14.4920536500,13.9855352700,14.2856943100,14.1074748800,38425578,585401248.0000,2,3.594367,1,1.263295,0
2017-06-28,sh.600388,14.2106545500,14.4357738300,14.0699550000,14.0980949100,14.2856943100,20374846,309098256.0000,2,1.905883,1,-1.313196,0
2017-06-29,sh.600388,14.1262348200,14.5858533500,14.1168548500,14.4639137400,14.0980949100,32843719,504741888.0000,2,3.072234,1,2.594813,0
2017-06-30,sh.600388,14.3982539500,14.6890330200,14.3607340700,14.5670934100,14.4639137400,25835831,400621936.0000,2,2.416709,1,0.713357,0
2017-07-03,sh.600388,14.5764733800,14.6046132900,14.3794940100,14.4076339200,14.5670934100,15172956,233829338.0000,2,1.419293,1,-1.094656,0
2017-07-04,sh.600388,14.4263938600,14.4920536500,14.2200345200,14.4263938600,14.4076339200,13913981,212409732.0000,2,1.301528,1,0.130211,0
2017-07-05,sh.600388,14.3982539500,14.5577134400,14.2856943100,14.5295735300,14.4263938600,14721385,226335319.0000,2,1.377053,1,0.715212,0
2017-07-06,sh.600388,14.5108135900,14.5764733800,14.3607340700,14.5014336200,14.5295735300,14508189,223744246.0000,2,1.357110,1,-0.193672,0
2017-07-07,sh.600388,14.4826736800,14.4826736800,14.2387944600,14.3794940100,14.5014336200,16423492,251541099.0000,2,1.536270,1,-0.840881,0
2017-07-10,sh.600388,14.3138342200,14.3701140400,14.0042952100,14.0980949100,14.3794940100,21542336,324124816.0000,2,2.015092,1,-1.956948,0
2017-07-11,sh.600388,14.0699550000,14.2387944600,14.0042952100,14.0230551500,14.0980949100,10633578,160425925.0000,2,0.994675,1,-0.532268,0
2017-07-12,sh.600388,14.0230551500,14.2950742800,13.9011155400,14.2763143400,14.0230551500,13706836,206301875.0000,2,1.282151,1,1.806023,0
2017-07-13,sh.600388,14.2387944600,14.4076339200,14.1637547000,14.2200345200,14.2763143400,11724386,178457956.0000,2,1.096711,1,-0.394221,0
2017-07-14,sh.600388,14.2200345200,14.2575544000,13.8823556000,13.9011155400,14.2200345200,12412440,185713786.0000,2,1.161072,1,-2.242745,0
2017-07-17,sh.600388,14.0324351200,14.0605750300,13.3007974600,13.3289373700,13.9011155400,24452418,354277088.0000,2,2.287303,1,-4.116057,0
2017-07-18,sh.600388,13.4049969000,13.6236599700,13.3669685400,13.5095748900,13.3289401800,12852216,182351061.0000,2,1.202209,1,1.355204,0
2017-07-19,sh.600388,13.5000678000,13.5951387000,13.3954898100,13.5476032500,13.5095748900,12567983,178147276.0000,2,1.175622,1,0.281492,0
2017-07-20,sh.600388,13.5476032500,13.6141528800,13.3384472700,13.3669685400,13.5476032500,16093775,228205200.0000,2,1.505428,1,-1.333330,0
2017-07-21,sh.600388,13.2528834600,13.6711954200,13.2528834600,13.5380961600,13.3669685400,13640754,194488739.0000,2,1.275970,1,1.280223,0
2017-07-24,sh.600388,13.5476032500,13.7947875900,13.5476032500,13.7187308700,13.5380961600,9682605,139426104.0000,2,0.905720,1,1.334273,0
2017-07-25,sh.600388,13.7567592300,13.8328159500,13.5476032500,13.6426741500,13.7187308700,7924849,113587097.0000,2,0.741298,1,-0.554400,0
2017-07-26,sh.600388,13.6426741500,13.6521812400,13.4430252600,13.4715465300,13.6426741500,8025921,113985285.0000,2,0.750753,1,-1.254357,0
2017-07-27,sh.600388,13.4525323500,13.5571103400,13.3764756300,13.5285890700,13.4715465300,8376422,118730484.0000,2,0.783539,1,0.423426,0
2017-07-28,sh.600388,13.5000678000,13.7187308700,13.4049969000,13.6046457900,13.5285890700,8892206,126834187.0000,2,0.831786,1,0.562199,0
2017-07-31,sh.600388,13.6046457900,13.7187308700,13.4905607100,13.6807025100,13.6046457900,10557298,150981389.0000,2,0.987540,1,0.559049,0
2017-08-01,sh.600388,13.6426741500,13.8613372200,13.5856316100,13.7567592300,13.6807025100,11794452,170736402.0000,2,1.103265,1,0.555941,0
2017-08-02,sh.600388,13.8042946800,14.2226066400,13.7282379600,13.8898584900,13.7567592300,18851878,277720976.0000,2,1.763423,1,0.967515,0
2017-08-03,sh.600388,13.9088726700,14.0229577500,13.7662663200,13.8042946800,13.8898584900,12768948,186452882.0000,2,1.194420,1,-0.616011,0
2017-08-04,sh.600388,13.7852805000,13.9944364800,13.6902096000,13.9373939400,13.8042946800,12739473,185395291.0000,2,1.191663,1,0.964183,0
2017-08-07,sh.600388,13.8898584900,13.9944364800,13.7092237800,13.7662663200,13.9373939400,9291770,135134649.0000,2,0.869161,1,-1.227833,0
2017-08-08,sh.600388,13.7852805000,13.8803514000,13.5666174300,13.6141528800,13.7662663200,10848565,155940223.0000,2,1.014786,1,-1.104971,0
2017-08-09,sh.600388,13.6236599700,13.8138017700,13.6046457900,13.6616883300,13.6141528800,8831879,127376802.0000,2,0.826143,1,0.349163,0
2017-08-10,sh.600388,13.6616883300,13.7662663200,13.3764756300,13.4145039900,13.6616883300,10787690,153296444.0000,2,1.009091,1,-1.809327,0
2017-08-11,sh.600388,13.3384472700,13.4430252600,13.1387983800,13.1863338300,13.4145039900,12242150,171441968.0000,2,1.145143,1,-1.700920,0
2017-08-14,sh.600388,13.1958409200,13.3859827200,13.1958409200,13.3574614500,13.1863338300,8328573,116468801.0000,2,0.779063,1,1.297767,0
2017-08-15,sh.600388,13.3669685400,13.4240110800,13.2718976400,13.3099260000,13.3574614500,5223373,73262830.0000,2,0.488600,1,-0.355873,0
2017-08-16,sh.600388,13.3574614500,13.4525323500,13.2243621900,13.4240110800,13.3099260000,5658000,79549656.0000,2,0.529255,1,0.857142,0
2017-08-17,sh.600388,13.4240110800,13.4620394400,13.3479543600,13.4335181700,13.4240110800,7233310,101965708.0000,2,0.676611,1,0.070823,0
2017-08-18,sh.600388,13.4049969000,13.6426741500,13.3669685400,13.4810536200,13.4335181700,9354558,133252137.0000,2,0.875035,1,0.353858,0
2017-08-21,sh.600388,13.4905607100,13.6236599700,13.4715465300,13.5761245200,13.4810536200,6007897,85709920.0000,2,0.561985,1,0.705215,0
2017-08-22,sh.600388,13.6426741500,13.7187308700,13.5190819800,13.5761245200,13.5761245200,8518900,121921058.0000,2,0.796866,1,0.000000,0
2017-08-23,sh.600388,13.5285890700,14.8120462200,13.5285890700,14.2035924600,13.5761245200,47296298,707319616.0000,2,4.424143,1,4.621848,0
2017-08-24,sh.600388,14.1655641000,14.6409186000,13.9469010300,14.0514790200,14.2035924600,39462893,595149136.0000,2,3.691398,1,-1.070949,0
2017-08-25,sh.600388,13.9564081200,14.3081704500,13.8993655800,14.2606350000,14.0514790200,23306531,345028928.0000,2,2.180116,1,1.488500,0
2017-08-28,sh.600388,14.3176775400,14.5268335200,14.1845782800,14.3461988100,14.2606350000,23220805,351642928.0000,2,2.172097,1,0.600001,0
2017-08-29,sh.600388,14.4222555300,14.4222555300,14.0895073800,14.1750711900,14.3461988100,15414759,230335517.0000,2,1.441912,1,-1.192845,0
2017-08-30,sh.600388,14.2226066400,14.3081704500,14.0800002900,14.2701420900,14.1750711900,11274412,168366509.0000,2,1.054620,1,0.670693,0
2017-08-31,sh.600388,14.2606350000,14.4888051600,14.0800002900,14.4032413500,14.2701420900,14137361,212284287.0000,2,1.322423,1,0.932707,0
2017-09-01,sh.600388,14.4507768000,14.6219044200,14.3557059000,14.5553547900,14.4032413500,23158642,353933744.0000,2,2.166282,1,1.056111,0
2017-09-04,sh.600388,14.5458477000,15.8293048500,14.4888051600,15.6011346900,14.5553547900,66670331,1066014224.0000,2,6.236409,1,7.184842,0
2017-09-05,sh.600388,15.5916276000,15.7817694000,15.3444432600,15.4490212500,15.6011346900,28655071,468039424.0000,2,2.680424,1,-0.975014,0
2017-09-06,sh.600388,15.3539503500,15.6391630500,15.1923298200,15.4014858000,15.4490212500,24669872,398848480.0000,2,2.307644,1,-0.307688,0
2017-09-07,sh.600388,15.3919787100,15.9528970200,15.3159219900,15.4204999800,15.4014858000,36103165,594874080.0000,2,3.377126,1,0.123448,0
2017-09-08,sh.600388,15.4775425200,15.7057126800,15.1638085500,15.3349361700,15.4204999800,21332800,345270096.0000,2,1.995491,1,-0.554871,0
2017-09-11,sh.600388,15.2683865400,15.4870496100,15.1543014600,15.4395141600,15.3349361700,16409548,264734145.0000,2,1.534965,1,0.681963,0
2017-09-12,sh.600388,15.5250779700,15.7817694000,15.2303581800,15.6011346900,15.4395141600,20198800,329464154.0000,2,1.889416,1,1.046798,0
2017-09-13,sh.600388,15.5440921500,16.1335317300,15.4109928900,15.9719112000,15.6011346900,35790787,596071102.0000,2,3.347906,1,2.376596,0
2017-09-14,sh.600388,16.0004324700,16.6374075000,15.8958544800,16.5043082400,15.9719112000,44429890,765232139.0000,2,4.156016,1,3.333342,0
2017-09-15,sh.600388,16.4472657000,16.8845918400,16.0004324700,16.1525459100,16.5043082400,46940961,812326509.0000,2,4.390904,1,-2.131341,0
2017-09-18,sh.600388,16.0574750100,16.3521948000,15.8578261200,16.2856451700,16.1525459100,20164800,342032833.0000,2,1.886235,1,0.824011,0
2017-09-19,sh.600388,16.3521948000,16.7990280300,16.1240246400,16.1430388200,16.2856451700,30273162,525879018.0000,2,2.831782,1,-0.875655,0
2017-09-20,sh.600388,16.0194466500,16.2286026300,15.8768403000,16.1810671800,16.1430388200,18705266,315712295.0000,2,1.749709,1,0.235577,0
2017-09-21,sh.600388,16.1145175500,16.4757869700,15.9433899300,15.9814182900,16.1810671800,15473912,263308698.0000,2,1.447445,1,-1.233848,0
2017-09-22,sh.600388,15.8958544800,15.9338828400,15.5250779700,15.6201488700,15.9814182900,16229150,267934092.0000,2,1.518091,1,-2.260554,0
2017-09-25,sh.600388,15.6391630500,15.8578261200,15.5916276000,15.7057126800,15.6201488700,12411502,205420119.0000,2,1.160984,1,0.547779,0
2017-09-26,sh.600388,15.6296559600,15.9053615700,15.5916276000,15.8673332100,15.7057126800,7838580,129882674.0000,2,0.733229,1,1.029056,0
2017-09-27,sh.600388,15.9243757500,16.3141664400,15.7912764900,16.2286026300,15.8673332100,14396562,243970811.0000,2,1.346669,1,2.276807,0
2017-09-28,sh.600388,16.2761380800,16.3331806200,15.7912764900,15.8293048500,16.2286026300,11360413,192825598.0000,2,1.062664,1,-2.460457,0
2017-09-29,sh.600388,15.8768403000,16.0955033700,15.6201488700,16.0859962800,15.8293048500,13358358,223236073.0000,2,1.249554,1,1.621624,0
2017-10-09,sh.600388,16.1430388200,16.6754358600,16.0859962800,16.5803649600,16.0859962800,21703320,375348138.0000,2,2.030150,1,3.073289,0
2017-10-10,sh.600388,16.6183933200,16.6944500400,16.3331806200,16.5613507800,16.5803649600,9058483,156882922.0000,2,0.847340,1,-0.114682,0
2017-10-11,sh.600388,16.5613507800,16.5613507800,16.0669821000,16.0955033700,16.5613507800,13990691,239172987.0000,2,1.308703,1,-2.812857,0
2017-10-12,sh.600388,16.0669821000,16.1810671800,15.6866985000,15.8293048500,16.0955033700,12544939,209603649.0000,2,1.173466,1,-1.653873,0
2017-10-13,sh.600388,15.8863473900,17.3409321600,15.6486701400,16.9321272900,15.8293048500,43267925,754993073.0000,2,4.047325,1,6.966967,0
2017-10-16,sh.600388,16.9226202000,17.4264959700,16.7895209400,17.1127620000,16.9321272900,43406480,783479694.0000,2,4.060285,1,1.066819,0
2017-10-17,sh.600388,17.0176911000,17.3504392500,16.7134642200,17.1412832700,17.1127620000,21923575,393916286.0000,2,2.050753,1,0.166670,0
2017-10-18,sh.600388,17.1412832700,17.9398788300,17.1222690900,17.2458612600,17.1412832700,33922554,624824671.0000,2,3.173149,1,0.610087,0
2017-10-19,sh.600388,17.2078329000,17.4169888800,16.7324784000,16.9226202000,17.2458612600,17806356,319188536.0000,2,1.665624,1,-1.874312,0
2017-10-20,sh.600388,16.8275493000,17.0652265500,16.6564216800,17.0367052800,16.9226202000,11676942,207055375.0000,2,1.092273,1,0.674162,0
2017-10-23,sh.600388,16.9036060200,17.5786094100,16.8845918400,17.5120597800,17.0367052800,26094626,477310275.0000,2,2.440917,1,2.790179,0
2017-10-24,sh.600388,17.5405810500,17.5786094100,17.1222690900,17.3314250700,17.5120597800,14472765,263020586.0000,2,1.353797,1,-1.031490,0
2017-10-25,sh.600388,17.5215668700,18.0444568200,17.3504392500,17.3694534300,17.3314250700,26136544,486161096.0000,2,2.444838,1,0.219424,0
2017-10-26,sh.600388,17.2553683500,17.2648754400,16.9416343800,17.1127620000,17.3694534300,18625621,334720000.0000,2,1.742259,1,-1.477835,0
2017-10-27,sh.600388,17.0367052800,17.3694534300,16.8275493000,17.0176911000,17.1127620000,16966334,304627984.0000,2,1.587048,1,-0.555558,0
2017-10-30,sh.600388,16.9986769200,17.1888187200,16.2095884500,16.6374075000,17.0176911000,16713144,293795416.0000,2,1.563364,1,-2.234635,0
2017-10-31,sh.600388,16.5423366000,16.9986769200,16.5328295100,16.8845918400,16.6374075000,14529138,256383555.0000,2,1.359070,1,1.485716,0
2017-11-01,sh.600388,16.8275493000,16.8275493000,16.2095884500,16.3997302500,16.8845918400,19452386,337228989.0000,2,1.819596,1,-2.871623,0
2017-11-02,sh.600388,16.3807160700,16.3807160700,15.9814182900,16.1050104600,16.3997302500,14164951,240591536.0000,2,1.325004,1,-1.797098,0
2017-11-03,sh.600388,16.0669821000,16.2666309900,15.6962055900,15.8578261200,16.1050104600,15124586,253747403.0000,2,1.414769,1,-1.534830,0
2017-11-06,sh.600388,15.8768403000,16.3046593500,15.8768403000,16.1810671800,15.8578261200,13066556,222099446.0000,2,1.222259,1,2.038370,0
2017-11-07,sh.600388,16.1905742700,16.4757869700,16.0669821000,16.4092373400,16.1810671800,13010898,223109230.0000,2,1.217052,1,1.410104,0
2017-11-08,sh.600388,16.3236735300,16.4377586100,16.2000813600,16.2476168100,16.4092373400,9977011,170905221.0000,2,0.933260,1,-0.984937,0
2017-11-09,sh.600388,16.2286026300,16.2476168100,15.8768403000,15.9624041100,16.2476168100,16533172,278407111.0000,2,1.546529,1,-1.755408,0
2017-11-10,sh.600388,15.8388119400,16.2095884500,15.8388119400,16.2000813600,15.9624041100,10559208,178530999.0000,2,0.987719,1,1.488981,0
2017-11-13,sh.600388,16.2095884500,16.3141664400,15.9528970200,16.0384608300,16.2000813600,15848000,267629409.0000,2,1.482438,1,-0.997653,0
2017-11-14,sh.600388,16.0289537400,16.6279004100,16.0194466500,16.6183933200,16.0384608300,25666085,443441276.0000,2,2.400831,1,3.615878,0
2017-11-15,sh.600388,16.5613507800,16.8180422100,16.3807160700,16.4282515200,16.6183933200,17196512,299438914.0000,2,1.608579,1,-1.144158,0
2017-11-16,sh.600388,16.3712089800,16.7800138500,16.0669821000,16.7134642200,16.4282515200,15631043,270283126.0000,2,1.462143,1,1.736107,0
2017-11-17,sh.600388,16.7039571300,16.8085351200,15.0592305600,15.3824716200,16.7134642200,32007170,536412315.0000,2,2.993983,1,-7.963593,0
2017-11-20,sh.600388,15.3444432600,15.3539503500,14.6409186000,15.1543014600,15.3824716200,24522743,385954353.0000,2,2.293882,1,-1.483317,0
2017-11-21,sh.600388,15.0687376500,15.4585283400,14.9261313000,15.1733156400,15.1543014600,15993712,255340365.0000,2,1.496068,1,0.125473,0
2017-11-22,sh.600388,15.1733156400,15.2778936300,14.9261313000,15.0212022000,15.1733156400,15250303,242024861.0000,2,1.426529,1,-1.002505,0
2017-11-23,sh.600388,15.2113440000,15.7627552200,15.1162731000,15.1923298200,15.0212022000,21145171,343552273.0000,2,1.977940,1,1.139236,0
2017-11-24,sh.600388,15.1162731000,15.6296559600,15.1162731000,15.3729645300,15.1923298200,12252541,199204117.0000,2,1.146115,1,1.188990,0
2017-11-27,sh.600388,15.2588794500,15.4680354300,14.8310604000,14.8500745800,15.3729645300,13064533,206970053.0000,2,1.222069,1,-3.401362,0
2017-11-28,sh.600388,14.8595816700,15.1067660100,14.8595816700,15.0116951100,14.8500745800,7447752,117482688.0000,2,0.696670,1,1.088349,0
2017-11-29,sh.600388,15.1162731000,15.2493723600,14.7454965900,14.9831738400,15.0116951100,11871042,186952233.0000,2,1.110429,1,-0.189992,0
2017-11-30,sh.600388,14.9071171200,15.0021880200,14.7740178600,14.9736667500,14.9831738400,7490515,117413535.0000,2,0.700670,1,-0.063453,0
2017-12-01,sh.600388,14.9166242100,15.2588794500,14.8785958500,15.2493723600,14.9736667500,8994891,143462688.0000,2,0.841391,1,1.841276,0
2017-12-04,sh.600388,15.2113440000,15.2113440000,14.8785958500,14.9736667500,15.2493723600,8212621,129817682.0000,2,0.768217,1,-1.807986,0
2017-12-05,sh.600388,14.9451454800,15.1067660100,14.7359895000,14.8120462200,14.9736667500,8631403,134874827.0000,2,0.807390,1,-1.079365,0
2017-12-06,sh.600388,14.7835249500,14.8785958500,14.0134506600,14.5458477000,14.8120462200,20527860,310830006.0000,2,1.920196,1,-1.797174,0
2017-12-07,sh.600388,14.4032413500,14.5743689700,14.4032413500,14.4412697100,14.5458477000,6938179,105816780.0000,2,0.649004,1,-0.718958,0
2017-12-08,sh.600388,14.3081704500,14.7930320400,14.2035924600,14.5743689700,14.4412697100,11817852,180615860.0000,2,1.105454,1,0.921661,0
2017-12-11,sh.600388,14.5933831500,14.7740178600,14.5268335200,14.6884540500,14.5743689700,10983864,169204778.0000,2,1.027442,1,0.782778,0
2017-12-12,sh.600388,14.6504256900,14.7264824100,14.5553547900,14.5648618800,14.6884540500,6972061,107470210.0000,2,0.652174,1,-0.841425,0
2017-12-13,sh.600388,14.5553547900,14.9546525700,14.4983122500,14.9261313000,14.5648618800,13642221,212821361.0000,2,1.276107,1,2.480419,0
2017-12-14,sh.600388,14.8881029400,15.2113440000,14.8595816700,15.2018369100,14.9261313000,12231763,194580163.0000,2,1.144171,1,1.847134,0
2017-12-15,sh.600388,15.1923298200,15.2018369100,14.9546525700,15.1257801900,15.2018369100,7452066,118285082.0000,2,0.697074,1,-0.500312,0
2017-12-18,sh.600388,15.1162731000,15.5345850600,15.0497234700,15.3444432600,15.1257801900,14210061,229622481.0000,2,1.329223,1,1.445629,0
2017-12-19,sh.600388,15.3064149000,15.9624041100,15.3064149000,15.7627552200,15.3444432600,21884203,361420297.0000,2,2.047070,1,2.726150,0
2017-12-20,sh.600388,15.7437410400,15.9719112000,15.4585283400,15.5631063300,15.7627552200,15769591,260574577.0000,2,1.475103,1,-1.266581,0
2017-12-21,sh.600388,15.6391630500,16.1145175500,15.6391630500,16.0194466500,15.5631063300,22812129,383340669.0000,2,2.133869,1,2.932190,0
2017-12-22,sh.600388,15.9433899300,16.2381097200,15.8958544800,16.0479679200,16.0194466500,11669643,197308842.0000,2,1.091590,1,0.178034,0
2017-12-25,sh.600388,16.0384608300,16.1430388200,15.4775425200,15.5726134200,16.0479679200,15704168,260077288.0000,2,1.468983,1,-2.962085,0
2017-12-26,sh.600388,15.6771914100,16.4852940600,15.6201488700,16.3712089800,15.5726134200,26201521,445648393.0000,2,2.450916,1,5.128206,0
2017-12-27,sh.600388,16.3712089800,16.6754358600,16.2000813600,16.2666309900,16.3712089800,22451491,387255021.0000,2,2.100135,1,-0.638785,0
2017-12-28,sh.600388,16.2571239000,16.6944500400,16.1715600900,16.3236735300,16.2666309900,20441795,355255500.0000,2,1.912146,1,0.350669,0
2017-12-29,sh.600388,16.3141664400,16.4948011500,16.1715600900,16.4472657000,16.3236735300,14476951,248485696.0000,2,1.354188,1,0.757130,0
2018-01-02,sh.600388,16.4567727900,16.8845918400,16.1145175500,16.2761380800,16.4472657000,25314618,438326961.0000,2,2.367955,1,-1.040453,0
2018-01-03,sh.600388,16.1810671800,16.6849429500,16.1430388200,16.6659287700,16.2761380800,21758075,376371813.0000,2,2.035272,1,2.394859,0
2018-01-04,sh.600388,16.5803649600,16.6374075000,16.3046593500,16.4662798800,16.6659287700,14785750,255853912.0000,2,1.383074,1,-1.197952,0
2018-01-05,sh.600388,16.3521948000,16.4472657000,16.0669821000,16.0859962800,16.4662798800,17905152,304598278.0000,2,1.674866,1,-2.309467,0
2018-01-08,sh.600388,16.0479679200,16.0479679200,15.6201488700,15.8102906700,16.0859962800,21199072,351476983.0000,2,1.982982,1,-1.713953,0
2018-01-09,sh.600388,15.8768403000,15.9243757500,15.6771914100,15.8958544800,15.8102906700,13770009,228895000.0000,2,1.288060,1,0.541192,0
2018-01-10,sh.600388,15.7627552200,15.8673332100,15.2588794500,15.3824716200,15.8958544800,21321552,346592076.0000,2,1.994439,1,-3.229659,0
2018-01-11,sh.600388,15.4585283400,15.5821205100,15.3254290800,15.5726134200,15.3824716200,8581253,139492874.0000,2,0.802699,1,1.236087,0
2018-01-12,sh.600388,15.4775425200,15.6296559600,15.3634574400,15.4870496100,15.5726134200,12375306,201190097.0000,2,1.157598,1,-0.549440,0
2018-01-15,sh.600388,15.4204999800,15.4870496100,14.9356383900,15.0877518300,15.4870496100,16791616,266705416.0000,2,1.570704,1,-2.578275,0
2018-01-16,sh.600388,15.0782447400,15.3349361700,14.9356383900,15.1733156400,15.0877518300,13284151,211529794.0000,2,1.242613,1,0.567109,0
2018-01-17,sh.600388,15.2113440000,15.4775425200,14.8690887600,15.3349361700,15.1733156400,16592651,264992056.0000,2,1.552093,1,1.065157,0
2018-01-18,sh.600388,15.2303581800,15.4490212500,15.1543014600,15.2398652700,15.3349361700,8385007,134322432.0000,2,0.784342,1,-0.619953,0
2018-01-19,sh.600388,15.2303581800,15.2778936300,14.9736667500,15.0592305600,15.2398652700,9431382,149946517.0000,2,0.882221,1,-1.185281,0
2018-01-22,sh.600388,15.0307092900,15.6201488700,15.0307092900,15.6011346900,15.0592305600,18533578,301686249.0000,2,1.733649,1,3.598483,0
2018-01-23,sh.600388,15.6391630500,15.6391630500,15.4585283400,15.5726134200,15.6011346900,8714748,142455145.0000,2,0.815186,1,-0.182819,0
2018-01-24,sh.600388,15.1638085500,15.1638085500,14.1750711900,14.7359895000,15.5726134200,52133675,799381820.0000,2,4.876636,1,-5.372401,0
2018-01-25,sh.600388,14.6694398700,14.8976100300,14.4697909800,14.6314115100,14.7359895000,13643259,211383067.0000,2,1.276204,1,-0.709675,0
2018-01-26,sh.600388,14.7835249500,14.7835249500,14.6028902400,14.6884540500,14.6314115100,7704167,118980954.0000,2,0.720655,1,0.389860,0
2018-01-29,sh.600388,14.7359895000,14.8120462200,14.4412697100,14.4697909800,14.6884540500,8049254,123324525.0000,2,0.752935,1,-1.488670,0
2018-01-30,sh.600388,14.4412697100,14.5838760600,14.3747200800,14.4888051600,14.4697909800,6377459,97134715.0000,2,0.596554,1,0.131403,0
2018-01-31,sh.600388,14.3366917200,14.3366917200,13.4049969000,13.5190819800,14.4888051600,26902344,390353366.0000,2,2.516472,1,-6.692910,0
2018-02-01,sh.600388,13.5190819800,13.7092237800,12.8630927700,13.0817558400,13.5190819800,20092603,278334795.0000,2,1.879482,1,-3.234881,0
2018-02-02,sh.600388,13.0342203900,13.3384472700,12.5968942500,13.1958409200,13.0817558400,12045455,164632200.0000,2,1.126744,1,0.872092,0
2018-02-05,sh.600388,13.0722487500,13.5000678000,12.9676707600,13.3669685400,13.1958409200,8899371,125240926.0000,2,0.832456,1,1.296832,0
2018-02-06,sh.600388,13.0627416600,13.3479543600,12.7490076900,13.0912629300,13.3669685400,13560929,185622282.0000,2,1.268503,1,-2.062588,0
2018-02-07,sh.600388,13.3194330900,13.4335181700,12.8535856800,13.3004189100,13.0912629300,11258027,156884661.0000,2,1.053087,1,1.597671,0
2018-02-08,sh.600388,13.2623905500,13.7092237800,13.2623905500,13.6997166900,13.3004189100,10753575,153041267.0000,2,1.005900,1,3.002145,0
2018-02-09,sh.600388,13.4049969000,13.6997166900,13.0247133000,13.2243621900,13.6997166900,9870232,137873844.0000,2,0.923271,1,-3.469812,0
2018-02-12,sh.600388,13.2718976400,13.7852805000,13.2718976400,13.7282379600,13.2243621900,9608669,137091717.0000,2,0.898804,1,3.810206,0
2018-02-13,sh.600388,13.7852805000,13.8518301300,13.5095748900,13.5856316100,13.7282379600,10763582,154637263.0000,2,1.006836,1,-1.038779,0
2018-02-14,sh.600388,13.5476032500,13.5951387000,13.4335181700,13.5285890700,13.5856316100,3512421,49882051.0000,2,0.328555,1,-0.419877,0
2018-02-22,sh.600388,13.6236599700,13.7662663200,13.5380961600,13.7092237800,13.5285890700,5706021,81937270.0000,2,0.533747,1,1.335211,0
2018-02-23,sh.600388,13.6902096000,13.9659152100,13.6616883300,13.7377450500,13.7092237800,7170498,104089775.0000,2,0.670736,1,0.208042,0
2018-02-26,sh.600388,13.8042946800,14.1655641000,13.7377450500,14.0990144700,13.7377450500,11516223,169328462.0000,2,1.077239,1,2.629759,0
2018-02-27,sh.600388,14.1085215600,14.3842271700,13.9278868500,14.2606350000,14.0990144700,15664024,233227184.0000,2,1.465228,1,1.146326,0
2018-02-28,sh.600388,14.1655641000,14.6979611400,14.0800002900,14.6504256900,14.2606350000,16836847,257025923.0000,2,1.574935,1,2.733332,0
2018-03-01,sh.600388,14.5838760600,14.7550036800,14.4507768000,14.6219044200,14.6504256900,9373527,143741771.0000,2,0.876809,1,-0.194677,0
2018-03-02,sh.600388,14.5268335200,14.7835249500,14.4032413500,14.4317626200,14.6219044200,11419521,175311872.0000,2,1.068193,1,-1.300389,0
2018-03-05,sh.600388,14.4983122500,14.5458477000,14.1370428300,14.3271846300,14.4317626200,9342946,140382067.0000,2,0.873948,1,-0.724642,0
2018-03-06,sh.600388,14.3366917200,14.3842271700,14.1655641000,14.3557059000,14.3271846300,9298777,139459926.0000,2,0.869817,1,0.199075,0
2018-03-07,sh.600388,14.3176775400,14.3557059000,14.0800002900,14.0990144700,14.3557059000,7416954,110829063.0000,2,0.693789,1,-1.788082,0
2018-03-08,sh.600388,14.1180286500,14.3747200800,14.0895073800,14.3461988100,14.0990144700,8656939,129722799.0000,2,0.809779,1,1.753204,0
2018-03-09,sh.600388,14.3461988100,14.4222555300,14.1940853700,14.3461988100,14.3461988100,8511200,128015778.0000,2,0.796146,1,0.000000,0
2018-03-12,sh.600388,14.4127484400,14.6409186000,14.3652129900,14.5363406100,14.3461988100,10755608,164272232.0000,2,1.006090,1,1.325380,0
2018-03-13,sh.600388,14.5648618800,14.6789469600,14.2130995500,14.2511279100,14.5363406100,10005272,151931979.0000,2,0.935903,1,-1.962068,0
2018-03-14,sh.600388,14.2130995500,14.3271846300,14.0229577500,14.0800002900,14.2511279100,7486165,111552275.0000,2,0.700263,1,-1.200796,0
2018-03-15,sh.600388,14.0514790200,14.1750711900,13.6711954200,13.8233088600,14.0800002900,9064225,132523195.0000,2,0.847877,1,-1.823096,0
2018-03-16,sh.600388,13.8233088600,13.8993655800,13.7092237800,13.7282379600,13.8233088600,5326450,77404932.0000,2,0.498241,1,-0.687760,0
2018-03-19,sh.600388,13.7567592300,14.1465499200,13.7567592300,13.8803514000,13.7282379600,6761340,99624934.0000,2,0.632462,1,1.108039,0
2018-03-20,sh.600388,13.7757734100,13.8613372200,13.6902096000,13.8042946800,13.8803514000,5473748,79185749.0000,2,0.512020,1,-0.547945,0
2018-03-21,sh.600388,13.8518301300,13.9659152100,13.7377450500,13.7377450500,13.8042946800,5291521,77074253.0000,2,0.494974,1,-0.482098,0
2018-03-22,sh.600388,13.6902096000,13.8423230400,13.6902096000,13.8042946800,13.7377450500,5528795,80178952.0000,2,0.517169,1,0.484434,0
2018-03-23,sh.600388,13.6236599700,13.6426741500,12.9296424000,13.2338692800,13.8042946800,13630948,190924817.0000,2,1.275052,1,-4.132234,0
2018-03-26,sh.600388,13.0247133000,13.3764756300,12.8155573200,13.3669685400,13.2338692800,7278246,101098744.0000,2,0.680814,1,1.005750,0
2018-03-27,sh.600388,13.5000678000,13.6902096000,13.4810536200,13.5951387000,13.3669685400,6414534,91708892.0000,2,0.600022,1,1.706968,0
2018-03-28,sh.600388,13.5761245200,13.9088726700,13.4430252600,13.7662663200,13.5951387000,10115325,146003381.0000,2,0.946198,1,1.258737,0
2018-03-29,sh.600388,13.8803514000,13.8803514000,13.6236599700,13.7852805000,13.7662663200,5352805,77285247.0000,2,0.500707,1,0.138125,0
2018-03-30,sh.600388,13.7662663200,13.8803514000,13.7377450500,13.8613372200,13.7852805000,5573534,81025054.0000,2,0.521354,1,0.551724,0
2018-04-02,sh.600388,13.8613372200,13.9944364800,13.5951387000,13.9754223000,13.8613372200,7979072,116384367.0000,2,0.746370,1,0.823044,0
2018-04-03,sh.600388,13.8328159500,14.0134506600,13.6902096000,13.7567592300,13.9754223000,6880870,99979953.0000,2,0.643643,1,-1.564623,0
2018-04-04,sh.600388,13.7852805000,13.8708443100,13.6711954200,13.6807025100,13.7567592300,5120537,74148989.0000,2,0.478980,1,-0.552867,0
2018-04-09,sh.600388,13.5951387000,13.6426741500,13.3954898100,13.4715465300,13.6807025100,5871558,83215170.0000,2,0.549231,1,-1.528841,0
2018-04-10,sh.600388,13.4145039900,13.6521812400,13.4049969000,13.6331670600,13.4715465300,5343037,75944293.0000,2,0.499793,1,1.199718,0
2018-04-11,sh.600388,13.6521812400,13.7187308700,13.5571103400,13.5761245200,13.6331670600,4724699,67727600.0000,2,0.441953,1,-0.418413,0
2018-04-12,sh.600388,13.5761245200,13.8138017700,13.5476032500,13.6426741500,13.5761245200,5427294,78261858.0000,2,0.507674,1,0.490201,0
2018-04-13,sh.600388,13.7757734100,13.8518301300,13.6997166900,13.8138017700,13.6426741500,6982524,101240332.0000,2,0.653152,1,1.254351,0
2018-04-16,sh.600388,13.8138017700,13.8518301300,13.6902096000,13.7282379600,13.8138017700,5117002,74002925.0000,2,0.478649,1,-0.619409,0
2018-04-17,sh.600388,13.7757734100,13.7757734100,13.4240110800,13.4240110800,13.7282379600,5191853,73945906.0000,2,0.485651,1,-2.216064,0
2018-04-18,sh.600388,13.5285890700,13.5951387000,13.1958409200,13.5571103400,13.4240110800,6495191,91346552.0000,2,0.607567,1,0.991504,0
2018-04-19,sh.600388,13.5666174300,13.8803514000,13.4715465300,13.7282379600,13.5571103400,6506602,93784811.0000,2,0.608634,1,1.262267,0
2018-04-20,sh.600388,13.6902096000,13.7852805000,13.3764756300,13.4620394400,13.7282379600,4880447,69644382.0000,2,0.456522,1,-1.939056,0
2018-04-23,sh.600388,13.5000678000,13.6807025100,13.2623905500,13.3479543600,13.4620394400,4884466,69190143.0000,2,0.456898,1,-0.847457,0
2018-04-24,sh.600388,13.4240110800,13.6997166900,13.4240110800,13.6236599700,13.3479543600,5491947,78533670.0000,2,0.513722,1,2.065527,0
2018-04-25,sh.600388,13.5190819800,13.7757734100,13.5190819800,13.7187308700,13.6236599700,7265200,104378911.0000,2,0.679594,1,0.697839,0
2018-04-26,sh.600388,13.6141528800,13.7662663200,13.4620394400,13.4810536200,13.7187308700,4106180,58830202.0000,2,0.384096,1,-1.732502,0
2018-04-27,sh.600388,13.5285890700,13.6236599700,13.2623905500,13.3574614500,13.4810536200,7972536,112450591.0000,2,0.745759,1,-0.916785,0
2018-05-02,sh.600388,13.4335181700,13.8233088600,13.4145039900,13.7472521400,13.3574614500,13821550,198507458.0000,2,1.292882,1,2.918149,0
2018-05-03,sh.600388,13.6711954200,14.0895073800,13.6711954200,14.0134506600,13.7472521400,13735322,200977959.0000,2,1.284816,1,1.936374,0
2018-05-04,sh.600388,14.0134506600,14.3652129900,14.0039435700,14.0990144700,14.0134506600,13100753,195549310.0000,2,1.225457,1,0.610584,0
2018-05-07,sh.600388,14.1465499200,14.4792980700,14.1465499200,14.3366917200,14.0990144700,11397699,171994286.0000,2,1.066152,1,1.685772,0
2018-05-08,sh.600388,14.3937342600,14.4792980700,14.2130995500,14.2606350000,14.3366917200,9795347,147630878.0000,2,0.916266,1,-0.530504,0
2018-05-09,sh.600388,14.1940853700,14.4222555300,14.1940853700,14.3747200800,14.2606350000,10787751,162558484.0000,2,1.009097,1,0.799999,0
2018-05-10,sh.600388,14.3747200800,14.5458477000,14.0419719300,14.1560570100,14.3747200800,10483521,156818401.0000,2,0.980639,1,-1.521161,0
2018-05-11,sh.600388,14.2606350000,14.2986633600,14.0229577500,14.0990144700,14.1560570100,8751259,129999604.0000,2,0.818601,1,-0.402958,0
2018-05-14,sh.600388,14.0039435700,14.2321137300,13.9754223000,14.1275357400,14.0990144700,8516787,126538672.0000,2,0.796669,1,0.202291,0
2018-05-15,sh.600388,14.1560570100,14.2321137300,14.0229577500,14.2130995500,14.1275357400,5396166,80242448.0000,2,0.504763,1,0.605654,0
2018-05-16,sh.600388,14.2226066400,14.8785958500,14.2226066400,14.7454965900,14.2130995500,29153280,448502462.0000,2,2.727027,1,3.745822,0
2018-05-17,sh.600388,14.7264824100,14.8025391300,14.5458477000,14.6409186000,14.7454965900,14781888,227918639.0000,2,1.382713,1,-0.709224,0
2018-05-18,sh.600388,14.5553547900,14.7359895000,14.5268335200,14.6314115100,14.6409186000,15282224,234989052.0000,2,1.429514,1,-0.064930,0
2018-05-21,sh.600388,15.0402163800,15.1638085500,14.3557059000,14.4697909800,14.6314115100,35700832,554033927.0000,2,3.339491,1,-1.104614,0
2018-05-22,sh.600388,14.3557059000,14.3652129900,13.9183797600,14.0895073800,14.4697909800,28158456,416442491.0000,2,2.633970,1,-2.628125,0
2018-05-23,sh.600388,13.9754223000,14.0419719300,13.7282379600,13.7377450500,14.0895073800,12945475,188528456.0000,2,1.210933,1,-2.496625,0
2018-05-24,sh.600388,13.7852805000,13.8042946800,13.4240110800,13.5285890700,13.7377450500,10016744,142968618.0000,2,0.936976,1,-1.522493,0
2018-05-25,sh.600388,13.4715465300,13.6236599700,13.3764756300,13.6236599700,13.5285890700,7656470,108830162.0000,2,0.716194,1,0.702743,0
2018-05-28,sh.600388,13.5856316100,13.6236599700,13.4049969000,13.4240110800,13.6236599700,5734042,81328375.0000,2,0.536368,1,-1.465457,0
2018-05-29,sh.600388,13.4240110800,13.5380961600,13.3289401800,13.3574614500,13.4240110800,6591173,93094734.0000,2,0.616545,1,-0.495748,0
2018-05-30,sh.600388,13.1768267400,13.4049969000,13.0152062100,13.3764756300,13.3574614500,10347104,142951723.0000,2,0.967878,1,0.142345,0
2018-05-31,sh.600388,13.3384472700,13.4049969000,13.1578125600,13.3669685400,13.3764756300,6811608,95331897.0000,2,0.637165,1,-0.071068,0
2018-06-01,sh.600388,13.3099260000,13.3954898100,13.2148551000,13.3859827200,13.3669685400,6172936,86362760.0000,2,0.577423,1,0.142244,0
2018-06-04,sh.600388,13.3574614500,13.4620394400,13.3384472700,13.4049969000,13.3859827200,4728351,66656625.0000,2,0.442295,1,0.142049,0
2018-06-05,sh.600388,13.4240110800,13.4905607100,13.3764756300,13.4715465300,13.4049969000,5073366,71691974.0000,2,0.474568,1,0.496452,0
2018-06-06,sh.600388,13.4905607100,13.4905607100,13.3764756300,13.3954898100,13.4715465300,3934088,55540433.0000,2,0.367999,1,-0.564573,0
2018-06-07,sh.600388,13.4335181700,13.6331670600,13.3669685400,13.3859827200,13.3954898100,7522861,106799030.0000,2,0.703696,1,-0.070974,0
2018-06-08,sh.600388,13.3859827200,13.4049969000,12.8345715000,13.3764756300,13.3859827200,17072822,235447242.0000,2,1.597009,1,-0.071024,0
2018-06-11,sh.600388,13.3099260000,13.3099260000,13.1007700200,13.1007700200,13.3764756300,7915250,109539891.0000,2,0.740400,1,-2.061123,0
2018-06-12,sh.600388,13.1007700200,13.3004189100,13.0056991200,13.2243621900,13.1007700200,6960991,96516990.0000,2,0.651138,1,0.943397,0
2018-06-13,sh.600388,13.1578125600,13.1863338300,13.0056991200,13.0532345700,13.2243621900,5591173,76867017.0000,2,0.523004,1,-1.294035,0
2018-06-14,sh.600388,13.0437274800,13.1197842000,12.7870360500,12.7965431400,13.0532345700,7015439,95283537.0000,2,0.656231,1,-1.966493,0
2018-06-15,sh.600388,12.7395006000,12.8535856800,11.8933695900,12.8155573200,12.7965431400,21757830,284156082.0000,2,2.035249,1,0.148585,0
2018-06-19,sh.600388,12.3782311800,12.5968942500,11.5986498000,12.5398517100,12.8155573200,15237621,196069549.0000,2,1.425342,1,-2.151335,0
2018-06-20,sh.600388,12.2831602800,12.6349226100,12.0740043000,12.5778800700,12.5398517100,12110742,157398124.0000,2,1.132851,1,0.303260,0
2018-06-21,sh.600388,12.4352737200,12.5398517100,12.2261177400,12.2831602800,12.5778800700,7997750,103889832.0000,2,0.748117,1,-2.343155,0
2018-06-22,sh.600388,12.2641461000,12.4067524500,12.0835113900,12.3021744600,12.2831602800,4276250,55332120.0000,2,0.400005,1,0.154795,0
2018-06-25,sh.600388,12.4162595400,12.5208375300,12.2261177400,12.3021744600,12.3021744600,3843984,49933489.0000,2,0.359570,1,0.000000,0
2018-06-26,sh.600388,12.2071035600,12.3402028200,12.0930184800,12.3021744600,12.3021744600,3615700,46492554.0000,2,0.338216,1,0.000000,0
2018-06-27,sh.600388,12.2736531900,12.3592170000,12.1025255700,12.3021744600,12.3021744600,5092768,65456271.0000,2,0.476383,1,0.000000,0
2018-06-28,sh.600388,12.1880893800,12.2926673700,12.0644972100,12.2071035600,12.3021744600,6978865,89195691.0000,2,0.652810,1,-0.772793,0
2018-06-29,sh.600388,12.1684364400,12.4293957600,12.1007803200,12.3520744800,12.2070970800,4749747,60291067.0000,2,0.444296,1,1.187645,0
2018-07-02,sh.600388,12.3714048000,12.4197306000,12.1104454800,12.2070970800,12.3520744800,4023449,50925249.0000,2,0.376357,1,-1.173706,0
2018-07-03,sh.600388,12.1974319200,12.3327441600,12.0427893600,12.2650880400,12.2070970800,3434649,43315094.0000,2,0.321280,1,0.475055,0
2018-07-04,sh.600388,12.4004002800,12.7386808800,12.4004002800,12.4583912400,12.2650880400,9132447,118464251.0000,2,0.854258,1,1.576050,0
2018-07-05,sh.600388,12.4197306000,12.4197306000,12.1587712800,12.1684364400,12.4583912400,5212232,66024650.0000,2,0.487557,1,-2.327387,0
2018-07-06,sh.600388,12.1104454800,12.2360925600,12.0137938800,12.1587712800,12.1684364400,8810972,110446418.0000,2,0.824187,1,-0.079430,0
2018-07-09,sh.600388,12.1781016000,12.2844183600,12.1297758000,12.2844183600,12.1587712800,7922000,100230429.0000,2,0.741032,1,1.033387,0
2018-07-10,sh.600388,12.2264274000,12.3037486800,12.1877667600,12.2747532000,12.2844183600,4143901,52492011.0000,2,0.387625,1,-0.078680,0
2018-07-11,sh.600388,12.1297758000,12.1974319200,12.0137938800,12.1394409600,12.2747532000,5624060,70218225.0000,2,0.526080,1,-1.102358,0
2018-07-12,sh.600388,12.0331242000,12.3714048000,12.0331242000,12.3134138400,12.1394409600,6302858,80048308.0000,2,0.589576,1,1.433116,0
2018-07-13,sh.600388,12.3327441600,12.4004002800,12.2554228800,12.3134138400,12.3134138400,4264210,54380867.0000,2,0.398878,1,0.000000,0
2018-07-16,sh.600388,12.2747532000,12.3327441600,12.1587712800,12.2167622400,12.3134138400,4185502,52850062.0000,2,0.391516,1,-0.784925,0
2018-07-17,sh.600388,12.2360925600,12.2844183600,12.1394409600,12.2360925600,12.2167622400,2859053,36043943.0000,2,0.267439,1,0.158224,0
2018-07-18,sh.600388,12.1781016000,12.4487260800,12.1781016000,12.2554228800,12.2360925600,7205435,91956480.0000,2,0.674004,1,0.157981,0
2018-07-19,sh.600388,12.3520744800,12.4004002800,12.2070970800,12.2650880400,12.2554228800,5758340,73201245.0000,2,0.538641,1,0.078859,0
2018-07-20,sh.600388,12.3037486800,12.4100654400,12.1974319200,12.3810699600,12.2650880400,5539220,70704122.0000,2,0.518144,1,0.945633,0
2018-07-23,sh.600388,12.3520744800,12.5453776800,12.3230790000,12.5357125200,12.3810699600,6786936,87652898.0000,2,0.634857,1,1.249023,0
2018-07-24,sh.600388,12.5550428400,12.8160021600,12.4777215600,12.7386808800,12.5357125200,10953202,143934450.0000,2,1.024573,1,1.619121,0
2018-07-25,sh.600388,12.7096854000,12.7290157200,12.5743731600,12.5937034800,12.7386808800,6831718,89174665.0000,2,0.639046,1,-1.138092,0
2018-07-26,sh.600388,12.6226989600,12.7096854000,12.5743731600,12.5937034800,12.5937034800,4930474,64415947.0000,2,0.461201,1,0.000000,0
2018-07-27,sh.600388,12.5647080000,12.6130338000,12.4390609200,12.4487260800,12.5937034800,4241560,54885698.0000,2,0.396760,1,-1.151187,0
2018-07-30,sh.600388,12.3617396400,12.5550428400,12.3617396400,12.4004002800,12.4487260800,3658662,47071380.0000,2,0.342235,1,-0.388200,0
2018-07-31,sh.600388,12.4197306000,12.4487260800,12.3617396400,12.4004002800,12.4004002800,2887677,37046494.0000,2,0.270116,1,0.000000,0
2018-08-01,sh.600388,12.4390609200,12.4487260800,12.1104454800,12.2264274000,12.4004002800,5165250,65638098.0000,2,0.483163,1,-1.402964,0
2018-08-02,sh.600388,12.1974319200,12.2264274000,11.6078571600,12.1587712800,12.2264274000,10796939,133154901.0000,2,1.009956,1,-0.553357,0
2018-08-03,sh.600388,12.0331242000,12.1587712800,11.9171422800,12.1297758000,12.1587712800,5655421,70423786.0000,2,0.529014,1,-0.238472,0
2018-08-06,sh.600388,12.0234590400,12.1781016000,11.9364726000,12.1394409600,12.1297758000,6038679,75453477.0000,2,0.564864,1,0.079683,0
2018-08-07,sh.600388,12.1781016000,12.1974319200,11.9944635600,12.1587712800,12.1394409600,8090225,101364601.0000,2,0.756768,1,0.159232,0
2018-08-08,sh.600388,12.1491061200,12.1587712800,11.9558029200,12.1394409600,12.1587712800,8624712,107634408.0000,2,0.806764,1,-0.158979,0
2018-08-09,sh.600388,12.0331242000,12.2264274000,12.0041287200,12.1394409600,12.1394409600,8889486,111568153.0000,2,0.831531,1,0.000000,0
2018-08-10,sh.600388,12.0911151600,12.1297758000,11.9944635600,12.0427893600,12.1394409600,6396407,79714950.0000,2,0.598326,1,-0.796181,0
2018-08-13,sh.600388,11.9558029200,11.9558029200,11.6658481200,11.8881468000,12.0427893600,7935393,96861837.0000,2,0.742285,1,-1.284108,0
2018-08-14,sh.600388,11.8688164800,11.9074771200,11.7624997200,11.8881468000,11.8881468000,4259310,52104106.0000,2,0.398420,1,0.000000,0
2018-08-15,sh.600388,11.8688164800,11.8978119600,11.7238390800,11.7721648800,11.8881468000,5981550,73107649.0000,2,0.559520,1,-0.975609,0
2018-08-16,sh.600388,11.6561829600,11.6561829600,11.3275675200,11.3758933200,11.7721648800,7189503,85769817.0000,2,0.672513,1,-3.366173,0
2018-08-17,sh.600388,11.4048888000,11.5208707200,10.6316760000,10.9989520800,11.3758933200,12566216,142869968.0000,2,1.175456,1,-3.313512,0
2018-08-20,sh.600388,10.7766534000,10.8056488800,9.9551148000,10.2064089600,10.9989520800,14245136,152065624.0000,2,1.332504,1,-7.205621,0
2018-08-21,sh.600388,10.1870786400,10.3610515200,9.9647799600,10.2450696000,10.2064089600,7741787,81352888.0000,2,0.724174,1,0.378787,0
2018-08-22,sh.600388,10.1870786400,10.3030605600,10.0517664000,10.0614315600,10.2450696000,4415230,46395336.0000,2,0.413005,1,-1.792458,0
2018-08-23,sh.600388,10.0131057600,10.2257392800,10.0034406000,10.1580831600,10.0614315600,3612250,37980440.0000,2,0.337893,1,0.960618,0
2018-08-24,sh.600388,10.1097573600,10.1967438000,10.0710967200,10.1290876800,10.1580831600,2107700,22117669.0000,2,0.197156,1,-0.285449,0
2018-08-27,sh.600388,10.1097573600,10.3030605600,10.1000922000,10.2837302400,10.1290876800,3593669,38151320.0000,2,0.336155,1,1.526725,0
2018-08-28,sh.600388,10.2643999200,10.3320560400,10.2257392800,10.3223908800,10.2837302400,3517921,37418876.0000,2,0.329070,1,0.375939,0
2018-08-29,sh.600388,10.3803818400,10.3803818400,10.1387528400,10.1484180000,10.3223908800,3769258,39847552.0000,2,0.352580,1,-1.685396,0
2018-08-30,sh.600388,10.2064089600,10.2450696000,10.0807618800,10.1677483200,10.1484180000,3049675,32021355.0000,2,0.285270,1,0.190481,0
2018-08-31,sh.600388,10.1097573600,10.1774134800,9.7908070800,10.0517664000,10.1677483200,9449876,97832319.0000,2,0.883951,1,-1.140692,0
2018-09-03,sh.600388,10.0034406000,10.0710967200,9.8391328800,10.0034406000,10.0517664000,4997670,51410641.0000,2,0.467487,1,-0.480762,0
2018-09-04,sh.600388,10.0421012400,10.1580831600,10.0034406000,10.1484180000,10.0034406000,4642445,48529621.0000,2,0.434259,1,1.449272,0
2018-09-05,sh.600388,10.1484180000,10.1580831600,9.9454496400,9.9454496400,10.1484180000,3825077,39812382.0000,2,0.357802,1,-2.000000,0
2018-09-06,sh.600388,9.9454496400,10.0614315600,9.8584632000,9.8777935200,9.9454496400,3544436,36472135.0000,2,0.331550,1,-0.680269,0
2018-09-07,sh.600388,9.9067890000,10.0710967200,9.8681283600,9.9454496400,9.8777935200,3317379,34265720.0000,2,0.310311,1,0.684929,0
2018-09-10,sh.600388,9.9937754400,9.9937754400,9.8487980400,9.8584632000,9.9454496400,5147709,52580733.0000,2,0.481522,1,-0.874637,0
2018-09-11,sh.600388,9.8584632000,9.9164541600,9.7231509600,9.8487980400,9.8584632000,4065055,41373127.0000,2,0.380249,1,-0.098041,0
2018-09-12,sh.600388,9.8391328800,10.0131057600,9.8198025600,9.8584632000,9.8487980400,3812911,38998801.0000,2,0.356663,1,0.098138,0
2018-09-13,sh.600388,9.9261193200,9.9647799600,9.8004722400,9.8874586800,9.8584632000,3078446,31429513.0000,2,0.287961,1,0.294115,0
2018-09-14,sh.600388,9.8971238400,9.9454496400,9.8294677200,9.8294677200,9.8874586800,3361166,34351318.0000,2,0.314407,1,-0.586505,0
2018-09-17,sh.600388,9.8101374000,9.8101374000,9.5685084000,9.7038206400,9.8294677200,7160648,71786170.0000,2,0.669814,1,-1.278270,0
2018-09-18,sh.600388,9.6651600000,9.8391328800,9.6554948400,9.8391328800,9.7038206400,6046742,61183479.0000,2,0.565618,1,1.394426,0
2018-09-19,sh.600388,9.7811419200,9.8971238400,9.7618116000,9.8391328800,9.8391328800,7363703,74979432.0000,2,0.688808,1,0.000000,0
2018-09-20,sh.600388,9.8391328800,9.9744451200,9.6844903200,9.7328161200,9.8391328800,7311990,74084109.0000,2,0.683971,1,-1.080556,0
2018-09-21,sh.600388,9.7231509600,9.7908070800,9.5491780800,9.7908070800,9.7328161200,8689928,87143917.0000,2,0.812865,1,0.595833,0
2018-09-25,sh.600388,9.7714767600,9.7811419200,9.6651600000,9.6748251600,9.7908070800,5143443,51662843.0000,2,0.481123,1,-1.184599,0
2018-09-26,sh.600388,9.6844903200,9.7424812800,9.6554948400,9.6651600000,9.6748251600,6143999,61603312.0000,2,0.574716,1,-0.099902,0
2018-09-27,sh.600388,9.6844903200,9.6941554800,9.3945355200,9.4042006800,9.6651600000,8545121,84436396.0000,2,0.799319,1,-2.700005,0
2018-09-28,sh.600388,9.4042006800,9.5395129200,9.3752052000,9.5298477600,9.4042006800,5977446,58396406.0000,2,0.559136,1,1.336075,0
2018-10-08,sh.600388,9.3945355200,9.5781735600,9.1819020000,9.4138658400,9.5298477600,12366804,119744364.0000,2,1.156803,1,-1.217037,0
2018-10-09,sh.600388,9.4138658400,9.4138658400,9.1045807200,9.1625716800,9.4138658400,11422651,109269454.0000,2,1.068486,1,-2.669407,0
2018-10-10,sh.600388,9.1625716800,9.2688884400,9.0272594400,9.1529065200,9.1625716800,6000543,56714777.0000,2,0.561297,1,-0.105478,0
2018-10-11,sh.600388,8.8726168800,8.8726168800,8.2347163200,8.2347163200,9.1529065200,13405478,116829751.0000,2,1.253962,1,-10.031680,0
2018-10-12,sh.600388,8.0607434400,8.0994040800,7.4615035200,7.8384447600,8.2347163200,12030384,96806719.0000,2,1.125334,1,-4.812216,0
2018-10-15,sh.600388,7.8384447600,7.8964357200,7.5484899600,7.5581551200,7.8384447600,7384840,59403906.0000,2,0.690785,1,-3.575826,0
2018-10-16,sh.600388,7.5871506000,7.6838022000,7.5194944800,7.5774854400,7.5581551200,5809773,45793640.0000,2,0.543452,1,0.255754,0
2018-10-17,sh.600388,7.7031325200,7.7417931600,7.5678202800,7.7127976800,7.5774854400,5778778,45933143.0000,2,0.540553,1,1.785712,0
2018-10-18,sh.600388,7.7127976800,7.7127976800,7.3745170800,7.3745170800,7.7127976800,5340976,41522990.0000,2,0.499600,1,-4.385964,0
2018-10-19,sh.600388,7.2488700000,7.6451415600,7.1908790400,7.5871506000,7.3745170800,6755305,52211196.0000,2,0.631898,1,2.883352,0
2018-10-22,sh.600388,7.6934673600,8.2153860000,7.6838022000,8.0607434400,7.5871506000,9502833,78799191.0000,2,0.888904,1,6.242041,0
2018-10-23,sh.600388,8.1187344000,8.2927072800,7.9544266800,8.0510782800,8.0607434400,8351594,70229306.0000,2,0.781216,1,-0.119907,0
2018-10-24,sh.600388,8.0027524800,8.2153860000,7.9737570000,8.1187344000,8.0510782800,5914996,49680474.0000,2,0.553295,1,0.840332,0
2018-10-25,sh.600388,7.9544266800,8.2927072800,7.8577750800,8.2540466400,8.1187344000,7729088,64688361.0000,2,0.722987,1,1.666671,0
2018-10-26,sh.600388,8.2637118000,8.3700285600,8.1187344000,8.1670602000,8.2540466400,4714496,40208728.0000,2,0.440999,1,-1.053866,0
2018-10-29,sh.600388,8.1670602000,8.2443814800,8.0510782800,8.1380647200,8.1670602000,4822501,40641359.0000,2,0.451102,1,-0.355026,0
2018-10-30,sh.600388,8.1187344000,8.2443814800,8.0414131200,8.1477298800,8.1380647200,5013626,42296262.0000,2,0.468980,1,0.118768,0
2018-10-31,sh.600388,8.1767253600,8.5343362800,8.1573950400,8.4570150000,8.1477298800,9326028,80781558.0000,2,0.872366,1,3.795963,0
2018-11-01,sh.600388,8.5053408000,8.6019924000,8.4183543600,8.4376846800,8.4570150000,8930227,78831361.0000,2,0.835342,1,-0.228577,0
2018-11-02,sh.600388,8.5633317600,9.0465897600,8.5536666000,9.0369246000,8.4376846800,15553672,143087646.0000,2,1.454906,1,7.101957,0
2018-11-05,sh.600388,9.1819020000,9.1819020000,8.8919472000,8.9596033200,9.0369246000,9117649,84745665.0000,2,0.852874,1,-0.855614,0
2018-11-06,sh.600388,8.8919472000,9.0369246000,8.7952956000,9.0175942800,8.9596033200,7917582,73092222.0000,2,0.740618,1,0.647243,0
2018-11-07,sh.600388,9.0175942800,9.0659200800,8.8049607600,8.8532865600,9.0175942800,5899204,54498419.0000,2,0.551817,1,-1.822080,0
2018-11-08,sh.600388,8.8822820400,8.9692684800,8.7663001200,8.7663001200,8.8532865600,4976727,45584596.0000,2,0.465528,1,-0.982534,0
2018-11-09,sh.600388,8.7856304400,8.9402730000,8.7856304400,8.8436214000,8.7663001200,3667778,33559021.0000,2,0.343088,1,0.882028,0
2018-11-12,sh.600388,8.8436214000,9.0755852400,8.7952956000,9.0369246000,8.8436214000,6954265,64680465.0000,2,0.650509,1,2.185801,0
2018-11-13,sh.600388,8.9692684800,9.2302278000,8.9112775200,9.1432413600,9.0369246000,8274551,77864915.0000,2,0.774010,1,1.176467,0
2018-11-14,sh.600388,9.2592232800,9.8584632000,9.2012323200,9.6844903200,9.1432413600,19538502,194661167.0000,2,1.827651,1,5.919666,0
2018-11-15,sh.600388,9.7134858000,9.9744451200,9.6071690400,9.7231509600,9.6844903200,14170972,143439529.0000,2,1.325567,1,0.399201,0
2018-11-16,sh.600388,9.9357844800,10.5543547200,9.9357844800,10.3707166800,9.7231509600,22223417,235381800.0000,2,2.078801,1,6.660031,0
2018-11-19,sh.600388,10.2643999200,10.2837302400,9.9164541600,10.1000922000,10.3707166800,16125459,167772508.0000,2,1.508391,1,-2.609504,0
2018-11-20,sh.600388,9.9551148000,10.0227709200,9.6458296800,9.6651600000,10.1000922000,13132350,132978268.0000,2,1.228413,1,-4.306219,0
2018-11-21,sh.600388,9.5781735600,9.8584632000,9.5395129200,9.7328161200,9.6651600000,8812894,88744662.0000,2,0.824367,1,0.699997,0
2018-11-22,sh.600388,9.7328161200,9.8391328800,9.6651600000,9.8004722400,9.7328161200,5565339,56291555.0000,2,0.520587,1,0.695141,0
2018-11-23,sh.600388,9.8487980400,9.8584632000,9.4138658400,9.4138658400,9.8004722400,7705280,76046525.0000,2,0.720760,1,-3.944779,0
2018-11-26,sh.600388,9.4815219600,9.8101374000,9.3752052000,9.6941554800,9.4138658400,8177737,81991566.0000,2,0.764954,1,2.977412,0
2018-11-27,sh.600388,9.8101374000,9.8294677200,9.5008522800,9.6941554800,9.6941554800,6631572,66142543.0000,2,0.620324,1,0.000000,0
2018-11-28,sh.600388,9.7134858000,9.9067890000,9.6748251600,9.7618116000,9.6941554800,9156064,92659029.0000,2,0.856467,1,0.697913,0
2018-11-29,sh.600388,9.7618116000,9.9067890000,9.6168342000,9.6361645200,9.7618116000,10060218,101710893.0000,2,0.941043,1,-1.287130,0
2018-11-30,sh.600388,9.5781735600,9.6554948400,9.4428613200,9.5878387200,9.6361645200,6384744,63018679.0000,2,0.597235,1,-0.501506,0
2018-12-03,sh.600388,9.8101374000,9.9454496400,9.7811419200,9.8874586800,9.5878387200,8864286,90631968.0000,2,0.829174,1,3.124995,0
2018-12-04,sh.600388,9.9357844800,9.9841102800,9.7521464400,9.8391328800,9.8874586800,8042646,82095546.0000,2,0.752317,1,-0.488751,0
2018-12-05,sh.600388,9.7521464400,9.8101374000,9.6651600000,9.7811419200,9.8391328800,5493950,55362177.0000,2,0.513910,1,-0.589395,0
2018-12-06,sh.600388,9.7618116000,9.7618116000,9.5878387200,9.6264993600,9.7811419200,5439377,54374200.0000,2,0.508805,1,-1.581026,0
2018-12-07,sh.600388,9.6264993600,9.7134858000,9.5685084000,9.5781735600,9.6264993600,3702476,36885588.0000,2,0.346333,1,-0.502010,0
2018-12-10,sh.600388,9.4718568000,9.6168342000,9.4718568000,9.5395129200,9.5781735600,3115903,30795258.0000,2,0.291465,1,-0.403632,0
2018-12-11,sh.600388,9.5395129200,9.6651600000,9.4815219600,9.5975038800,9.5395129200,3398240,33607286.0000,2,0.317875,1,0.607907,0
2018-12-12,sh.600388,9.5878387200,9.6651600000,9.4621916400,9.5685084000,9.5975038800,9723776,96060369.0000,2,0.909572,1,-0.302122,0
2018-12-13,sh.600388,9.5781735600,9.7521464400,9.4815219600,9.6554948400,9.5685084000,5641951,56247736.0000,2,0.527754,1,0.909092,0
2018-12-14,sh.600388,9.6651600000,9.8681283600,9.5781735600,9.5781735600,9.6554948400,6790229,68283491.0000,2,0.635165,1,-0.800800,0
2018-12-17,sh.600388,9.5201826000,9.6071690400,9.1335762000,9.2302278000,9.5781735600,9869066,94554876.0000,2,0.923162,1,-3.632691,0
2018-12-18,sh.600388,9.2302278000,9.2882187600,9.0659200800,9.2398929600,9.2302278000,4505721,42845495.0000,2,0.421470,1,0.104714,0
2018-12-19,sh.600388,9.1915671600,9.3945355200,9.1915671600,9.2978839200,9.2398929600,7039530,67958691.0000,2,0.658485,1,0.627609,0
2018-12-20,sh.600388,9.3075490800,9.5685084000,9.2978839200,9.5491780800,9.2978839200,7105340,69339591.0000,2,0.664641,1,2.702705,0
2018-12-21,sh.600388,9.4525264800,9.7811419200,9.4428613200,9.7811419200,9.5491780800,10776205,108124846.0000,2,1.008017,1,2.429147,0
2018-12-24,sh.600388,9.7811419200,9.8004722400,9.6071690400,9.6941554800,9.7811419200,4763731,47814445.0000,2,0.445604,1,-0.889330,0
2018-12-25,sh.600388,9.6554948400,9.6844903200,9.4718568000,9.6554948400,9.6941554800,5390508,53335637.0000,2,0.504233,1,-0.398803,0
2018-12-26,sh.600388,9.6651600000,9.8971238400,9.6264993600,9.8584632000,9.6554948400,7458573,75626214.0000,2,0.697682,1,2.102103,0
2018-12-27,sh.600388,9.9261193200,10.0034406000,9.7134858000,9.8101374000,9.8584632000,5736346,58555587.0000,2,0.536584,1,-0.490198,0
2018-12-28,sh.600388,9.8004722400,9.8874586800,9.7231509600,9.8101374000,9.8101374000,3567112,36206175.0000,2,0.333671,1,0.000000,0
2019-01-02,sh.600388,9.8004722400,9.8971238400,9.7521464400,9.8391328800,9.8101374000,3152447,32018041.0000,2,0.294883,1,0.295573,0
2019-01-03,sh.600388,9.8004722400,9.9067890000,9.5781735600,9.6071690400,9.8391328800,4555261,45995279.0000,2,0.426104,1,-2.357571,0
2019-01-04,sh.600388,9.5201826000,9.9551148000,9.4911871200,9.9551148000,9.6071690400,9428561,96312588.0000,2,0.881957,1,3.621737,0
2019-01-07,sh.600388,9.9647799600,10.2257392800,9.9647799600,10.1774134800,9.9551148000,7920820,83179747.0000,2,0.740921,1,2.233005,0
2019-01-08,sh.600388,10.1677483200,10.2064089600,9.9937754400,10.0227709200,10.1774134800,5106259,53139372.0000,2,0.477645,1,-1.519467,0
2019-01-09,sh.600388,10.0227709200,10.1484180000,9.9647799600,9.9841102800,10.0227709200,4736681,49419158.0000,2,0.443074,1,-0.385728,0
2019-01-10,sh.600388,10.0034406000,10.1580831600,9.9357844800,10.1194225200,9.9841102800,4552366,47538473.0000,2,0.425833,1,1.355279,0
2019-01-11,sh.600388,10.1387528400,10.1387528400,9.8681283600,9.9261193200,10.1194225200,5862581,60342970.0000,2,0.548392,1,-1.910218,0
2019-01-14,sh.600388,9.9261193200,10.0807618800,9.8971238400,9.9647799600,9.9261193200,4586600,47513925.0000,2,0.429035,1,0.389483,0
2019-01-15,sh.600388,9.9937754400,10.2450696000,9.8584632000,10.1967438000,9.9647799600,7275723,75766372.0000,2,0.680578,1,2.327835,0
2019-01-16,sh.600388,10.1967438000,10.2160741200,10.0324360800,10.2064089600,10.1967438000,6313017,66079399.0000,2,0.590526,1,0.094789,0
2019-01-17,sh.600388,10.2064089600,10.3030605600,10.0614315600,10.0904270400,10.2064089600,6879073,72108703.0000,2,0.643475,1,-1.136371,0
2019-01-18,sh.600388,10.1290876800,10.1580831600,9.9937754400,10.0614315600,10.0904270400,4823401,50153400.0000,2,0.451186,1,-0.287354,0
2019-01-21,sh.600388,10.0421012400,10.2064089600,10.0421012400,10.1194225200,10.0614315600,4097881,42985367.0000,2,0.383320,1,0.576373,0
2019-01-22,sh.600388,10.1194225200,10.2257392800,10.0227709200,10.2257392800,10.1194225200,5099153,53305467.0000,2,0.476980,1,1.050618,0
2019-01-23,sh.600388,10.2450696000,10.7089972800,10.2354044400,10.6123456800,10.2257392800,14343353,156324777.0000,2,1.341692,1,3.780715,0
2019-01-24,sh.600388,10.6316760000,10.7573230800,10.4866986000,10.7283276000,10.6123456800,9782840,107277206.0000,2,0.915097,1,1.092904,0
2019-01-25,sh.600388,10.7089972800,10.8733050000,10.5736850400,10.8733050000,10.7283276000,11009033,121964621.0000,2,1.029796,1,1.351348,0
2019-01-28,sh.600388,10.8733050000,10.9216308000,10.7283276000,10.7863185600,10.8733050000,7692783,86065020.0000,2,0.719591,1,-0.800001,0
2019-01-29,sh.600388,10.7959837200,10.7959837200,10.4480379600,10.5930153600,10.7863185600,9566780,104781952.0000,2,0.894886,1,-1.792113,0
2019-01-30,sh.600388,10.6123456800,10.7186624400,10.4963637600,10.5833502000,10.5930153600,5460461,59899277.0000,2,0.510777,1,-0.091243,0
2019-01-31,sh.600388,10.5833502000,10.7379927600,10.5446895600,10.6993321200,10.5833502000,6840229,75423388.0000,2,0.639842,1,1.095889,0
2019-02-01,sh.600388,10.7186624400,10.9989520800,10.7089972800,10.9216308000,10.6993321200,6730601,75877208.0000,2,0.629587,1,2.077692,0
2019-02-11,sh.600388,11.0182824000,11.0859385200,10.9409611200,11.0376127200,10.9216308000,6048100,68809407.0000,2,0.565745,1,1.061946,0
2019-02-12,sh.600388,11.0762733600,11.0859385200,10.9699566000,11.0762733600,11.0376127200,7185614,81960993.0000,2,0.672149,1,0.350262,0
2019-02-13,sh.600388,11.0376127200,11.1632598000,10.9699566000,11.1149340000,11.0762733600,8336186,95265110.0000,2,0.779775,1,0.349040,0
2019-02-14,sh.600388,11.0762733600,11.1149340000,10.9409611200,10.9892869200,11.1149340000,8213572,93422380.0000,2,0.768306,1,-1.130436,0
2019-02-15,sh.600388,11.0182824000,11.0666082000,10.9409611200,10.9989520800,10.9892869200,7255320,82498203.0000,2,0.678670,1,0.087953,0
2019-02-18,sh.600388,11.0376127200,11.3082372000,10.9796217600,11.3082372000,10.9989520800,13283707,152797776.0000,2,1.242571,1,2.811948,0
2019-02-19,sh.600388,11.3565630000,11.3952236400,11.1922552800,11.3565630000,11.3082372000,10393190,121477083.0000,2,0.972189,1,0.427352,0
2019-02-20,sh.600388,11.2889068800,11.5498662000,11.2502462400,11.5015404000,11.3565630000,8022402,94984341.0000,2,0.750423,1,1.276592,0
2019-02-21,sh.600388,11.5498662000,12.0427893600,11.4628797600,11.7238390800,11.5015404000,15965322,194608354.0000,2,1.493412,1,1.932777,0
2019-02-22,sh.600388,11.7335042400,12.0524545200,11.6465178000,12.0041287200,11.7238390800,14059524,172045390.0000,2,1.315142,1,2.390766,0
2019-02-25,sh.600388,12.2264274000,12.3230790000,11.8688164800,12.1974319200,12.0041287200,24197279,303194100.0000,2,2.263438,1,1.610304,0
2019-02-26,sh.600388,12.0911151600,12.2747532000,12.0331242000,12.0621196800,12.1974319200,15684004,196830442.0000,2,1.467097,1,-1.109353,0
2019-02-27,sh.600388,12.0234590400,12.2264274000,11.7238390800,11.8784816400,12.0621196800,12456684,154887437.0000,2,1.165211,1,-1.522433,0
2019-02-28,sh.600388,11.8398210000,12.2940835200,11.8398210000,12.1974319200,11.8784816400,14136380,178128104.0000,2,1.322331,1,2.685109,0
2019-03-01,sh.600388,12.1974319200,12.2747532000,11.9751332400,12.1297758000,12.1974319200,10206964,127409507.0000,2,0.954770,1,-0.554673,0
2019-03-04,sh.600388,12.1491061200,12.8160021600,12.0814500000,12.7483460400,12.1297758000,24595080,319690300.0000,2,2.300648,1,5.099597,0
2019-03-05,sh.600388,12.7580112000,12.7773415200,12.4970518800,12.7096854000,12.7483460400,17241479,225267715.0000,2,1.612785,1,-0.303260,0
2019-03-06,sh.600388,12.6323641200,12.7000202400,12.4293957600,12.6516944400,12.7096854000,17944709,233256152.0000,2,1.678566,1,-0.456270,0
2019-03-07,sh.600388,12.6516944400,12.8353324800,12.4583912400,12.5647080000,12.6516944400,14088820,183525661.0000,2,1.317882,1,-0.687549,0
2019-03-08,sh.600388,12.5550428400,12.5550428400,11.8978119600,11.9171422800,12.5647080000,19005040,239535922.0000,2,1.777750,1,-5.153847,0
2019-03-11,sh.600388,11.8398210000,12.4004002800,11.8398210000,12.3714048000,11.9171422800,10935800,138410218.0000,2,1.022946,1,3.811843,0
2019-03-12,sh.600388,12.4970518800,12.6323641200,12.3520744800,12.4777215600,12.3714048000,15823128,204734779.0000,2,1.480111,1,0.859372,0
2019-03-13,sh.600388,12.5550428400,12.6130338000,12.2360925600,12.4583912400,12.4777215600,13636192,175217511.0000,2,1.275543,1,-0.154915,0
2019-03-14,sh.600388,12.3617396400,12.4487260800,11.8011603600,11.9654680800,12.4583912400,14471854,180235529.0000,2,1.353712,1,-3.956557,0
2019-03-15,sh.600388,12.0331242000,12.2844183600,11.9558029200,12.0814500000,11.9654680800,8581859,107164351.0000,2,0.802756,1,0.969304,0
2019-03-18,sh.600388,12.2070970800,12.3134138400,11.8978119600,12.2844183600,12.0814500000,9618919,120983998.0000,2,0.899763,1,1.680000,0
2019-03-19,sh.600388,12.3230790000,12.6516944400,12.2940835200,12.5357125200,12.2844183600,13353356,173285904.0000,2,1.249086,1,2.045635,0
2019-03-20,sh.600388,12.6130338000,12.6226989600,12.2264274000,12.4487260800,12.5357125200,10216000,130860361.0000,2,0.955615,1,-0.693910,0
2019-03-21,sh.600388,12.4487260800,12.5840383200,12.3810699600,12.4197306000,12.4487260800,10087750,130166604.0000,2,0.943618,1,-0.232917,0
2019-03-22,sh.600388,12.4100654400,12.4487260800,12.2167622400,12.3424093200,12.4197306000,7621680,97034465.0000,2,0.712940,1,-0.622568,0
2019-03-25,sh.600388,12.1877667600,12.4873867200,12.1491061200,12.2360925600,12.3424093200,8058658,102828024.0000,2,0.753815,1,-0.861399,0
2019-03-26,sh.600388,12.2940835200,12.4004002800,11.8301558400,11.8881468000,12.2360925600,9608434,119983231.0000,2,0.898782,1,-2.843599,0
2019-03-27,sh.600388,11.9364726000,12.0621196800,11.8011603600,11.9847984000,11.8881468000,5171295,63686086.0000,2,0.483728,1,0.813003,0
2019-03-28,sh.600388,12.0041287200,12.0621196800,11.8108255200,12.0137938800,11.9847984000,8779410,108501824.0000,2,0.821235,1,0.241941,0
2019-03-29,sh.600388,11.9364726000,12.2070970800,11.8978119600,12.2070970800,12.0137938800,11078533,138502724.0000,2,1.036297,1,1.609009,0
2019-04-01,sh.600388,12.2650880400,12.6903550800,12.2650880400,12.6903550800,12.2070970800,17695955,229657984.0000,2,1.655297,1,3.958828,0
2019-04-02,sh.600388,12.7096854000,12.8160021600,12.6420292800,12.7483460400,12.6903550800,13465455,177369483.0000,2,1.259572,1,0.456965,0
2019-04-03,sh.600388,12.7096854000,12.9319840800,12.6033686400,12.8836582800,12.7483460400,10511775,139845924.0000,2,0.983282,1,1.061413,0
2019-04-04,sh.600388,13.0189705200,13.0189705200,12.7096854000,12.8546628000,12.8836582800,13831671,183867383.0000,2,1.293828,1,-0.225054,0
2019-04-08,sh.600388,13.0189705200,13.0962918000,12.2650880400,12.5453776800,12.8546628000,23138073,304534659.0000,2,2.164358,1,-2.406020,0
2019-04-09,sh.600388,12.5550428400,12.8739931200,12.5163822000,12.6710247600,12.5453776800,15327324,200853781.0000,2,1.433733,1,1.001542,0
2019-04-10,sh.600388,12.7000202400,12.8353324800,12.5260473600,12.7000202400,12.6710247600,12955861,170294651.0000,2,1.211904,1,0.228838,0
2019-04-11,sh.600388,12.7580112000,12.8546628000,12.4390609200,12.5067170400,12.7000202400,11119898,145434295.0000,2,1.040166,1,-1.522076,0
2019-04-12,sh.600388,12.5743731600,12.6806899200,12.3520744800,12.5550428400,12.5067170400,12005541,155563256.0000,2,1.123010,1,0.386400,0
2019-04-15,sh.600388,12.5840383200,12.8063370000,12.1781016000,12.1974319200,12.5550428400,12105536,156483384.0000,2,1.132364,1,-2.848344,0
2019-04-16,sh.600388,12.1974319200,12.3617396400,11.9074771200,12.2940835200,12.1974319200,8387045,105292812.0000,2,0.784533,1,0.792396,0
2019-04-17,sh.600388,12.4100654400,12.4970518800,12.3037486800,12.3520744800,12.2940835200,6388800,81826978.0000,2,0.597615,1,0.471694,0
2019-04-18,sh.600388,12.4197306000,12.4197306000,12.2650880400,12.3230790000,12.3520744800,6533282,83256470.0000,2,0.611130,1,-0.234740,0
2019-04-19,sh.600388,12.2264274000,12.3037486800,12.0814500000,12.1974319200,12.3230790000,5824212,73282494.0000,2,0.544803,1,-1.019609,0
2019-04-22,sh.600388,12.2554228800,12.2844183600,12.0814500000,12.1007803200,12.1974319200,7617613,95389956.0000,2,0.712559,1,-0.792389,0
2019-04-23,sh.600388,12.1104454800,12.1297758000,11.7914952000,11.8784816400,12.1007803200,8210126,101017743.0000,2,0.767983,1,-1.837065,0
2019-04-24,sh.600388,11.9364726000,12.0331242000,11.7141739200,12.0041287200,11.8784816400,6910260,85216631.0000,2,0.646393,1,1.057771,0
2019-04-25,sh.600388,12.0041287200,12.1104454800,11.5691965200,11.6078571600,12.0041287200,9135290,111342662.0000,2,0.854524,1,-3.301126,0
2019-04-26,sh.600388,11.5595313600,11.6755132800,11.3758933200,11.4338842800,11.6078571600,6890635,81875194.0000,2,0.644557,1,-1.498754,0
2019-04-29,sh.600388,11.4338842800,11.5498662000,10.9796217600,11.0762733600,11.4338842800,7482172,86577814.0000,2,0.699890,1,-3.127640,0
2019-04-30,sh.600388,11.2599114000,11.3565630000,11.1632598000,11.3082372000,11.0762733600,5481107,63931964.0000,2,0.512708,1,2.094239,0
2019-05-06,sh.600388,11.0182824000,11.4048888000,10.7573230800,11.2985720400,11.3082372000,14396801,162700040.0000,2,1.346691,1,-0.085472,0
2019-05-07,sh.600388,11.3565630000,11.5015404000,11.1052688400,11.3179023600,11.2985720400,9260356,107910578.0000,2,0.866223,1,0.171090,0
2019-05-08,sh.600388,11.0762733600,11.1342643200,10.9119656400,10.9796217600,11.3179023600,9088842,103255316.0000,2,0.850179,1,-2.988902,0
2019-05-09,sh.600388,10.9119656400,11.0376127200,10.6993321200,10.9892869200,10.9796217600,10658818,119366093.0000,2,0.997036,1,0.088030,0
2019-05-10,sh.600388,10.9892869200,11.2599114000,10.8443095200,11.1825901200,10.9892869200,6973804,80404457.0000,2,0.652337,1,1.759013,0
2019-05-13,sh.600388,11.1149340000,11.2309159200,10.9023004800,11.2115856000,11.1825901200,7265514,83141926.0000,2,0.679623,1,0.259297,0
2019-05-14,sh.600388,11.0182824000,11.1922552800,10.9602914400,11.1149340000,11.2115856000,5121533,58669794.0000,2,0.479073,1,-0.862072,0
2019-05-15,sh.600388,11.0859385200,11.3468978400,11.0859385200,11.2502462400,11.1149340000,5014265,58429504.0000,2,0.469039,1,1.217394,0
2019-05-16,sh.600388,11.2695765600,11.3372326800,11.1342643200,11.3179023600,11.2502462400,3770556,43840630.0000,2,0.352702,1,0.601372,0
2019-05-17,sh.600388,11.2212507600,11.3179023600,11.0376127200,11.2599114000,11.3179023600,7576832,87851196.0000,2,0.708744,1,-0.512386,0
2019-05-20,sh.600388,11.2502462400,11.2889068800,11.0569430400,11.1342643200,11.2599114000,3540340,40804317.0000,2,0.331167,1,-1.115873,0
2019-05-21,sh.600388,11.0472778800,11.2792417200,11.0472778800,11.2405810800,11.1342643200,5768979,66811964.0000,2,0.539636,1,0.954858,0
2019-05-22,sh.600388,11.2792417200,11.3468978400,11.1439294800,11.2985720400,11.2405810800,5372179,62611988.0000,2,0.502519,1,0.515903,0
2019-05-23,sh.600388,11.3082372000,11.4242191200,11.1342643200,11.3662281600,11.2985720400,5923967,69198391.0000,2,0.554134,1,0.598808,0
2019-05-24,sh.600388,11.3468978400,11.7624997200,11.3179023600,11.6561829600,11.3662281600,8125802,97241963.0000,2,0.760096,1,2.551022,0
2019-05-27,sh.600388,11.7528345600,11.7721648800,11.5498662000,11.7045087600,11.6561829600,5370864,64859721.0000,2,0.502396,1,0.414587,0
2019-05-28,sh.600388,11.6948436000,11.7624997200,11.5691965200,11.5981920000,11.7045087600,4031035,48704501.0000,2,0.377067,1,-0.908337,0
2019-05-29,sh.600388,11.5981920000,11.6271874800,11.4532146000,11.5305358800,11.5981920000,2803089,33464870.0000,2,0.262204,1,-0.583331,0
2019-05-30,sh.600388,11.5112055600,11.8881468000,11.4435494400,11.8494861600,11.5305358800,5543511,66888697.0000,2,0.518546,1,2.766135,0
2019-05-31,sh.600388,11.8398210000,11.9074771200,11.7141739200,11.8108255200,11.8494861600,3937495,48103041.0000,2,0.368317,1,-0.326264,0
2019-06-03,sh.600388,11.7914952000,11.8108255200,11.5498662000,11.6948436000,11.8108255200,4135424,49841977.0000,2,0.386832,1,-0.981996,0
2019-06-04,sh.600388,11.6078571600,11.6948436000,11.5015404000,11.6175223200,11.6948436000,3035455,36439231.0000,2,0.283939,1,-0.661156,0
2019-06-05,sh.600388,11.6561829600,11.9558029200,11.5402010400,11.9461377600,11.6175223200,7146285,87009171.0000,2,0.668471,1,2.828612,0
2019-06-06,sh.600388,11.9461377600,11.9558029200,11.6755132800,11.8301558400,11.9461377600,4413512,53850602.0000,2,0.412844,1,-0.970873,0
2019-06-10,sh.600388,11.8204906800,11.8688164800,11.6948436000,11.7335042400,11.8301558400,4056970,49465186.0000,2,0.379493,1,-0.816989,0
2019-06-11,sh.600388,11.6948436000,11.8978119600,11.6175223200,11.8591513200,11.7335042400,5408625,66141624.0000,2,0.505928,1,1.070841,0
2019-06-12,sh.600388,11.8784816400,11.8784816400,11.6561829600,11.6561829600,11.8591513200,3876853,47050724.0000,2,0.362645,1,-1.711492,0
2019-06-13,sh.600388,11.6561829600,11.6851784400,11.4532146000,11.5788616800,11.6561829600,4235147,50692929.0000,2,0.396160,1,-0.663357,0
2019-06-14,sh.600388,11.5788616800,11.7335042400,11.5015404000,11.5305358800,11.5788616800,4431691,53053999.0000,2,0.414545,1,-0.417356,0
2019-06-17,sh.600388,11.4822100800,11.5788616800,11.2599114000,11.2599114000,11.5305358800,4949485,58147968.0000,2,0.462980,1,-2.347030,0
2019-06-18,sh.600388,11.2889068800,11.3758933200,11.1825901200,11.2599114000,11.2599114000,2514720,29318056.0000,2,0.235229,1,0.000000,0
2019-06-19,sh.600388,11.4532146000,11.5788616800,11.2599114000,11.2599114000,11.2599114000,5385672,63428012.0000,2,0.503781,1,0.000000,0
2019-06-20,sh.600388,11.2695765600,11.8301558400,11.2695765600,11.8301558400,11.2599114000,11224887,135915379.0000,2,1.049987,1,5.064379,0
2019-06-21,sh.600388,11.7141739200,12.0621196800,11.7045087600,12.0137938800,11.8301558400,10289788,127270657.0000,2,0.962517,1,1.552292,0
2019-06-24,sh.600388,12.0814500000,12.1394409600,11.7818300400,11.8591513200,12.0137938800,5657816,69522176.0000,2,0.529238,1,-1.287207,0
2019-06-25,sh.600388,11.8591513200,11.8591513200,11.6465178000,11.7818300400,11.8591513200,4343728,52717974.0000,2,0.406317,1,-0.652004,0
2019-06-26,sh.600388,11.7045087600,11.8204906800,11.6755132800,11.7914952000,11.7818300400,2336085,28444861.0000,2,0.218520,1,0.082036,0
2019-06-27,sh.600388,12.0524545200,12.9319840800,11.8978119600,12.2747532000,11.7914952000,18278289,234951842.0000,2,1.709769,1,4.098361,0
2019-06-28,sh.600388,12.3230790000,12.3810699600,11.9364726000,11.9751332400,12.2747532000,10206399,127064041.0000,2,0.954717,1,-2.440941,0
2019-07-01,sh.600388,12.1201106400,12.4487260800,12.1201106400,12.2167622400,11.9751332400,10168386,129052825.0000,2,0.951161,1,2.017756,0
2019-07-02,sh.600388,12.2070970800,12.2070970800,11.9364726000,12.0911151600,12.2167622400,5679242,70944463.0000,2,0.531242,1,-1.028482,0
2019-07-03,sh.600388,12.0717848400,12.4197306000,11.9751332400,12.1394409600,12.0911151600,7475485,94006748.0000,2,0.699264,1,0.399682,0
2019-07-04,sh.600388,12.2080338800,12.2178316600,11.8455160200,11.9043027000,12.1394494200,9205394,113178724.0000,2,0.861082,1,-1.937052,0
2019-07-05,sh.600388,11.8553138000,11.9728871600,11.8357182400,11.8945049200,11.9043027000,4709299,57221498.0000,2,0.440513,1,-0.082299,0
2019-07-08,sh.600388,11.9043027000,11.9043027000,11.3654248000,11.3850203600,11.8945049200,7166190,84225533.0000,2,0.670333,1,-4.283364,0
2019-07-09,sh.600388,11.3654248000,11.5025937200,11.2772447800,11.3262336800,11.3850203600,3598299,41655356.0000,2,0.336588,1,-0.516347,0
2019-07-10,sh.600388,11.3262336800,11.3752225800,11.0518958400,11.1106825200,11.3262336800,4868595,55438934.0000,2,0.455413,1,-1.903116,0
2019-07-11,sh.600388,11.1498736400,11.2380536600,11.0420980600,11.2184581000,11.1106825200,2928981,33333474.0000,2,0.273980,1,0.970015,0
2019-07-12,sh.600388,11.2086603200,11.2968403400,11.0812891800,11.2576492200,11.2184581000,3011005,34470530.0000,2,0.281652,1,0.349345,0
2019-07-15,sh.600388,11.2184581000,11.4046159200,11.0518958400,11.3164359000,11.2576492200,2791528,32040054.0000,2,0.261122,1,0.522197,0
2019-07-16,sh.600388,11.3654248000,11.3654248000,11.2184581000,11.2674470000,11.3164359000,1653707,19010896.0000,2,0.154689,1,-0.432902,0
2019-07-17,sh.600388,11.2772447800,11.3164359000,11.1792669800,11.2478514400,11.2674470000,2012162,23099773.0000,2,0.188220,1,-0.173917,0
2019-07-18,sh.600388,11.2184581000,11.2282558800,11.0714914000,11.1106825200,11.2478514400,2007067,22798223.0000,2,0.187743,1,-1.219507,0
2019-07-19,sh.600388,11.1498736400,11.3654248000,11.1106825200,11.3262336800,11.1106825200,3510145,40323364.0000,2,0.328342,1,1.940038,0
2019-07-22,sh.600388,11.3360314600,11.8357182400,11.3360314600,11.6299648600,11.3262336800,11333616,134710565.0000,2,1.060158,1,2.681656,0
2019-07-23,sh.600388,11.6299648600,11.7573360000,11.4829981600,11.7279426600,11.6299648600,5951070,70708318.0000,2,0.556669,1,0.842463,0
2019-07-24,sh.600388,11.7769315600,12.1394494200,11.6887515400,12.1100560800,11.7279426600,11616104,141963877.0000,2,1.086582,1,3.258140,0
2019-07-25,sh.600388,12.0512694000,12.5803495200,11.9141004800,12.4235850400,12.1100560800,17584734,221802847.0000,2,1.644894,1,2.589002,0
2019-07-26,sh.600388,12.4627761600,12.4921695000,12.2766183400,12.3452028000,12.4235850400,8086659,102001816.0000,2,0.756400,1,-0.630900,0
2019-07-29,sh.600388,12.3550005800,12.4921695000,12.1394494200,12.2080338800,12.3452028000,7066520,88263562.0000,2,0.661009,1,-1.111114,0
2019-07-30,sh.600388,12.3060116800,12.3745961400,12.1394494200,12.1884383200,12.2080338800,5800616,72508853.0000,2,0.542600,1,-0.160500,0
2019-07-31,sh.600388,12.1002583000,12.1786405400,12.0512694000,12.0904605200,12.1884383200,5899966,72841401.0000,2,0.551900,1,-0.803900,0
2019-08-01,sh.600388,12.0512694000,12.1786405400,11.9532916000,12.0022805000,12.0904605200,4620465,56679607.0000,2,0.432200,1,-0.729300,0
2019-08-02,sh.600388,11.8847071400,11.9043027000,11.4634026000,11.5613804000,12.0022805000,9477877,112044268.0000,2,0.886600,1,-3.673500,0
2019-08-05,sh.600388,11.6397626400,11.7083471000,11.1204803000,11.1302780800,11.5613804000,7703070,88740747.0000,2,0.720600,1,-3.728800,0
2019-08-06,sh.600388,11.0714914000,11.0714914000,10.3954445800,10.8167491200,11.1302780800,9082678,99414106.0000,2,0.849600,1,-2.816900,0
2019-08-07,sh.600388,10.9833113800,11.0225025000,10.5228157200,10.6795802000,10.8167491200,8453940,91788182.0000,2,0.790800,1,-1.268100,0
2019-08-08,sh.600388,10.6697824200,10.7187713200,10.4640290400,10.5032201600,10.6795802000,8060544,86587404.0000,2,0.754000,1,-1.651400,0
2019-08-09,sh.600388,10.6109957400,10.6109957400,10.2876690000,10.3562534600,10.5032201600,7425886,78775929.0000,2,0.694600,1,-1.399300,0
2019-08-12,sh.600388,10.3464556800,10.4052423600,10.0721178400,10.2680734400,10.3562534600,7667280,79450469.0000,2,0.717200,1,-0.851500,0
2019-08-13,sh.600388,10.1505000800,10.4150401400,10.1015111800,10.2680734400,10.2680734400,4854384,50766230.0000,2,0.454100,1,0.000000,0
2019-08-14,sh.600388,10.3366579000,10.4444334800,10.2680734400,10.2778712200,10.2680734400,3944285,41724944.0000,2,0.369000,1,0.095400,0
2019-08-15,sh.600388,10.0917134000,10.3660512400,10.0231289400,10.3072645600,10.2778712200,2503323,26062271.0000,2,0.234200,1,0.286000,0
2019-08-16,sh.600388,10.2680734400,10.4052423600,10.1994889800,10.4052423600,10.3072645600,3147285,33140050.0000,2,0.294400,1,0.950600,0
2019-08-19,sh.600388,10.6795802000,10.6795802000,10.3954445800,10.6011979600,10.4052423600,5609593,60329280.0000,2,0.524700,1,1.883200,0
2019-08-20,sh.600388,10.6207935200,10.6207935200,10.5424112800,10.5620068400,10.6011979600,3713696,40110568.0000,2,0.347400,1,-0.369700,0
2019-08-21,sh.600388,10.5620068400,10.6109957400,10.4836246000,10.5620068400,10.5620068400,3466000,37249648.0000,2,0.324200,1,0.000000,0
2019-08-22,sh.600388,10.5816024000,10.6109957400,10.4346357000,10.5130179400,10.5620068400,4470951,48066654.0000,2,0.418200,1,-0.463800,0
2019-08-23,sh.600388,10.5130179400,10.5620068400,10.2876690000,10.4248379200,10.5130179400,5014947,53319174.0000,2,0.469100,1,-0.838800,0
2019-08-26,sh.600388,10.2582756600,10.2778712200,10.1407023000,10.1798934200,10.4248379200,4295439,44765735.0000,2,0.401800,1,-2.349600,0
2019-08-27,sh.600388,10.2680734400,10.5326135000,10.2092867600,10.4738268200,10.1798934200,5711650,60881024.0000,2,0.534300,1,2.887400,0
2019-08-28,sh.600388,10.4052423600,10.5228157200,10.3758490200,10.4444334800,10.4738268200,2831285,30188203.0000,2,0.264800,1,-0.280600,0
2019-08-29,sh.600388,10.4346357000,10.5130179400,10.3562534600,10.4836246000,10.4444334800,3398432,36222435.0000,2,0.317900,1,0.375200,0
2019-08-30,sh.600388,10.4640290400,10.5424112800,10.2778712200,10.3954445800,10.4836246000,4441201,47250686.0000,2,0.415400,1,-0.841100,0
2019-09-02,sh.600388,10.3856468000,10.5620068400,10.2386801000,10.5032201600,10.3954445800,5424970,57948262.0000,2,0.507500,1,1.036800,0
2019-09-03,sh.600388,10.5130179400,10.5522090600,10.4444334800,10.5424112800,10.5032201600,3716524,39812082.0000,2,0.347600,1,0.373100,0
2019-09-04,sh.600388,10.5424112800,10.6109957400,10.4738268200,10.6011979600,10.5424112800,4649106,50023317.0000,2,0.434900,1,0.557600,0
2019-09-05,sh.600388,10.5914001800,10.8461424600,10.5914001800,10.7089735400,10.6011979600,8109770,88908428.0000,2,0.758600,1,1.016600,0
2019-09-06,sh.600388,10.7089735400,10.7971535600,10.6501868600,10.7579624400,10.7089735400,4969994,54349527.0000,2,0.464900,1,0.457400,0
2019-09-09,sh.600388,10.8265469000,10.8657380200,10.6893779800,10.7775580000,10.7579624400,7972819,87442711.0000,2,0.745800,1,0.182200,0
2019-09-10,sh.600388,10.7775580000,10.7775580000,10.6599846400,10.6991757600,10.7775580000,6387075,69759852.0000,2,0.597500,1,-0.727300,0
2019-09-11,sh.600388,10.7481646600,10.7775580000,10.5914001800,10.6305913000,10.6991757600,6045730,65887163.0000,2,0.565500,1,-0.641000,0
2019-09-12,sh.600388,10.6599846400,10.7285691000,10.6305913000,10.6893779800,10.6305913000,4465778,48715240.0000,2,0.417700,1,0.553000,0
2019-09-16,sh.600388,10.7677602200,10.7677602200,10.5914001800,10.6207935200,10.6893779800,4701642,51174504.0000,2,0.439800,1,-0.641600,0
2019-09-17,sh.600388,10.5914001800,10.6697824200,10.3464556800,10.4052423600,10.6207935200,5148747,55065825.0000,2,0.481600,1,-2.029500,0
2019-09-18,sh.600388,10.3954445800,10.5032201600,10.3464556800,10.3660512400,10.4052423600,4167161,44261041.0000,2,0.389800,1,-0.376600,0
2019-09-19,sh.600388,10.4150401400,10.4738268200,10.3072645600,10.4640290400,10.3660512400,4494123,47691772.0000,2,0.420400,1,0.945200,0
2019-09-20,sh.600388,10.5130179400,10.5228157200,10.3758490200,10.4346357000,10.4640290400,4911749,52317168.0000,2,0.459400,1,-0.280900,0
2019-09-23,sh.600388,10.4346357000,10.4542312600,10.2680734400,10.3464556800,10.4346357000,4105738,43270343.0000,2,0.384100,1,-0.845100,0
2019-09-24,sh.600388,10.3464556800,10.4150401400,10.2386801000,10.2582756600,10.3464556800,5488859,57851626.0000,2,0.513400,1,-0.852300,0
2019-09-25,sh.600388,10.2876690000,10.2876690000,10.0231289400,10.0329267200,10.2582756600,5372210,55483003.0000,2,0.502500,1,-2.196800,0
2019-09-26,sh.600388,10.0917134000,10.1309045200,9.4646554800,9.7193977600,10.0329267200,11441411,113791586.0000,2,1.070200,1,-3.125000,0
2019-09-27,sh.600388,9.7095999800,9.7487911000,9.6214199600,9.7095999800,9.7193977600,5871397,58014365.0000,2,0.549200,1,-0.100800,0
2019-09-30,sh.600388,9.7193977600,9.7291955400,9.5430377200,9.7291955400,9.7095999800,5429851,53322930.0000,2,0.507900,1,0.201800,0
2019-10-08,sh.600388,9.7585888800,10.2190845400,9.7389933200,10.0721178400,9.7291955400,10213220,104742213.0000,2,0.955400,1,3.524700,0
2019-10-09,sh.600388,10.0035333800,10.1309045200,9.9153533600,9.9741400400,10.0721178400,5097969,51953157.0000,2,0.476900,1,-0.972800,0
2019-10-10,sh.600388,9.9937356000,10.0917134000,9.9545444800,10.0427245000,9.9741400400,3555940,36403594.0000,2,0.332600,1,0.687600,0
2019-10-11,sh.600388,10.0917134000,10.2190845400,10.0035333800,10.1113089600,10.0427245000,4553037,46968436.0000,2,0.425900,1,0.682900,0
2019-10-14,sh.600388,10.1407023000,10.2680734400,10.1113089600,10.1994889800,10.1113089600,6040504,62867197.0000,2,0.565000,1,0.872100,0
2019-10-15,sh.600388,10.1798934200,10.1798934200,10.0427245000,10.0819156200,10.1994889800,4495247,46252134.0000,2,0.420500,1,-1.152700,0
2019-10-16,sh.600388,10.0525222800,10.1700956400,9.9839378200,10.0035333800,10.0819156200,3615627,37136876.0000,2,0.338200,1,-0.777500,0
2019-10-17,sh.600388,9.9741400400,10.0623200600,9.8565666800,9.9153533600,10.0035333800,3176153,32267465.0000,2,0.297100,1,-0.881500,0
2019-10-18,sh.600388,9.8957578000,10.0427245000,9.7683866600,9.8075777800,9.9153533600,3650703,36879972.0000,2,0.341500,1,-1.087000,0
2019-10-21,sh.600388,9.7095999800,9.8075777800,9.5724310600,9.7585888800,9.8075777800,4283349,42349264.0000,2,0.400700,1,-0.499500,0
2019-10-22,sh.600388,9.7095999800,9.9447467000,9.7095999800,9.9349489200,9.7585888800,4243575,42755335.0000,2,0.396900,1,1.807200,0
2019-10-23,sh.600388,9.9349489200,10.0427245000,9.8271733400,9.8467689000,9.9349489200,2518641,25505024.0000,2,0.235600,1,-0.887600,0
2019-10-24,sh.600388,9.8467689000,9.9447467000,9.7879822200,9.8761622400,9.8467689000,3117950,31381406.0000,2,0.291700,1,0.298500,0
2019-10-25,sh.600388,9.9055555800,9.9153533600,9.7487911000,9.8957578000,9.8761622400,2766217,27851695.0000,2,0.258800,1,0.198400,0
2019-10-28,sh.600388,9.8271733400,9.9643422600,9.7977800000,9.9153533600,9.8957578000,5541810,55947099.0000,2,0.518400,1,0.198000,0
2019-10-29,sh.600388,9.9251511400,9.9447467000,9.7683866600,9.7977800000,9.9153533600,3098183,31160746.0000,2,0.289800,1,-1.185800,0
2019-10-30,sh.600388,9.8859600200,9.8859600200,9.7487911000,9.7879822200,9.7977800000,4912822,49126831.0000,2,0.459600,1,-0.100000,0
2019-10-31,sh.600388,9.8369711200,9.8369711200,9.5430377200,9.7977800000,9.7879822200,4831437,47663383.0000,2,0.451900,1,0.100100,0
2019-11-01,sh.600388,9.5822288400,9.7193977600,9.5528355000,9.6410155200,9.7977800000,6614740,65049611.0000,2,0.618700,1,-1.600000,0
2019-11-04,sh.600388,9.6802066400,9.6998022000,9.5724310600,9.6410155200,9.6410155200,5374895,52716837.0000,2,0.502800,1,0.000000,0
2019-11-05,sh.600388,9.6312177400,9.6802066400,9.5822288400,9.6214199600,9.6410155200,4824950,47462132.0000,2,0.451300,1,-0.203300,0
2019-11-06,sh.600388,9.6214199600,9.6704088600,9.4940488200,9.5332399400,9.6214199600,4672727,45673197.0000,2,0.437100,1,-0.916500,0
2019-11-07,sh.600388,9.5332399400,9.6606110800,9.4940488200,9.6410155200,9.5332399400,3670988,35983458.0000,2,0.343400,1,1.130500,0
2019-11-08,sh.600388,9.6704088600,9.6998022000,9.5332399400,9.5528355000,9.6410155200,4438270,43506598.0000,2,0.415200,1,-0.914600,0
2019-11-11,sh.600388,9.4842510400,9.5430377200,9.2197109800,9.2393065400,9.5528355000,6490525,61905613.0000,2,0.607100,1,-3.282000,0
2019-11-12,sh.600388,9.2393065400,9.2589021000,8.9649687000,9.0923398400,9.2393065400,5928525,54809731.0000,2,0.554600,1,-1.590700,0
2019-11-13,sh.600388,9.0629465000,9.0629465000,8.9159798000,8.9649687000,9.0923398400,5318866,48661498.0000,2,0.497500,1,-1.400900,0
2019-11-14,sh.600388,8.9845642600,9.0923398400,8.9257775800,9.0629465000,8.9649687000,4080060,37540251.0000,2,0.381700,1,1.092900,0
2019-11-15,sh.600388,9.0629465000,9.1119354000,9.0237553800,9.0433509400,9.0629465000,2609746,24181043.0000,2,0.244100,1,-0.216200,0
2019-11-18,sh.600388,9.0433509400,9.1021376200,8.9649687000,9.0727442800,9.0433509400,2328008,21504808.0000,2,0.217800,1,0.325000,0
2019-11-19,sh.600388,9.1119354000,9.2001154200,9.0727442800,9.1903176400,9.0727442800,3086934,28867821.0000,2,0.288800,1,1.295900,0
2019-11-20,sh.600388,9.1903176400,9.2001154200,9.1119354000,9.1217331800,9.1903176400,2383729,22283372.0000,2,0.223000,1,-0.746300,0
2019-11-21,sh.600388,9.1021376200,9.1805198600,9.0629465000,9.1609243000,9.1217331800,2191887,20453764.0000,2,0.205000,1,0.429600,0
2019-11-22,sh.600388,9.1315309600,9.3078910000,9.1119354000,9.1707220800,9.1609243000,3259999,30598808.0000,2,0.304900,1,0.106900,0
2019-11-25,sh.600388,9.1903176400,9.2980932200,9.1413287400,9.2686998800,9.1707220800,3377228,31876750.0000,2,0.315900,1,1.068400,0
2019-11-26,sh.600388,9.2491043200,9.3274865600,9.2295087600,9.2686998800,9.2686998800,2306400,21850703.0000,2,0.215700,1,0.000000,0
2019-11-27,sh.600388,9.2784976600,9.3764754600,9.2393065400,9.3470821200,9.2686998800,2925879,27861657.0000,2,0.273700,1,0.845700,0
2019-11-28,sh.600388,9.2980932200,9.4352621400,9.2980932200,9.4254643600,9.3470821200,3919316,37518726.0000,2,0.366600,1,0.838600,0
2019-11-29,sh.600388,9.4352621400,9.6900044200,9.3568799000,9.5626332800,9.4254643600,6323263,61482224.0000,2,0.591500,1,1.455300,0
2019-12-02,sh.600388,9.4646554800,9.5136443800,9.3176887800,9.3764754600,9.5626332800,4619148,44226533.0000,2,0.432100,1,-1.946700,0
2019-12-03,sh.600388,9.3078910000,9.3666776800,9.2589021000,9.3274865600,9.3764754600,3010783,28586327.0000,2,0.281600,1,-0.522500,0
2019-12-04,sh.600388,9.2686998800,9.4058688000,9.2589021000,9.3960710200,9.3274865600,2344199,22437580.0000,2,0.219300,1,0.735300,0
2019-12-05,sh.600388,9.3666776800,9.4548577000,9.3274865600,9.4254643600,9.3960710200,2624142,25207636.0000,2,0.245500,1,0.312800,0
2019-12-06,sh.600388,9.4254643600,9.5332399400,9.3862732400,9.4450599200,9.4254643600,2735223,26335307.0000,2,0.255900,1,0.207900,0
2019-12-09,sh.600388,9.4548577000,9.5234421600,9.4058688000,9.4646554800,9.4450599200,2587318,25000903.0000,2,0.242000,1,0.207500,0
2019-12-10,sh.600388,9.5136443800,9.5234421600,9.3764754600,9.4450599200,9.4646554800,2410081,23207819.0000,2,0.225400,1,-0.207000,0
2019-12-11,sh.600388,9.4548577000,9.4842510400,9.3764754600,9.3862732400,9.4450599200,2185103,20974102.0000,2,0.204400,1,-0.622400,0
2019-12-12,sh.600388,9.4058688000,9.4156665800,9.3372843400,9.3568799000,9.3862732400,1798103,17197631.0000,2,0.168200,1,-0.313100,0
2019-12-13,sh.600388,9.3568799000,9.4842510400,9.3568799000,9.4744532600,9.3568799000,4156413,40038469.0000,2,0.388800,1,1.256500,0
2019-12-16,sh.600388,9.4842510400,9.5920266200,9.4156665800,9.5822288400,9.4744532600,5635054,54628199.0000,2,0.527100,1,1.137500,0
2019-12-17,sh.600388,9.5528355000,9.7487911000,9.5430377200,9.6802066400,9.5822288400,5750590,56722362.0000,2,0.537900,1,1.022500,0
2019-12-18,sh.600388,9.7389933200,9.7389933200,9.6312177400,9.6508133000,9.6802066400,4158147,41036753.0000,2,0.389000,1,-0.303600,0
2019-12-19,sh.600388,9.6312177400,9.6900044200,9.6116221800,9.6312177400,9.6508133000,3652042,35929788.0000,2,0.341600,1,-0.203100,0
2019-12-20,sh.600388,9.6606110800,9.7291955400,9.6116221800,9.6508133000,9.6312177400,4463367,44079369.0000,2,0.417500,1,0.203500,0
2019-12-23,sh.600388,9.6214199600,9.6508133000,9.3274865600,9.3372843400,9.6508133000,5555795,53655023.0000,2,0.519700,1,-3.248700,0
2019-12-24,sh.600388,9.3372843400,9.4450599200,9.3372843400,9.4058688000,9.3372843400,3126667,29991909.0000,2,0.292500,1,0.734500,0
2019-12-25,sh.600388,9.4156665800,9.4548577000,9.3666776800,9.4254643600,9.4058688000,2787500,26780306.0000,2,0.260700,1,0.208300,0
2019-12-26,sh.600388,9.4058688000,9.4254643600,9.2784976600,9.3274865600,9.4254643600,5476786,52079918.0000,2,0.512300,1,-1.039500,0
2019-12-27,sh.600388,9.3372843400,9.4646554800,9.3078910000,9.3960710200,9.3274865600,5200920,49845231.0000,2,0.486500,1,0.735300,0
2019-12-30,sh.600388,9.4548577000,9.5038466000,9.3764754600,9.5038466000,9.3960710200,4949550,47737478.0000,2,0.463000,1,1.147000,0
2019-12-31,sh.600388,9.4940488200,9.5724310600,9.4646554800,9.5528355000,9.5038466000,3286452,31968428.0000,2,0.307400,1,0.515500,0
2020-01-02,sh.600388,9.5920266200,9.7389933200,9.5626332800,9.7095999800,9.5528355000,7044303,69642892.0000,2,0.658900,1,1.641000,0
2020-01-03,sh.600388,9.7095999800,9.9055555800,9.6998022000,9.8369711200,9.7095999800,8624639,86498516.0000,2,0.806800,1,1.311800,0
2020-01-06,sh.600388,9.7781844400,9.9349489200,9.7193977600,9.7977800000,9.8369711200,7820543,78464060.0000,2,0.731500,1,-0.398400,0
2020-01-07,sh.600388,9.8173755600,9.9643422600,9.8173755600,9.9447467000,9.7977800000,6459675,65299292.0000,2,0.604200,1,1.500000,0
2020-01-08,sh.600388,9.9643422600,9.9643422600,9.7879822200,9.8467689000,9.9447467000,7005878,70530107.0000,2,0.655300,1,-0.985200,0
2020-01-09,sh.600388,9.8957578000,9.9741400400,9.8565666800,9.9251511400,9.8467689000,4450872,45022045.0000,2,0.416300,1,0.796000,0
2020-01-10,sh.600388,9.9153533600,9.9643422600,9.8173755600,9.8467689000,9.9251511400,4317928,43453298.0000,2,0.403900,1,-0.789700,0
2020-01-13,sh.600388,9.8663644600,9.9349489200,9.7585888800,9.9153533600,9.8467689000,4791846,48197520.0000,2,0.448200,1,0.696500,0
2020-01-14,sh.600388,9.9741400400,10.5032201600,9.9741400400,10.3366579000,9.9153533600,17509934,183923077.0000,2,1.637900,1,4.249000,0
2020-01-15,sh.600388,10.2876690000,10.3366579000,10.1113089600,10.1505000800,10.3366579000,8941805,92870177.0000,2,0.836400,1,-1.801000,0
2020-01-16,sh.600388,10.1505000800,10.3072645600,9.9839378200,10.2974667800,10.1505000800,10080522,103918797.0000,2,0.942900,1,1.447900,0
2020-01-17,sh.600388,10.1994889800,10.2484778800,10.0329267200,10.0623200600,10.2974667800,7741613,79844827.0000,2,0.724200,1,-2.283500,0
2020-01-20,sh.600388,10.0623200600,10.1407023000,9.9643422600,10.0917134000,10.0623200600,5013378,51447788.0000,2,0.469000,1,0.292100,0
2020-01-21,sh.600388,10.0819156200,10.0917134000,9.8467689000,9.8467689000,10.0917134000,5851910,59277003.0000,2,0.547400,1,-2.427200,0
2020-01-22,sh.600388,9.8075777800,9.9349489200,9.6704088600,9.8663644600,9.8467689000,5670352,56811525.0000,2,0.530400,1,0.199000,0
2020-01-23,sh.600388,9.8663644600,9.8663644600,9.4058688000,9.4842510400,9.8663644600,7587572,74537981.0000,2,0.709700,1,-3.872900,0
2020-02-03,sh.600388,8.5338663800,9.4940488200,8.5338663800,9.1609243000,9.4842510400,14739117,131445955.0000,2,1.378700,1,-3.409100,0
2020-02-04,sh.600388,9.0629465000,9.2686998800,8.9943620400,9.2001154200,9.1609243000,9249314,86221614.0000,2,0.865200,1,0.427800,0
2020-02-05,sh.600388,9.1609243000,9.4352621400,9.0139576000,9.1805198600,9.2001154200,8984023,84562622.0000,2,0.840400,1,-0.213000,0
2020-02-06,sh.600388,9.2099132000,9.7193977600,9.0531487200,9.6998022000,9.1805198600,16648792,158969604.0000,2,1.557300,1,5.656300,0
2020-02-07,sh.600388,9.6998022000,10.6697824200,9.4744532600,10.4836246000,9.6998022000,26729192,274299785.0000,2,2.500300,1,8.080800,0
2020-02-10,sh.600388,10.5326135000,10.5914001800,10.0917134000,10.2092867600,10.4836246000,21956847,231210783.0000,2,2.053900,1,-2.616800,0
2020-02-11,sh.600388,10.2386801000,10.2386801000,9.9251511400,10.0623200600,10.2092867600,11065236,113259925.0000,2,1.035100,1,-1.439500,0
2020-02-12,sh.600388,10.0231289400,10.1015111800,9.9447467000,10.0623200600,10.0623200600,9236541,94595803.0000,2,0.864000,1,0.000000,0
2020-02-13,sh.600388,10.0427245000,10.1798934200,9.8957578000,10.0721178400,10.0623200600,9461896,96685991.0000,2,0.885100,1,0.097400,0
2020-02-14,sh.600388,10.0133311600,10.0819156200,9.9055555800,9.9251511400,10.0721178400,6316752,64314304.0000,2,0.590900,1,-1.459100,0
2020-02-17,sh.600388,9.9349489200,10.3954445800,9.9349489200,10.3464556800,9.9251511400,21216262,221928304.0000,2,1.984600,1,4.244800,0
2020-02-18,sh.600388,10.4052423600,10.7873557800,10.4052423600,10.6893779800,10.3464556800,25011459,271037255.0000,2,2.339600,1,3.314400,0
2020-02-19,sh.600388,10.7775580000,11.1302780800,10.4836246000,11.1302780800,10.6893779800,28105461,309025974.0000,2,2.629000,1,4.124700,0
2020-02-20,sh.600388,11.0910869600,11.3164359000,10.8363446800,11.2184581000,11.1302780800,25473355,287682825.0000,2,2.382800,1,0.792300,0
2020-02-21,sh.600388,11.1008847400,11.2478514400,10.9343224800,10.9539180400,11.2184581000,14103090,159244160.0000,2,1.319200,1,-2.358100,0
2020-02-24,sh.600388,10.9343224800,11.0812891800,10.6893779800,11.0518958400,10.9539180400,18845038,208261242.0000,2,1.762800,1,0.894400,0
2020-02-25,sh.600388,10.7873557800,10.9147269200,10.5326135000,10.7383668800,11.0518958400,13851595,151931606.0000,2,1.295700,1,-2.836900,0
2020-02-26,sh.600388,10.6795802000,10.8657380200,10.5620068400,10.6011979600,10.7383668800,12235464,133896548.0000,2,1.144500,1,-1.277400,0
2020-02-27,sh.600388,10.6795802000,10.8657380200,10.6697824200,10.7089735400,10.6011979600,10337751,113379720.0000,2,0.967000,1,1.016600,0
2020-02-28,sh.600388,10.4738268200,10.5914001800,10.0623200600,10.0819156200,10.7089735400,11504001,121449702.0000,2,1.076100,1,-5.855400,0
2020-03-02,sh.600388,10.1505000800,10.6599846400,10.1211067400,10.5620068400,10.0819156200,12537442,134100487.0000,2,1.172800,1,4.761900,0
2020-03-03,sh.600388,10.7481646600,10.8265469000,10.5522090600,10.7775580000,10.5620068400,13723397,149743830.0000,2,1.283700,1,2.040800,0
2020-03-04,sh.600388,11.1596714200,11.5515826200,11.0518958400,11.1792669800,10.7775580000,29184059,334834413.0000,2,2.729900,1,3.727300,0
2020-03-05,sh.600388,11.2086603200,11.5123915000,11.1008847400,11.3654248000,11.1792669800,21911407,253399102.0000,2,2.049600,1,1.665200,0
2020-03-06,sh.600388,11.1694692000,11.3066381200,10.9833113800,11.1302780800,11.3654248000,12202533,138664410.0000,2,1.141400,1,-2.069000,0
2020-03-09,sh.600388,10.9343224800,11.2282558800,10.8559402400,10.9049291400,11.1302780800,11266389,126766927.0000,2,1.053900,1,-2.024600,0
2020-03-10,sh.600388,10.8755358000,11.1400758600,10.6011979600,11.0127047200,10.9049291400,22996974,256183328.0000,2,2.151200,1,0.988300,0
2020-03-11,sh.600388,11.0420980600,11.1596714200,10.7971535600,10.8069513400,11.0127047200,11161356,125026318.0000,2,1.044000,1,-1.868300,0
2020-03-12,sh.600388,10.6599846400,10.7481646600,10.4836246000,10.5914001800,10.8069513400,9176884,99126128.0000,2,0.858400,1,-1.994600,0
2020-03-13,sh.600388,10.0917134000,10.6795802000,9.9937356000,10.6795802000,10.5914001800,17743920,185636506.0000,2,1.659800,1,0.832600,0
2020-03-16,sh.600388,10.4738268200,10.4738268200,10.0917134000,10.0917134000,10.6795802000,10003885,105027668.0000,2,0.935800,1,-5.504600,0
2020-03-17,sh.600388,10.1700956400,10.2386801000,9.9447467000,10.0819156200,10.0917134000,9208533,94741909.0000,2,0.861400,1,-0.097100,0
2020-03-18,sh.600388,10.1407023000,10.2288823200,9.7585888800,9.7781844400,10.0819156200,8418018,86282007.0000,2,0.787400,1,-3.012600,0
2020-03-19,sh.600388,9.8075777800,9.9055555800,9.3372843400,9.4058688000,9.7781844400,17896027,173217498.0000,2,1.674000,1,-3.807600,0
2020-03-20,sh.600388,9.8075777800,9.8859600200,9.6606110800,9.8271733400,9.4058688000,20429971,203687709.0000,2,1.911000,1,4.479200,0
2020-03-23,sh.600388,9.6018244000,9.6900044200,9.4254643600,9.4842510400,9.8271733400,16325001,159121054.0000,2,1.527100,1,-3.489500,0
2020-03-24,sh.600388,9.3568799000,9.4156665800,8.8473953400,9.0923398400,9.4842510400,26257366,243610174.0000,2,2.456100,1,-4.132200,0
2020-03-25,sh.600388,9.2099132000,9.3176887800,9.1315309600,9.2197109800,9.0923398400,11351383,106752399.0000,2,1.061800,1,1.400900,0
2020-03-26,sh.600388,9.2001154200,9.2686998800,9.0825420600,9.1511265200,9.2197109800,7884981,73846339.0000,2,0.737600,1,-0.743900,0
2020-03-27,sh.600388,9.2295087600,9.2589021000,9.1119354000,9.1413287400,9.1511265200,6124606,57390177.0000,2,0.572900,1,-0.107100,0
2020-03-30,sh.600388,9.1119354000,9.1119354000,8.8375975600,8.8865864600,9.1413287400,6421396,58474403.0000,2,0.600700,1,-2.786700,0
2020-03-31,sh.600388,8.9845642600,9.0531487200,8.8180020000,8.8669909000,8.8865864600,7323150,66749607.0000,2,0.685000,1,-0.220500,0
2020-04-01,sh.600388,8.8963842400,8.9257775800,8.1125618400,8.7984064400,8.8669909000,37878936,331018954.0000,2,3.543200,1,-0.773500,0
2020-04-02,sh.600388,8.4652819200,8.7788108800,8.3477085600,8.7690131000,8.7984064400,23079505,201630161.0000,2,2.158900,1,-0.334100,0
2020-04-03,sh.600388,8.6906308600,8.9061820200,8.6318441800,8.8375975600,8.7690131000,14561107,130198019.0000,2,1.362100,1,0.782100,0
2020-04-07,sh.600388,8.9159798000,9.1217331800,8.9159798000,9.0335531600,8.8375975600,9999166,92251639.0000,2,0.935300,1,2.217300,0
2020-04-08,sh.600388,9.0335531600,9.0335531600,8.9355753600,8.9551709200,9.0335531600,6367185,58349351.0000,2,0.595600,1,-0.867700,0
2020-04-09,sh.600388,9.0531487200,9.0825420600,8.9551709200,8.9845642600,8.9551709200,6598673,60695448.0000,2,0.617200,1,0.328200,0
2020-04-10,sh.600388,9.0041598200,9.0139576000,8.8180020000,8.8277997800,8.9845642600,6709962,60992682.0000,2,0.627700,1,-1.744800,0
2020-04-13,sh.600388,8.8180020000,8.8571931200,8.6710353000,8.8277997800,8.8277997800,4702601,42149873.0000,2,0.439900,1,0.000000,0
2020-04-14,sh.600388,8.8473953400,8.9551709200,8.8082042200,8.9355753600,8.8277997800,4372010,39599022.0000,2,0.409000,1,1.220900,0
2020-04-15,sh.600388,8.9845642600,8.9943620400,8.8180020000,8.8571931200,8.9355753600,5573755,50560943.0000,2,0.521400,1,-0.877200,0
2020-04-16,sh.600388,8.8180020000,8.9061820200,8.7886086600,8.8865864600,8.8571931200,3935858,35647423.0000,2,0.368200,1,0.331900,0
2020-04-17,sh.600388,8.9159798000,8.9943620400,8.8277997800,8.8865864600,8.8865864600,6725877,61153643.0000,2,0.629100,1,0.000000,0
2020-04-20,sh.600388,8.8865864600,8.9257775800,8.8277997800,8.8669909000,8.8865864600,7476764,67694772.0000,2,0.699400,1,-0.220500,0
2020-04-21,sh.600388,8.8669909000,8.8669909000,8.6612375200,8.7396197600,8.8669909000,6876276,61320035.0000,2,0.643200,1,-1.436500,0
2020-04-22,sh.600388,8.6612375200,8.8767886800,8.6612375200,8.8375975600,8.7396197600,6206553,55718867.0000,2,0.580600,1,1.121100,0
2020-04-23,sh.600388,8.9061820200,9.2882954400,8.8669909000,9.1413287400,8.8375975600,20422799,190359378.0000,2,1.910400,1,3.436800,0
2020-04-24,sh.600388,9.1315309600,9.1903176400,8.9355753600,8.9649687000,9.1413287400,7303161,67192889.0000,2,0.683100,1,-1.929300,0
2020-04-27,sh.600388,8.9747664800,9.0629465000,8.7690131000,8.7690131000,8.9649687000,7449857,67685579.0000,2,0.696900,1,-2.185800,0
2020-04-28,sh.600388,8.7984064400,8.8277997800,8.3966974600,8.5828552800,8.7690131000,8642497,75902178.0000,2,0.808400,1,-2.122900,0
2020-04-29,sh.600388,8.5632597200,8.6710353000,8.4750797000,8.5632597200,8.5828552800,6759151,59113429.0000,2,0.632300,1,-0.228300,0
2020-04-30,sh.600388,8.6024508400,8.7984064400,8.6024508400,8.7788108800,8.5632597200,6373260,56858557.0000,2,0.596200,1,2.517200,0
2020-05-06,sh.600388,8.6710353000,8.8669909000,8.6710353000,8.8669909000,8.7788108800,6551154,58911661.0000,2,0.612800,1,1.004500,0
2020-05-07,sh.600388,8.8669909000,8.8963842400,8.7690131000,8.8082042200,8.8669909000,4482852,40286000.0000,2,0.419300,1,-0.663000,0
2020-05-08,sh.600388,8.8375975600,8.9551709200,8.8375975600,8.9257775800,8.8082042200,6939294,63130533.0000,2,0.649100,1,1.334800,0
2020-05-11,sh.600388,8.9845642600,9.0139576000,8.8865864600,8.9453731400,8.9257775800,6332191,57822961.0000,2,0.592300,1,0.219500,0
2020-05-12,sh.600388,8.9943620400,9.0433509400,8.7690131000,8.8375975600,8.9453731400,6744320,61250982.0000,2,0.630900,1,-1.204800,0
2020-05-13,sh.600388,8.8473953400,8.8571931200,8.7102264200,8.7396197600,8.8375975600,6952032,62052728.0000,2,0.650300,1,-1.108700,0
2020-05-14,sh.600388,8.7200242000,8.7396197600,8.6122486200,8.6122486200,8.7396197600,6391251,56475580.0000,2,0.597800,1,-1.457400,0
2020-05-15,sh.600388,8.6318441800,8.7102264200,8.5926530600,8.6416419600,8.6122486200,6261179,55224465.0000,2,0.585700,1,0.341300,0
2020-05-18,sh.600388,8.6122486200,8.6808330800,8.5828552800,8.6220464000,8.6416419600,5380998,47317419.0000,2,0.503300,1,-0.226800,0
2020-05-19,sh.600388,8.6318441800,8.6906308600,8.5730575000,8.6416419600,8.6220464000,6084722,53664226.0000,2,0.569200,1,0.227300,0
2020-05-20,sh.600388,8.6514397400,8.6514397400,8.5142708200,8.5338663800,8.6416419600,5605800,49106587.0000,2,0.524400,1,-1.247200,0
2020-05-21,sh.600388,8.5534619400,8.5828552800,8.3575063400,8.3771019000,8.5338663800,6651835,57261932.0000,2,0.622200,1,-1.837000,0
2020-05-22,sh.600388,8.3771019000,8.4260908000,8.2595285400,8.2987196600,8.3771019000,4929873,41928398.0000,2,0.461100,1,-0.935700,0
2020-05-25,sh.600388,8.2987196600,8.3477085600,8.2693263200,8.2987196600,8.2987196600,2781546,23557901.0000,2,0.260200,1,0.000000,0
2020-05-26,sh.600388,8.3379107800,8.4162930200,8.3281130000,8.4064952400,8.2987196600,2918653,24969086.0000,2,0.273000,1,1.298700,0
2020-05-27,sh.600388,8.3771019000,8.4456863600,8.3379107800,8.3575063400,8.4064952400,2603200,22275133.0000,2,0.243500,1,-0.582800,0
2020-05-28,sh.600388,8.3379107800,8.6220464000,8.3183152200,8.6122486200,8.3575063400,8679400,75656809.0000,2,0.811900,1,3.048100,0
2020-05-29,sh.600388,8.6416419600,8.6808330800,8.5338663800,8.6024508400,8.6122486200,2764557,24194606.0000,2,0.258600,1,-0.113800,0
2020-06-01,sh.600388,8.6416419600,8.7102264200,8.5828552800,8.7004286400,8.6024508400,6391925,56557544.0000,2,0.597900,1,1.139000,0
2020-06-02,sh.600388,8.6906308600,8.7102264200,8.6318441800,8.6514397400,8.7004286400,3903356,34478500.0000,2,0.365100,1,-0.563100,0
2020-06-03,sh.600388,8.6906308600,8.7788108800,8.6514397400,8.6808330800,8.6514397400,5490605,48840946.0000,2,0.513600,1,0.339700,0
2020-06-04,sh.600388,8.7298219800,8.7592153200,8.6416419600,8.6808330800,8.6808330800,3577200,31748327.0000,2,0.334600,1,0.000000,0
2020-06-05,sh.600388,8.6808330800,8.6906308600,8.5534619400,8.6024508400,8.6808330800,3776110,33186306.0000,2,0.353200,1,-0.902900,0
2020-06-08,sh.600388,8.6220464000,8.6808330800,8.5926530600,8.6318441800,8.6024508400,3213465,28302212.0000,2,0.300600,1,0.341700,0
2020-06-09,sh.600388,8.6220464000,8.6318441800,8.5534619400,8.5926530600,8.6318441800,3305132,28960667.0000,2,0.309200,1,-0.454000,0
2020-06-10,sh.600388,8.6416419600,8.6416419600,8.4750797000,8.5436641600,8.5926530600,4932500,42915136.0000,2,0.461400,1,-0.570100,0
2020-06-11,sh.600388,8.5730575000,8.6612375200,8.4848774800,8.5338663800,8.5436641600,9295797,81347692.0000,2,0.869500,1,-0.114700,0
2020-06-12,sh.600388,8.4358885800,8.5926530600,8.3575063400,8.5240686000,8.5338663800,4612487,40006608.0000,2,0.431500,1,-0.114800,0
2020-06-15,sh.600388,8.5142708200,8.6514397400,8.4456863600,8.5338663800,8.5240686000,4343686,38016102.0000,2,0.406300,1,0.114900,0
2020-06-16,sh.600388,8.5436641600,8.6416419600,8.5436641600,8.6416419600,8.5338663800,3342386,29380110.0000,2,0.312700,1,1.262900,0
2020-06-17,sh.600388,8.6220464000,8.6710353000,8.6024508400,8.6612375200,8.6416419600,3353921,29541907.0000,2,0.313700,1,0.226800,0
2020-06-18,sh.600388,8.6710353000,8.6906308600,8.6220464000,8.6710353000,8.6612375200,3328535,29427921.0000,2,0.311400,1,0.113100,0
2020-06-19,sh.600388,8.6906308600,8.6906308600,8.6220464000,8.6710353000,8.6710353000,4004201,35374566.0000,2,0.374600,1,0.000000,0
2020-06-22,sh.600388,8.6612375200,8.6906308600,8.5828552800,8.5926530600,8.6710353000,4451037,39172830.0000,2,0.416400,1,-0.904000,0
2020-06-23,sh.600388,8.6220464000,8.6220464000,8.4946752600,8.5828552800,8.5926530600,8380252,73105625.0000,2,0.783900,1,-0.114000,0
2020-06-24,sh.600388,8.5926530600,8.6122486200,8.4750797000,8.5632597200,8.5828552800,6243900,54404844.0000,2,0.584100,1,-0.228300,0
2020-06-29,sh.600388,8.5338663800,8.5534619400,8.4750797000,8.5142708200,8.5632597200,3761744,32694125.0000,2,0.351900,1,-0.572100,0
2020-06-30,sh.600388,8.5436641600,8.6710353000,8.5338663800,8.6220464000,8.5142708200,4692438,41248103.0000,2,0.438900,1,1.265800,0
2020-07-01,sh.600388,8.6220464000,8.6710353000,8.5828552800,8.6612375200,8.6220464000,4494146,39649975.0000,2,0.420400,1,0.454500,0
2020-07-02,sh.600388,8.6808330800,8.8865864600,8.6318441800,8.8571931200,8.6612375200,9806454,88173894.0000,2,0.917300,1,2.262400,0
2020-07-03,sh.600388,8.8669909000,8.9453731400,8.8375975600,8.9061820200,8.8571931200,8602961,78072222.0000,2,0.804700,1,0.553100,0
2020-07-06,sh.600388,8.9453731400,9.3176887800,8.9453731400,9.2686998800,8.9061820200,15250639,143004155.0000,2,1.426600,1,4.070400,0
2020-07-07,sh.600388,9.3666776800,9.5234421600,9.1805198600,9.2197109800,9.2686998800,15206600,144272655.0000,2,1.422400,1,-0.528500,0
2020-07-08,sh.600388,9.2001154200,9.3274865600,9.1119354000,9.2980932200,9.2197109800,10917902,102886722.0000,2,1.021300,1,0.850200,0
2020-07-09,sh.600388,9.2784976600,9.5234421600,9.2589021000,9.5038466000,9.2980932200,11785303,113247401.0000,2,1.102400,1,2.212900,0
2020-07-10,sh.600388,9.5038466000,9.5822288400,9.3078910000,9.3274865600,9.5038466000,12404669,119438535.0000,2,1.160300,1,-1.855700,0
2020-07-13,sh.600388,9.3274865600,9.5626332800,9.3078910000,9.5528355000,9.3274865600,12201901,117890613.0000,2,1.141400,1,2.416000,0
2020-07-14,sh.600388,9.5724310600,9.6900044200,9.2784976600,9.4058688000,9.5528355000,14097380,136213483.0000,2,1.318700,1,-1.538500,0
2020-07-15,sh.600388,9.4842510400,9.8859600200,9.3176887800,9.6802066400,9.4058688000,21561463,211338310.0000,2,2.016900,1,2.916700,0
2020-07-16,sh.600388,9.8075777800,10.1505000800,9.6018244000,9.6900044200,9.6802066400,28499806,288514890.0000,2,2.665900,1,0.101200,0
2020-07-17,sh.600388,9.6500000000,9.9600000000,9.4600000000,9.5000000000,9.6900000000,18230964,177278580.0000,2,1.705300,1,-1.960800,0
2020-07-20,sh.600388,9.6100000000,9.7500000000,9.2800000000,9.7100000000,9.5000000000,15057800,144329322.0000,2,1.408500,1,2.210500,0
2020-07-21,sh.600388,9.6600000000,9.7400000000,9.4600000000,9.5000000000,9.7100000000,12082434,115366679.2000,2,1.130200,1,-2.162700,0
2020-07-22,sh.600388,9.4900000000,9.5900000000,9.3700000000,9.4100000000,9.5000000000,10742869,101682319.9400,2,1.004900,1,-0.947400,0
2020-07-23,sh.600388,9.3800000000,9.4300000000,9.1600000000,9.3100000000,9.4100000000,9469833,87909816.3100,2,0.885800,1,-1.062700,0
2020-07-24,sh.600388,9.3000000000,9.4500000000,9.0000000000,9.0400000000,9.3100000000,9591932,88281310.7900,2,0.897200,1,-2.900100,0
2020-07-27,sh.600388,9.0600000000,9.1200000000,8.8800000000,8.9900000000,9.0400000000,5814671,52175219.2900,2,0.543900,1,-0.553100,0
2020-07-28,sh.600388,8.9900000000,9.1000000000,8.9900000000,9.0400000000,8.9900000000,4186731,37887260.9700,2,0.391600,1,0.556200,0
2020-07-29,sh.600388,9.0300000000,9.1700000000,8.9300000000,9.1600000000,9.0400000000,6268933,56891996.2500,2,0.586400,1,1.327400,0
2020-07-30,sh.600388,9.1600000000,9.2500000000,9.0800000000,9.1200000000,9.1600000000,5148750,47028370.4800,2,0.481600,1,-0.436700,0
2020-07-31,sh.600388,9.1000000000,9.2300000000,9.0500000000,9.1600000000,9.1200000000,6373026,58244724.5400,2,0.596100,1,0.438600,0
2020-08-03,sh.600388,9.2200000000,9.3300000000,9.1700000000,9.3200000000,9.1600000000,8038782,74548291.3400,2,0.752000,1,1.746700,0
2020-08-04,sh.600388,9.3200000000,9.3400000000,9.2000000000,9.2500000000,9.3200000000,8068289,74660637.5000,2,0.754700,1,-0.751100,0
2020-08-05,sh.600388,9.2600000000,9.2600000000,9.1300000000,9.1900000000,9.2500000000,6628312,60839710.1200,2,0.620000,1,-0.648600,0
2020-08-06,sh.600388,9.1900000000,9.3300000000,9.1700000000,9.2300000000,9.1900000000,7275133,67219360.0600,2,0.680500,1,0.435300,0
2020-08-07,sh.600388,9.2300000000,9.2300000000,9.0000000000,9.0900000000,9.2300000000,6933078,63039821.2300,2,0.648500,1,-1.516800,0
2020-08-10,sh.600388,9.1000000000,9.2800000000,9.0600000000,9.2400000000,9.0900000000,6486577,59733717.3900,2,0.606800,1,1.650200,0
2020-08-11,sh.600388,9.2900000000,9.2900000000,9.0700000000,9.0900000000,9.2400000000,5779541,53132362.8200,2,0.540600,1,-1.623400,0
2020-08-12,sh.600388,9.1000000000,9.1300000000,8.9600000000,9.0900000000,9.0900000000,7057616,63753343.8900,2,0.660200,1,0.000000,0
2020-08-13,sh.600388,9.0700000000,9.1800000000,9.0600000000,9.1200000000,9.0900000000,4488364,40981538.1600,2,0.419800,1,0.330000,0
2020-08-14,sh.600388,9.1200000000,9.5700000000,9.1000000000,9.5600000000,9.1200000000,18708614,176271406.7700,2,1.750000,1,4.824600,0
2020-08-17,sh.600388,9.6900000000,10.0600000000,9.6100000000,9.9000000000,9.5600000000,24477133,241273876.1500,2,2.289600,1,3.556500,0
2020-08-18,sh.600388,9.9100000000,9.9900000000,9.7600000000,9.8500000000,9.9000000000,15233763,150126350.7500,2,1.425000,1,-0.505100,0
2020-08-19,sh.600388,9.8800000000,10.1800000000,9.7500000000,9.9200000000,9.8500000000,16459847,164160384.0700,2,1.539700,1,0.710700,0
2020-08-20,sh.600388,9.8200000000,10.3900000000,9.7600000000,10.1900000000,9.9200000000,28436331,290134714.7800,2,2.660000,1,2.721800,0
2020-08-21,sh.600388,10.2700000000,10.6000000000,10.0600000000,10.5500000000,10.1900000000,26564599,275239012.5600,2,2.484900,1,3.532900,0
2020-08-24,sh.600388,10.6000000000,10.7700000000,10.3500000000,10.5200000000,10.5500000000,16479220,173556147.5800,2,1.541500,1,-0.284400,0
